Date,Adj Close,Close,High,Low,Open,Volume
2002-07-01,1.803726315498352,2.6312499046325684,2.634999990463257,2.5662500858306885,2.5999999046325684,11400
2002-07-02,1.8902708292007446,2.757499933242798,2.793750047683716,2.6137499809265137,2.625,46640
2002-07-03,1.8996964693069458,2.771250009536743,2.856250047683716,2.7437500953674316,2.7612500190734863,53640
2002-07-04,1.9228321313858032,2.805000066757202,2.862499952316284,2.7874999046325684,2.851249933242798,23160
2002-07-05,1.963962435722351,2.865000009536743,2.887500047683716,2.799999952316284,2.8125,27840
2002-07-08,2.035083532333374,2.96875,3.0,2.875,2.9000000953674316,40680
2002-07-09,2.0119469165802,2.934999942779541,3.0012500286102295,2.875,2.9375,51120
2002-07-10,1.948539137840271,2.8424999713897705,2.9749999046325684,2.8375000953674316,2.9749999046325684,12840
2002-07-11,1.9331148862838745,2.819999933242798,2.9625000953674316,2.7874999046325684,2.9625000953674316,12240
2002-07-12,1.9151206016540527,2.793750047683716,2.8125,2.6887500286102295,2.6887500286102295,8640
2002-07-15,1.8482838869094849,2.6962499618530273,2.7774999141693115,2.6875,2.7774999141693115,5960
2002-07-16,1.8637076616287231,2.71875,2.744999885559082,2.6875,2.6875,4720
2002-07-17,1.806296706199646,2.634999990463257,2.6912500858306885,2.625,2.6887500286102295,17000
2002-07-18,1.8457133769989014,2.692500114440918,2.7125000953674316,2.625,2.625,14040
2002-07-19,1.8817024230957031,2.744999885559082,2.762500047683716,2.700000047683716,2.700000047683716,4680
2002-07-22,1.7977285385131836,2.622499942779541,2.6875,2.612499952316284,2.6500000953674316,10800
2002-07-23,1.9168341159820557,2.796250104904175,2.8499999046325684,2.5875000953674316,2.5875000953674316,25440
2002-07-24,1.9596785306930542,2.858750104904175,2.9000000953674316,2.766249895095825,2.776249885559082,43280
2002-07-25,1.9476816654205322,2.841249942779541,2.934999942779541,2.8125,2.875,30800
2002-07-26,1.8268622159957886,2.6649999618530273,2.8375000953674316,2.637500047683716,2.8375000953674316,19240
2002-07-29,1.8131518363952637,2.6449999809265137,2.6937499046325684,2.5999999046325684,2.612499952316284,11720
2002-07-30,1.8114382028579712,2.6424999237060547,2.700000047683716,2.603749990463257,2.700000047683716,16720
2002-07-31,1.8371444940567017,2.680000066757202,2.6875,2.5999999046325684,2.625,8560
2002-08-01,1.8397154808044434,2.6837499141693115,2.733750104904175,2.674999952316284,2.674999952316284,21120
2002-08-02,1.8637076616287231,2.71875,2.737499952316284,2.632499933242798,2.632499933242798,9160
2002-08-05,1.8679919242858887,2.7249999046325684,2.768749952316284,2.6875,2.75,40320
2002-08-06,1.9219756126403809,2.8037500381469727,2.822499990463257,2.737499952316284,2.737499952316284,19320
2002-08-07,1.936542272567749,2.825000047683716,2.8575000762939453,2.791249990463257,2.8162500858306885,10880
2002-08-08,1.940826416015625,2.831249952316284,2.848750114440918,2.799999952316284,2.799999952316284,12600
2002-08-09,1.9382562637329102,2.827500104904175,2.8324999809265137,2.799999952316284,2.799999952316284,4880
2002-08-12,1.9493952989578247,2.84375,2.848750114440918,2.825000047683716,2.831249952316284,4480
2002-08-13,1.9819566011428833,2.891249895095825,2.9124999046325684,2.807499885559082,2.8125,7640
2002-08-14,1.9888123273849487,2.901249885559082,2.924999952316284,2.851249933242798,2.9124999046325684,4280
2002-08-15,1.9888123273849487,2.901249885559082,2.901249885559082,2.901249885559082,2.901249885559082,0
2002-08-16,1.9708173274993896,2.875,2.9000000953674316,2.856250047683716,2.875,5680
2002-08-19,1.9819566011428833,2.891249895095825,2.9124999046325684,2.8887500762939453,2.9000000953674316,2960
2002-08-20,2.081373929977417,2.8524999618530273,2.875,2.828749895095825,2.8612499237060547,11840
2002-08-21,2.0567476749420166,2.8187499046325684,2.862499952316284,2.809999942779541,2.862499952316284,2120
2002-08-22,2.0448906421661377,2.802500009536743,2.8424999713897705,2.8012499809265137,2.8187499046325684,2440
2002-08-23,2.0585718154907227,2.8212499618530273,2.825000047683716,2.788749933242798,2.788749933242798,4080
2002-08-26,2.062220573425293,2.8262500762939453,2.8737499713897705,2.825000047683716,2.8737499713897705,7520
2002-08-27,2.0704288482666016,2.8375000953674316,2.859999895095825,2.8137500286102295,2.8137500286102295,2760
2002-08-28,2.0759010314941406,2.8450000286102295,2.8612499237060547,2.825000047683716,2.825000047683716,3640
2002-08-29,2.083198070526123,2.8550000190734863,2.867500066757202,2.825000047683716,2.825000047683716,7320
2002-08-30,2.0749893188476562,2.84375,2.8499999046325684,2.825000047683716,2.825000047683716,4840
2002-09-02,2.085022211074829,2.8575000762939453,2.862499952316284,2.8350000381469727,2.8375000953674316,3600
2002-09-03,2.026648759841919,2.7774999141693115,2.8137500286102295,2.7750000953674316,2.8137500286102295,3320
2002-09-04,2.052186965942383,2.8125,2.8125,2.78125,2.8125,1160
2002-09-05,2.0494508743286133,2.8087499141693115,2.825000047683716,2.766249895095825,2.799999952316284,3560
2002-09-06,2.0275609493255615,2.778749942779541,2.8375000953674316,2.75,2.766249895095825,43120
2002-09-09,2.025736093521118,2.776249885559082,2.8112499713897705,2.7387499809265137,2.7512500286102295,8400
2002-09-10,2.025736093521118,2.776249885559082,2.776249885559082,2.776249885559082,2.776249885559082,0
2002-09-11,2.0193521976470947,2.7674999237060547,2.7750000953674316,2.7387499809265137,2.7387499809265137,4400
2002-09-12,2.0093190670013428,2.7537500858306885,2.7699999809265137,2.7362499237060547,2.75,4200
2002-09-13,2.0157039165496826,2.762500047683716,2.762500047683716,2.702500104904175,2.731250047683716,2240
2002-09-16,2.01479172706604,2.7612500190734863,2.7825000286102295,2.7362499237060547,2.737499952316284,3040
2002-09-17,2.025736093521118,2.776249885559082,2.799999952316284,2.737499952316284,2.7437500953674316,8240
2002-09-18,2.0239129066467285,2.773750066757202,2.7874999046325684,2.740000009536743,2.7487499713897705,12520
2002-09-19,2.0093190670013428,2.7537500858306885,2.7874999046325684,2.733750104904175,2.733750104904175,6960
2002-09-20,2.006582736968994,2.75,2.752500057220459,2.731250047683716,2.731250047683716,3440
2002-09-23,2.033033847808838,2.786250114440918,2.7874999046325684,2.7300000190734863,2.731250047683716,2720
2002-09-24,1.9700995683670044,2.700000047683716,2.773750066757202,2.692500114440918,2.762500047683716,12760
2002-09-25,2.002934455871582,2.744999885559082,2.75,2.6875,2.6875,1680
2002-09-26,2.011143207550049,2.7562499046325684,2.7750000953674316,2.740000009536743,2.7487499713897705,1360
2002-09-27,2.007495164871216,2.7512500286102295,2.7512500286102295,2.7437500953674316,2.75,1920
2002-09-30,1.9792211055755615,2.7125000953674316,2.78125,2.7012500762939453,2.762500047683716,3240
2002-10-01,1.9938143491744995,2.7325000762939453,2.734999895095825,2.700000047683716,2.700000047683716,1520
2002-10-02,1.9938143491744995,2.7325000762939453,2.7325000762939453,2.7325000762939453,2.7325000762939453,0
2002-10-03,1.990164875984192,2.7274999618530273,2.737499952316284,2.7249999046325684,2.726249933242798,1800
2002-10-04,1.9883408546447754,2.7249999046325684,2.7750000953674316,2.713749885559082,2.713749885559082,3440
2002-10-07,1.998374342918396,2.7387499809265137,2.7387499809265137,2.728749990463257,2.737499952316284,2000
2002-10-08,2.0020229816436768,2.7437500953674316,2.793750047683716,2.706249952316284,2.793750047683716,1640
2002-10-09,1.9974623918533325,2.737499952316284,2.75,2.731250047683716,2.737499952316284,1880
2002-10-10,1.9974623918533325,2.737499952316284,2.7674999237060547,2.713749885559082,2.762500047683716,2280
2002-10-11,2.004758596420288,2.747499942779541,2.797499895095825,2.7249999046325684,2.7874999046325684,6320
2002-10-14,2.006582736968994,2.75,2.7899999618530273,2.7274999618530273,2.7274999618530273,2440
2002-10-15,2.006582736968994,2.75,2.75,2.75,2.75,0
2002-10-16,1.9965503215789795,2.7362499237060547,2.773750066757202,2.7049999237060547,2.773750066757202,680
2002-10-17,1.9883408546447754,2.7249999046325684,2.759999990463257,2.625,2.625,1040
2002-10-18,1.998374342918396,2.7387499809265137,2.75,2.6675000190734863,2.6675000190734863,2720
2002-10-21,1.999286413192749,2.740000009536743,2.7850000858306885,2.731250047683716,2.7850000858306885,960
2002-10-22,2.006582736968994,2.75,2.762500047683716,2.700000047683716,2.762500047683716,4160
2002-10-23,1.8624736070632935,2.552500009536743,2.742500066757202,2.515000104904175,2.713749885559082,12280
2002-10-24,1.9582427740097046,2.6837499141693115,2.6875,2.625,2.625,4080
2002-10-25,1.9883408546447754,2.7249999046325684,2.734999895095825,2.625,2.625,4480
2002-10-28,1.9892535209655762,2.726249933242798,2.7300000190734863,2.7125000953674316,2.716249942779541,2720
2002-10-29,2.006582736968994,2.75,2.773750066757202,2.6937499046325684,2.723750114440918,8160
2002-10-30,2.011143207550049,2.7562499046325684,2.7874999046325684,2.737499952316284,2.7874999046325684,3120
2002-10-31,2.0193521976470947,2.7674999237060547,2.78125,2.762500047683716,2.762500047683716,960
2002-11-01,2.0275609493255615,2.778749942779541,2.8112499713897705,2.765000104904175,2.8112499713897705,2480
2002-11-04,2.0430662631988525,2.799999952316284,2.8112499713897705,2.75,2.75,22520
2002-11-05,2.0430662631988525,2.799999952316284,2.8112499713897705,2.791249990463257,2.8112499713897705,480
2002-11-06,2.0430662631988525,2.799999952316284,2.799999952316284,2.799999952316284,2.799999952316284,0
2002-11-07,2.0686051845550537,2.8350000381469727,2.862499952316284,2.778749942779541,2.8125,7480
2002-11-08,2.06313157081604,2.827500104904175,2.862499952316284,2.7874999046325684,2.862499952316284,2480
2002-11-11,2.043978452682495,2.8012499809265137,2.8162500858306885,2.7874999046325684,2.7874999046325684,920
2002-11-12,2.0576601028442383,2.819999933242798,2.875,2.8012499809265137,2.8125,4240
2002-11-13,2.054011583328247,2.815000057220459,2.8499999046325684,2.7899999618530273,2.7899999618530273,2480
2002-11-14,2.052186965942383,2.8125,2.8375000953674316,2.8062500953674316,2.825000047683716,2720
2002-11-15,2.067692279815674,2.833750009536743,2.8499999046325684,2.8125,2.8499999046325684,2360
2002-11-18,2.052186965942383,2.8125,2.8375000953674316,2.8012499809265137,2.8012499809265137,2160
2002-11-19,2.052186965942383,2.8125,2.8125,2.8125,2.8125,0
2002-11-20,2.093231201171875,2.8687500953674316,2.875,2.8125,2.8187499046325684,3720
2002-11-21,2.0977911949157715,2.875,2.887500047683716,2.8375000953674316,2.851249933242798,2760
2002-11-22,2.1078248023986816,2.8887500762939453,2.893749952316284,2.8499999046325684,2.875,15160
2002-11-25,2.0841102600097656,2.856250047683716,2.875,2.825000047683716,2.875,10760
2002-11-26,2.083198070526123,2.8550000190734863,2.875,2.84375,2.875,9640
2002-11-27,2.052186965942383,2.8125,2.862499952316284,2.8125,2.862499952316284,5200
2002-11-28,2.0394182205200195,2.7950000762939453,2.8375000953674316,2.788749933242798,2.8125,6640
2002-11-29,2.0804619789123535,2.851249933242798,2.9000000953674316,2.776249885559082,2.84375,6600
2002-12-02,2.0977911949157715,2.875,2.9625000953674316,2.8262500762939453,2.859999895095825,9480
2002-12-03,2.077725648880005,2.8475000858306885,2.875,2.8375000953674316,2.875,4280
2002-12-04,2.0603959560394287,2.8237500190734863,2.856250047683716,2.8125,2.831249952316284,2640
2002-12-05,2.096879482269287,2.8737499713897705,2.875,2.846250057220459,2.8687500953674316,5200
2002-12-06,2.067692279815674,2.833750009536743,2.8887500762939453,2.825000047683716,2.8262500762939453,3800
2002-12-09,2.081373929977417,2.8524999618530273,2.961250066757202,2.578749895095825,2.7874999046325684,14400
2002-12-10,2.06313157081604,2.827500104904175,2.9124999046325684,2.8187499046325684,2.911250114440918,4560
2002-12-11,2.0686051845550537,2.8350000381469727,2.9000000953674316,2.7950000762939453,2.7950000762939453,4920
2002-12-12,2.052186965942383,2.8125,2.875,2.797499895095825,2.8499999046325684,15760
2002-12-13,2.1041758060455322,2.8837499618530273,2.908750057220459,2.7899999618530273,2.7925000190734863,10080
2002-12-16,2.0649564266204834,2.8299999237060547,2.872499942779541,2.8125,2.8499999046325684,6560
2002-12-17,2.069517135620117,2.836250066757202,2.846250057220459,2.799999952316284,2.809999942779541,1400
2002-12-18,2.0859339237213135,2.858750104904175,2.887500047683716,2.84375,2.887500047683716,3840
2002-12-19,2.0549232959747314,2.8162500858306885,2.8812499046325684,2.815000057220459,2.825000047683716,6320
2002-12-20,2.062220573425293,2.8262500762939453,2.8812499046325684,2.819999933242798,2.862499952316284,2000
2002-12-23,2.0749893188476562,2.84375,2.8812499046325684,2.7925000190734863,2.880000114440918,1920
2002-12-24,2.055835485458374,2.817500114440918,2.825000047683716,2.8012499809265137,2.8237500190734863,3200
2002-12-25,2.055835485458374,2.817500114440918,2.817500114440918,2.817500114440918,2.817500114440918,0
2002-12-26,2.0886707305908203,2.862499952316284,2.8949999809265137,2.84375,2.8712499141693115,33520
2002-12-27,2.0768139362335205,2.846250057220459,2.896250009536743,2.8424999713897705,2.8762500286102295,27680
2002-12-30,2.093231201171875,2.8687500953674316,2.875,2.8125,2.8399999141693115,14560
2002-12-31,2.071340322494507,2.838749885559082,2.875,2.836250066757202,2.853749990463257,6800
2003-01-01,2.1032636165618896,2.882499933242798,2.9000000953674316,2.862499952316284,2.862499952316284,4240
2003-01-02,2.0941431522369385,2.869999885559082,2.875,2.84375,2.8499999046325684,480
2003-01-03,2.199944257736206,3.015000104904175,3.0950000286102295,2.875,2.875,99720
2003-01-06,2.297537326812744,3.148750066757202,3.1875,3.03125,3.0374999046325684,68440
2003-01-07,2.2984495162963867,3.1500000953674316,3.2249999046325684,3.125,3.2125000953674316,67600
2003-01-08,2.30574631690979,3.1600000858306885,3.184999942779541,3.130000114440918,3.1449999809265137,22240
2003-01-09,2.2948014736175537,3.1449999809265137,3.168750047683716,3.141249895095825,3.168750047683716,10120
2003-01-10,2.2911529541015625,3.140000104904175,3.161250114440918,3.140000104904175,3.1500000953674316,12400
2003-01-13,2.2829442024230957,3.1287500858306885,3.2249999046325684,3.112499952316284,3.2249999046325684,6000
2003-01-14,2.2993621826171875,3.151249885559082,3.1624999046325684,3.132499933242798,3.132499933242798,3560
2003-01-15,2.2756476402282715,3.1187500953674316,3.184999942779541,3.0999999046325684,3.184999942779541,4600
2003-01-16,2.270174980163574,3.1112499237060547,3.1600000858306885,3.103749990463257,3.137500047683716,8400
2003-01-17,2.2966253757476807,3.1475000381469727,3.1624999046325684,3.112499952316284,3.137500047683716,6160
2003-01-20,2.3139545917510986,3.171250104904175,3.174999952316284,3.125,3.125,8520
2003-01-21,2.3832738399505615,3.266249895095825,3.3112499713897705,3.1500000953674316,3.1500000953674316,45920
2003-01-22,2.2792956829071045,3.1237499713897705,3.2750000953674316,3.112499952316284,3.2750000953674316,42800
2003-01-23,2.261054039001465,3.098750114440918,3.125,3.026249885559082,3.0687499046325684,18920
2003-01-24,2.2482850551605225,3.081249952316284,3.137500047683716,3.075000047683716,3.137500047683716,9920
2003-01-27,2.2227466106414795,3.046250104904175,3.072499990463257,3.038749933242798,3.072499990463257,12960
2003-01-28,2.2090654373168945,3.0274999141693115,3.0612499713897705,3.015000104904175,3.0612499713897705,6480
2003-01-29,2.198119878768921,3.012500047683716,3.043750047683716,3.0,3.026249885559082,8120
2003-01-30,2.1899120807647705,3.0012500286102295,3.067500114440918,3.0,3.067500114440918,2880
2003-01-31,2.2108898162841797,3.0299999713897705,3.047499895095825,3.0,3.0,5400
2003-02-03,2.199944257736206,3.015000104904175,3.021250009536743,3.0,3.0,6480
2003-02-04,2.2309556007385254,3.057499885559082,3.0875000953674316,3.0,3.0137500762939453,47760
2003-02-05,2.20815372467041,3.026249885559082,3.055000066757202,3.0225000381469727,3.0225000381469727,37760
2003-02-06,2.2163619995117188,3.0374999046325684,3.055000066757202,3.0,3.055000066757202,47200
2003-02-07,2.2008566856384277,3.016249895095825,3.049999952316284,3.016249895095825,3.018749952316284,46520
2003-02-10,2.19264817237854,3.005000114440918,3.016249895095825,3.0,3.012500047683716,54680
2003-02-11,2.185351610183716,2.994999885559082,3.046250104904175,2.990000009536743,3.046250104904175,30520
2003-02-12,2.188999652862549,3.0,3.03125,2.987499952316284,2.9937500953674316,30160
2003-02-13,2.188999652862549,3.0,3.0,3.0,3.0,0
2003-02-14,2.1506922245025635,2.947499990463257,2.987499952316284,2.9375,2.987499952316284,7640
2003-02-17,2.1160335540771484,2.9000000953674316,2.9375,2.8924999237060547,2.8924999237060547,3640
2003-02-18,2.0795493125915527,2.8499999046325684,2.9375,2.8499999046325684,2.9375,6160
2003-02-19,2.0749893188476562,2.84375,2.9000000953674316,2.815000057220459,2.9000000953674316,46640
2003-02-20,2.0786378383636475,2.848750114440918,2.8612499237060547,2.825000047683716,2.8324999809265137,1880
2003-02-21,2.0759010314941406,2.8450000286102295,2.856250047683716,2.825000047683716,2.8375000953674316,2040
2003-02-24,2.0841102600097656,2.856250047683716,3.012500047683716,2.825000047683716,2.9000000953674316,7400
2003-02-25,2.098703622817993,2.8762500286102295,2.887500047683716,2.8125,2.831249952316284,10080
2003-02-26,2.072253465652466,2.8399999141693115,2.8762500286102295,2.828749895095825,2.828749895095825,3720
2003-02-27,2.0458028316497803,2.8037500381469727,2.8737499713897705,2.7750000953674316,2.8524999618530273,9080
2003-02-28,2.0530996322631836,2.8137500286102295,2.841249942779541,2.7774999141693115,2.825000047683716,5560
2003-03-03,1.971923589706421,2.702500104904175,2.859999895095825,2.6912500858306885,2.859999895095825,19680
2003-03-04,1.9700995683670044,2.700000047683716,2.742500066757202,2.697499990463257,2.737499952316284,6280
2003-03-05,1.9491218328475952,2.671250104904175,2.737499952316284,2.6624999046325684,2.737499952316284,5120
2003-03-06,1.9628031253814697,2.690000057220459,2.71875,2.6500000953674316,2.653749942779541,6120
2003-03-07,1.990164875984192,2.7274999618530273,2.75,2.6762499809265137,2.7249999046325684,7440
2003-03-10,1.9801326990127563,2.713749885559082,2.7300000190734863,2.6875,2.6875,800
2003-03-11,2.0129668712615967,2.7587499618530273,2.793750047683716,2.6812500953674316,2.6875,4600
2003-03-12,2.006582736968994,2.75,2.7562499046325684,2.75,2.7562499046325684,2200
2003-03-13,2.0448906421661377,2.802500009536743,2.817500114440918,2.75,2.762500047683716,8840
2003-03-14,2.0448906421661377,2.802500009536743,2.802500009536743,2.802500009536743,2.802500009536743,0
2003-03-17,1.9673632383346558,2.6962499618530273,2.799999952316284,2.6937499046325684,2.799999952316284,7120
2003-03-18,1.9673632383346558,2.6962499618530273,2.6962499618530273,2.6962499618530273,2.6962499618530273,0
2003-03-19,1.9618912935256958,2.6887500286102295,2.7249999046325684,2.6875,2.700000047683716,2080
2003-03-20,1.9564186334609985,2.6812500953674316,2.734999895095825,2.6312499046325684,2.6875,6280
2003-03-21,2.0056707859039307,2.7487499713897705,2.773750066757202,2.7012500762939453,2.7012500762939453,6720
2003-03-24,1.9764846563339233,2.708750009536743,2.7249999046325684,2.700000047683716,2.7125000953674316,3120
2003-03-25,1.9573309421539307,2.682499885559082,2.700000047683716,2.6500000953674316,2.6500000953674316,16720
2003-03-26,1.911726474761963,2.619999885559082,2.6875,2.606250047683716,2.6862499713897705,5360
2003-03-27,1.9491218328475952,2.671250104904175,2.6875,2.6287500858306885,2.6287500858306885,2760
2003-03-28,1.9773963689804077,2.7100000381469727,2.7612500190734863,2.700000047683716,2.75,11000
2003-03-31,2.0020229816436768,2.7437500953674316,2.7612500190734863,2.6524999141693115,2.723750114440918,6120
2003-04-01,2.0056707859039307,2.7487499713897705,2.7587499618530273,2.7125000953674316,2.7125000953674316,2640
2003-04-02,1.999286413192749,2.740000009536743,2.831249952316284,2.740000009536743,2.831249952316284,400
2003-04-03,2.032121181488037,2.7850000858306885,2.7850000858306885,2.7437500953674316,2.75,1120
2003-04-04,1.9929018020629883,2.731250047683716,2.778749942779541,2.726249933242798,2.778749942779541,640
2003-04-07,2.032121181488037,2.7850000858306885,2.84375,2.7325000762939453,2.737499952316284,5320
2003-04-08,2.033033847808838,2.786250114440918,2.825000047683716,2.75,2.7637500762939453,1920
2003-04-09,2.0904951095581055,2.865000009536743,2.922499895095825,2.7637500762939453,2.7637500762939453,9120
2003-04-10,2.083198070526123,2.8550000190734863,2.875,2.8125,2.8162500858306885,9200
2003-04-11,2.09140682220459,2.8662500381469727,2.875,2.8125,2.8262500762939453,4720
2003-04-15,2.0704288482666016,2.8375000953674316,3.0625,2.8125,2.8137500286102295,9560
2003-04-16,2.1151208877563477,2.898750066757202,2.898750066757202,2.825000047683716,2.825000047683716,2160
2003-04-17,2.1132969856262207,2.896250009536743,2.9000000953674316,2.8262500762939453,2.8262500762939453,8920
2003-04-18,2.1132969856262207,2.896250009536743,2.896250009536743,2.896250009536743,2.896250009536743,0
2003-04-21,2.0822856426239014,2.853749990463257,2.887500047683716,2.8524999618530273,2.875,1360
2003-04-22,2.0613081455230713,2.825000047683716,2.893749952316284,2.825000047683716,2.8637499809265137,1600
2003-04-23,2.052186965942383,2.8125,2.833750009536743,2.8125,2.833750009536743,3920
2003-04-24,2.062220573425293,2.8262500762939453,2.836250066757202,2.6875,2.6875,2160
2003-04-25,2.040330410003662,2.796250104904175,2.825000047683716,2.783750057220459,2.8125,3720
2003-04-28,2.038505792617798,2.793750047683716,2.8375000953674316,2.7512500286102295,2.7512500286102295,1520
2003-04-29,2.0348575115203857,2.788749933242798,2.822499990463257,2.7874999046325684,2.7874999046325684,120
2003-04-30,2.0202643871307373,2.768749952316284,2.799999952316284,2.757499933242798,2.793750047683716,1880
2003-05-01,2.0202643871307373,2.768749952316284,2.768749952316284,2.768749952316284,2.768749952316284,0
2003-05-02,2.0348575115203857,2.788749933242798,2.8125,2.742500066757202,2.762500047683716,5400
2003-05-05,2.072253465652466,2.8399999141693115,2.8524999618530273,2.8125,2.8125,4640
2003-05-06,2.0768139362335205,2.846250057220459,2.9237499237060547,2.8450000286102295,2.875,4920
2003-05-07,2.0786378383636475,2.848750114440918,2.872499942779541,2.8475000858306885,2.8499999046325684,1600
2003-05-08,2.064044237136841,2.828749895095825,2.872499942779541,2.825000047683716,2.8712499141693115,2240
2003-05-09,2.0494508743286133,2.8087499141693115,2.825000047683716,2.793750047683716,2.8012499809265137,4880
2003-05-12,2.0795493125915527,2.8499999046325684,2.8550000190734863,2.8125,2.825000047683716,24160
2003-05-13,2.129714250564575,2.918750047683716,2.9625000953674316,2.862499952316284,2.8687500953674316,5560
2003-05-14,2.1525166034698486,2.950000047683716,2.9825000762939453,2.9124999046325684,2.9124999046325684,4080
2003-05-15,2.1817033290863037,2.990000009536743,3.0,2.9725000858306885,2.978749990463257,6280
2003-05-16,2.2008566856384277,3.016249895095825,3.0199999809265137,2.9937500953674316,3.012500047683716,12880
2003-05-19,2.2966253757476807,3.1475000381469727,3.25,3.0374999046325684,3.0562500953674316,26840
2003-05-20,2.302098035812378,3.1549999713897705,3.237499952316284,3.109999895095825,3.143749952316284,15400
2003-05-21,2.2656142711639404,3.1050000190734863,3.2249999046325684,3.101249933242798,3.15625,11880
2003-05-22,2.3011858463287354,3.153749942779541,3.174999952316284,3.1137499809265137,3.1137499809265137,6040
2003-05-23,2.3212521076202393,3.1812500953674316,3.1875,3.115000009536743,3.115000009536743,7600
2003-05-26,2.3321969509124756,3.1962499618530273,3.21875,3.127500057220459,3.127500057220459,6920
2003-05-27,2.329460382461548,3.192500114440918,3.2437500953674316,3.1875,3.2125000953674316,23240
2003-05-28,2.2090654373168945,3.0274999141693115,3.1737499237060547,3.0012500286102295,3.137500047683716,13680
2003-05-29,2.26287841796875,3.101249933242798,3.125,2.9749999046325684,3.0374999046325684,38520
2003-05-30,2.2829442024230957,3.1287500858306885,3.1500000953674316,3.0325000286102295,3.0325000286102295,17400
2003-06-02,2.288416624069214,3.1362500190734863,3.1500000953674316,3.0875000953674316,3.0950000286102295,12640
2003-06-03,2.2838563919067383,3.130000114440918,3.1875,3.1262500286102295,3.1862499713897705,15920
2003-06-04,2.2966253757476807,3.1475000381469727,3.180000066757202,3.137500047683716,3.137500047683716,5800
2003-06-05,2.2820329666137695,3.127500057220459,3.172499895095825,3.125,3.132499933242798,113840
2003-06-06,2.370504379272461,3.2487499713897705,3.2874999046325684,3.137500047683716,3.1500000953674316,45480
2003-06-09,2.3714165687561035,3.25,3.3112499713897705,3.200000047683716,3.25,44680
2003-06-10,2.307570695877075,3.1624999046325684,3.237499952316284,3.1500000953674316,3.237499952316284,28800
2003-06-11,2.288416624069214,3.1362500190734863,3.223750114440918,3.1287500858306885,3.223750114440918,3280
2003-06-12,2.303922176361084,3.1575000286102295,3.1624999046325684,3.137500047683716,3.148750066757202,2640
2003-06-13,2.30574631690979,3.1600000858306885,3.2249999046325684,3.1387500762939453,3.1812500953674316,13160
2003-06-16,2.3394932746887207,3.206249952316284,3.223750114440918,3.174999952316284,3.1875,16600
2003-06-17,2.3732404708862305,3.252500057220459,3.266249895095825,3.200000047683716,3.200000047683716,10040
2003-06-18,2.384185791015625,3.2674999237060547,3.299999952316284,3.25,3.2750000953674316,32400
2003-06-19,2.3695921897888184,3.247499942779541,3.299999952316284,3.1624999046325684,3.1624999046325684,40600
2003-06-20,2.4097235202789307,3.302500009536743,3.3125,3.247499942779541,3.247499942779541,6840
2003-06-23,2.39786696434021,3.286250114440918,3.3475000858306885,3.2387499809265137,3.309999942779541,15000
2003-06-24,2.3695921897888184,3.247499942779541,3.3125,3.221250057220459,3.221250057220459,3800
2003-06-25,2.3768885135650635,3.257499933242798,3.286250114440918,3.2512500286102295,3.2674999237060547,4520
2003-06-26,2.403339147567749,3.293750047683716,3.299999952316284,3.2362499237060547,3.2750000953674316,8120
2003-06-27,2.380537509918213,3.262500047683716,3.2725000381469727,3.252500057220459,3.259999990463257,560
2003-06-30,2.444382429122925,3.3499999046325684,3.4049999713897705,3.2637500762939453,3.309999942779541,26400
2003-07-01,2.384185791015625,3.2674999237060547,3.325000047683716,3.262500047683716,3.325000047683716,6840
2003-07-02,2.4197566509246826,3.3162500858306885,3.3475000858306885,3.2774999141693115,3.2774999141693115,14000
2003-07-03,2.4507675170898438,3.358750104904175,3.375,3.3125,3.3125,14720
2003-07-04,2.427053451538086,3.3262500762939453,3.356250047683716,3.325000047683716,3.333750009536743,2680
2003-07-07,2.478130340576172,3.396250009536743,3.4149999618530273,3.325000047683716,3.325000047683716,6520
2003-07-08,2.5428881645202637,3.484999895095825,3.5625,3.338749885559082,3.338749885559082,77040
2003-07-09,2.499107837677002,3.424999952316284,3.549999952316284,3.418750047683716,3.5250000953674316,11920
2003-07-10,2.489987373352051,3.4124999046325684,3.4375,3.3887500762939453,3.3887500762939453,7440
2003-07-11,2.499107837677002,3.424999952316284,3.461250066757202,3.353749990463257,3.353749990463257,14160
2003-07-14,2.474482297897339,3.391249895095825,3.4375,3.351249933242798,3.4124999046325684,6680
2003-07-15,2.474482297897339,3.391249895095825,3.4237499237060547,3.3499999046325684,3.375,5600
2003-07-16,2.5082292556762695,3.4375,3.4375,3.387500047683716,3.3887500762939453,4960
2003-07-17,2.471745729446411,3.387500047683716,3.456249952316284,3.375,3.4375,9760
2003-07-18,2.577953815460205,3.3375000953674316,3.387500047683716,3.3375000953674316,3.358750104904175,11560
2003-07-21,2.5470564365386963,3.297499895095825,3.362499952316284,3.2899999618530273,3.3125,6600
2003-07-22,2.539332151412964,3.2874999046325684,3.3125,3.25,3.2950000762939453,5400
2003-07-23,2.5383670330047607,3.286250114440918,3.348750114440918,3.2750000953674316,3.2750000953674316,2160
2003-07-24,2.5663673877716064,3.322499990463257,3.3375000953674316,3.2874999046325684,3.2874999046325684,5520
2003-07-25,2.568298101425171,3.325000047683716,3.372499942779541,3.3125,3.372499942779541,7400
2003-07-28,2.5673322677612305,3.3237500190734863,3.3375000953674316,3.2562499046325684,3.325000047683716,11680
2003-07-29,2.576021909713745,3.3350000381469727,3.3375000953674316,3.291249990463257,3.3125,5840
2003-07-30,2.5740909576416016,3.3324999809265137,3.3499999046325684,3.291249990463257,3.3375000953674316,7400
2003-07-31,2.5991950035095215,3.365000009536743,3.375,3.3137500286102295,3.3375000953674316,10640
2003-08-01,2.6020915508270264,3.3687500953674316,3.387500047683716,3.325000047683716,3.3375000953674316,9440
2003-08-04,2.661954164505005,3.4462499618530273,3.4749999046325684,3.401249885559082,3.40625,20640
2003-08-05,2.636849880218506,3.413749933242798,3.747499942779541,3.390000104904175,3.5250000953674316,29040
2003-08-06,2.656161308288574,3.4387500286102295,3.598750114440918,3.4000000953674316,3.598750114440918,12480
2003-08-07,2.6542296409606934,3.4362499713897705,3.46875,3.424999952316284,3.461250066757202,20360
2003-08-08,2.6513333320617676,3.432499885559082,3.4625000953674316,3.4124999046325684,3.450000047683716,11360
2003-08-11,2.6928510665893555,3.4862499237060547,3.512500047683716,3.4375,3.456249952316284,29360
2003-08-12,2.7034718990325928,3.5,3.5999999046325684,3.4000000953674316,3.424999952316284,25280
2003-08-13,2.7256782054901123,3.528749942779541,3.5487499237060547,3.4749999046325684,3.547499895095825,29600
2003-08-14,2.715057611465454,3.515000104904175,3.5374999046325684,3.5012500286102295,3.528749942779541,20080
2003-08-15,2.715057611465454,3.515000104904175,3.515000104904175,3.515000104904175,3.515000104904175,0
2003-08-18,2.7575411796569824,3.569999933242798,3.586250066757202,3.5199999809265137,3.5199999809265137,19200
2003-08-19,2.7807140350341797,3.5999999046325684,3.6624999046325684,3.569999933242798,3.575000047683716,324280
2003-08-20,2.8067831993103027,3.6337499618530273,3.6449999809265137,3.625,3.6449999809265137,13360
2003-08-21,2.801954984664917,3.627500057220459,3.6837499141693115,3.5625,3.625,17800
2003-08-22,2.808713674545288,3.6362500190734863,3.6675000190734863,3.601249933242798,3.601249933242798,24840
2003-08-25,2.730506658554077,3.5350000858306885,3.6500000953674316,3.516249895095825,3.6500000953674316,18080
2003-08-26,2.8038859367370605,3.630000114440918,3.661250114440918,3.53125,3.53125,15600
2003-08-27,2.8067831993103027,3.6337499618530273,3.646250009536743,3.601249933242798,3.6262500286102295,51600
2003-08-28,2.76912784576416,3.5850000381469727,3.6500000953674316,3.5762500762939453,3.6262500286102295,19880
2003-08-29,2.808713674545288,3.6362500190734863,3.674999952316284,3.612499952316284,3.612499952316284,14400
2003-09-01,2.799058437347412,3.6237499713897705,3.742500066757202,3.588749885559082,3.7412500381469727,10880
2003-09-02,2.766230821609497,3.581249952316284,3.643749952316284,3.5625,3.625,13200
2003-09-03,2.7710587978363037,3.5875000953674316,3.6937499046325684,3.543750047683716,3.646250009536743,18400
2003-09-04,2.7614028453826904,3.575000047683716,3.625,3.515000104904175,3.5625,4960
2003-09-05,2.7372653484344482,3.543750047683716,3.575000047683716,3.543750047683716,3.5625,6800
2003-09-08,2.8125762939453125,3.641249895095825,3.6875,3.512500047683716,3.5137500762939453,27480
2003-09-09,3.033681631088257,3.927500009536743,4.050000190734863,3.637500047683716,3.637500047683716,85240
2003-09-10,2.9496803283691406,3.8187499046325684,3.950000047683716,3.7874999046325684,3.924999952316284,23160
2003-09-11,2.8840255737304688,3.733750104904175,3.799999952316284,3.713749885559082,3.75,13960
2003-09-12,2.921680450439453,3.7825000286102295,3.887500047683716,3.7249999046325684,3.75,61040
2003-09-15,2.8289895057678223,3.6624999046325684,3.762500047683716,3.643749952316284,3.731250047683716,9280
2003-09-16,2.830920934677124,3.6649999618530273,3.700000047683716,3.637500047683716,3.637500047683716,3720
2003-09-17,2.8878870010375977,3.7387499809265137,3.75,3.6500000953674316,3.75,4760
2003-09-18,2.850231170654297,3.690000057220459,3.7750000953674316,3.637500047683716,3.773750066757202,46960
2003-09-19,2.898507833480835,3.752500057220459,3.786250114440918,3.625,3.6875,36000
2003-09-22,2.8801629543304443,3.728749990463257,3.8125,3.7225000858306885,3.799999952316284,21680
2003-09-23,2.941956043243408,3.8087499141693115,4.025000095367432,3.637500047683716,4.025000095367432,10080
2003-09-24,2.8869216442108154,3.737499952316284,3.797499895095825,3.728749990463257,3.75,18320
2003-09-25,2.892714262008667,3.744999885559082,3.75,3.7012500762939453,3.75,2640
2003-09-26,2.8753349781036377,3.7225000858306885,3.762500047683716,3.7125000953674316,3.726249933242798,9320
2003-09-29,2.9043006896972656,3.759999990463257,3.8125,3.6875,3.6875,11120
2003-09-30,2.8753349781036377,3.7225000858306885,3.7874999046325684,3.700000047683716,3.7487499713897705,9520
2003-10-01,2.840576410293579,3.677500009536743,3.747499942779541,3.641249895095825,3.641249895095825,7360
2003-10-02,2.840576410293579,3.677500009536743,3.677500009536743,3.677500009536743,3.677500009536743,0
2003-10-03,2.8000245094299316,3.625,3.6887500286102295,3.5999999046325684,3.6875,10640
2003-10-06,2.9043006896972656,3.759999990463257,3.7750000953674316,3.674999952316284,3.7487499713897705,19800
2003-10-07,2.9100940227508545,3.7674999237060547,3.7874999046325684,3.6887500286102295,3.713749885559082,15160
2003-10-08,2.9168529510498047,3.776249885559082,3.8112499713897705,3.75,3.75,23080
2003-10-09,2.992164134979248,3.8737499713897705,3.887500047683716,3.78125,3.8237500190734863,19640
2003-10-10,3.027888298034668,3.9200000762939453,3.9375,3.862499952316284,3.862499952316284,11480
2003-10-13,3.037543535232544,3.932499885559082,3.9862499237060547,3.862499952316284,3.9124999046325684,27200
2003-10-14,3.0838887691497803,3.992500066757202,4.037499904632568,3.9412500858306885,4.025000095367432,31040
2003-10-15,3.0365781784057617,3.9312500953674316,4.068749904632568,3.9000000953674316,4.0625,12440
2003-10-16,3.06650972366333,3.9700000286102295,4.012499809265137,3.9375,4.0,17000
2003-10-17,2.9612667560577393,3.833750009536743,3.950000047683716,3.8125,3.9375,17400
2003-10-20,2.9680252075195312,3.8424999713897705,3.875,3.799999952316284,3.8375000953674316,69520
2003-10-21,2.8260931968688965,3.658750057220459,3.78125,3.643749952316284,3.766249895095825,13840
2003-10-22,2.760437488555908,3.5737500190734863,3.7249999046325684,3.5625,3.630000114440918,13520
2003-10-23,2.6899542808532715,3.4825000762939453,3.5850000381469727,3.456249952316284,3.5537500381469727,15880
2003-10-24,2.669678211212158,3.456249952316284,3.4749999046325684,3.3499999046325684,3.450000047683716,30280
2003-10-27,2.7131268978118896,3.512500047683716,3.5562500953674316,3.5,3.5562500953674316,6160
2003-10-28,2.752713441848755,3.5637500286102295,3.9124999046325684,3.512500047683716,3.5137500762939453,8480
2003-10-29,2.7961623668670654,3.619999885559082,3.637500047683716,3.4312500953674316,3.432499885559082,7080
2003-10-30,2.859886646270752,3.702500104904175,3.716249942779541,3.6237499713897705,3.6237499713897705,4320
2003-10-31,2.897542715072632,3.7512500286102295,3.7537500858306885,3.706249952316284,3.706249952316284,8800
2003-11-03,2.853128671646118,3.6937499046325684,3.700000047683716,3.601249933242798,3.6387500762939453,20800
2003-11-04,2.8328518867492676,3.6675000190734863,3.6875,3.5762500762939453,3.5762500762939453,10640
2003-11-05,2.8425076007843018,3.680000066757202,3.7012500762939453,3.6287500858306885,3.6287500858306885,21360
2003-11-06,2.8782312870025635,3.726249933242798,3.737499952316284,3.6862499713897705,3.6862499713897705,5600
2003-11-07,2.88305926322937,3.7325000762939453,3.7750000953674316,3.674999952316284,3.674999952316284,15880
2003-11-10,2.882093906402588,3.731250047683716,3.7750000953674316,3.6875,3.6875,560
2003-11-11,2.9033358097076416,3.7587499618530273,3.793750047683716,3.7412500381469727,3.7874999046325684,10440
2003-11-12,2.9583702087402344,3.8299999237060547,3.9237499237060547,3.7750000953674316,3.7750000953674316,17640
2003-11-13,2.9274742603302,3.7899999618530273,3.875,3.762500047683716,3.825000047683716,15240
2003-11-14,2.8917489051818848,3.7437500953674316,3.809999942779541,3.740000009536743,3.7874999046325684,10440
2003-11-17,2.906231641769409,3.762500047683716,3.762500047683716,3.6887500286102295,3.6887500286102295,6520
2003-11-18,2.8907840251922607,3.742500066757202,3.7512500286102295,3.7412500381469727,3.75,6640
2003-11-19,2.914921760559082,3.773750066757202,3.8125,3.737499952316284,3.737499952316284,33480
2003-11-20,2.897542715072632,3.7512500286102295,3.799999952316284,3.7412500381469727,3.75,13760
2003-11-21,2.8898181915283203,3.7412500381469727,3.7725000381469727,3.6575000286102295,3.737499952316284,6400
2003-11-24,2.898507833480835,3.752500057220459,3.762500047683716,3.700000047683716,3.7412500381469727,4800
2003-11-25,2.897542715072632,3.7512500286102295,3.7987499237060547,3.742500066757202,3.762500047683716,7120
2003-11-26,1.1590168476104736,1.500499963760376,1.500499963760376,1.500499963760376,1.500499963760376,0
2003-11-27,2.905266046524048,3.7612500190734863,3.8475000858306885,3.737499952316284,3.75,10480
2003-11-28,2.906231641769409,3.762500047683716,3.793750047683716,3.75,3.7637500762939453,15240
2003-12-01,2.969956636428833,3.8450000286102295,3.8762500286102295,3.7512500286102295,3.8125,30600
2003-12-02,2.9351980686187744,3.799999952316284,3.8499999046325684,3.7874999046325684,3.8137500286102295,13520
2003-12-03,2.976715564727783,3.853749990463257,3.918750047683716,3.8125,3.918750047683716,27840
2003-12-04,2.9786462783813477,3.856250047683716,3.8762500286102295,3.827500104904175,3.875,9080
2003-12-05,3.06650972366333,3.9700000286102295,4.237500190734863,3.838749885559082,3.875,75200
2003-12-08,3.2441654205322266,4.199999809265137,4.235000133514404,4.013750076293945,4.18625020980835,49200
2003-12-09,3.2335455417633057,4.18625020980835,4.337500095367432,4.176249980926514,4.337500095367432,30600
2003-12-10,3.093543767929077,4.005000114440918,4.300000190734863,3.9825000762939453,4.211249828338623,63840
2003-12-11,3.1939585208892822,4.135000228881836,4.158750057220459,4.099999904632568,4.137499809265137,49080
2003-12-12,3.1331305503845215,4.056250095367432,4.204999923706055,4.027500152587891,4.150000095367432,16960
2003-12-15,3.1881654262542725,4.127500057220459,4.153749942779541,4.027500152587891,4.112500190734863,36120
2003-12-16,3.2876148223876953,4.256249904632568,4.300000190734863,4.007500171661377,4.007500171661377,54640
2003-12-17,3.3368566036224365,4.320000171661377,4.525000095367432,4.25124979019165,4.375,57640
2003-12-18,3.3687186241149902,4.361249923706055,4.4375,4.276249885559082,4.276249885559082,65920
2003-12-19,3.4546501636505127,4.472499847412109,4.5625,4.400000095367432,4.400000095367432,50880
2003-12-22,3.450788736343384,4.46750020980835,4.636250019073486,4.443749904632568,4.56125020980835,42440
2003-12-23,3.4913408756256104,4.519999980926514,4.637499809265137,4.452499866485596,4.637499809265137,29680
2003-12-24,3.5869266986846924,4.643750190734863,4.6875,4.537499904632568,4.59250020980835,31720
2003-12-25,1.4347710609436035,1.8574999570846558,1.8574999570846558,1.8574999570846558,1.8574999570846558,0
2003-12-26,3.8398964405059814,4.971250057220459,5.0625,4.601250171661377,4.71999979019165,121640
2003-12-29,3.782928705215454,4.897500038146973,5.0625,4.875,5.0,33440
2003-12-30,3.666100025177002,4.746250152587891,4.9375,4.6875,4.87624979019165,32440
2003-12-31,3.6178243160247803,4.683750152587891,4.806250095367432,4.625,4.75,20160
2004-01-01,3.678651809692383,4.762499809265137,4.8125,4.675000190734863,4.723750114440918,23120
2004-01-02,3.6689975261688232,4.75,4.892499923706055,4.4375,4.4375,36360
2004-01-05,3.5637547969818115,4.613749980926514,4.775000095367432,4.588749885559082,4.737500190734863,26800
2004-01-06,3.4411327838897705,4.454999923706055,4.62375020980835,4.4375,4.5625,19000
2004-01-07,3.4845824241638184,4.511250019073486,4.5625,4.387499809265137,4.387499809265137,23200
2004-01-08,3.666100025177002,4.746250152587891,4.787499904632568,4.5625,4.5625,24840
2004-01-09,3.666100025177002,4.746250152587891,4.809999942779541,4.713749885559082,4.753749847412109,28280
2004-01-12,3.578237295150757,4.632500171661377,4.75,4.601250171661377,4.75,9880
2004-01-13,3.5048577785491943,4.537499904632568,4.68625020980835,4.5,4.68625020980835,23440
2004-01-14,3.574375867843628,4.627500057220459,4.637499809265137,4.551249980926514,4.625,16960
2004-01-15,3.5627896785736084,4.612500190734863,4.637499809265137,4.5,4.5,15200
2004-01-16,3.4768574237823486,4.50124979019165,4.625,4.5,4.587500095367432,17800
2004-01-19,3.483616352081299,4.510000228881836,4.534999847412109,4.375,4.425000190734863,11480
2004-01-20,3.4961681365966797,4.526249885559082,4.574999809265137,4.5,4.5625,21520
2004-01-21,3.2683043479919434,4.231249809265137,4.4375,4.18874979019165,4.368750095367432,15040
2004-01-22,3.282787561416626,4.25,4.4375,4.087500095367432,4.267499923706055,29520
2004-01-23,3.2731316089630127,4.237500190734863,4.261250019073486,4.087500095367432,4.168749809265137,29440
2004-01-26,3.2731316089630127,4.237500190734863,4.237500190734863,4.237500190734863,4.237500190734863,0
2004-01-27,3.1012682914733887,4.014999866485596,4.699999809265137,3.9649999141693115,4.699999809265137,30840
2004-01-28,3.1186470985412598,4.037499904632568,4.247499942779541,4.007500171661377,4.019999980926514,18560
2004-01-29,3.0201642513275146,3.9100000858306885,4.0,3.827500104904175,3.9075000286102295,22520
2004-01-30,2.9612667560577393,3.833750009536743,3.887500047683716,3.8012499809265137,3.887500047683716,17560
2004-02-02,2.9612667560577393,3.833750009536743,3.833750009536743,3.833750009536743,3.833750009536743,0
2004-02-03,2.8251278400421143,3.6575000286102295,3.8125,3.5762500762939453,3.8125,15880
2004-02-04,2.8869216442108154,3.737499952316284,3.75,3.625,3.625,13960
2004-02-05,2.8994734287261963,3.7537500858306885,3.786250114440918,3.694999933242798,3.75,21400
2004-02-06,2.869542121887207,3.7149999141693115,3.75,3.706249952316284,3.75,4640
2004-02-09,2.9226462841033936,3.783750057220459,3.7874999046325684,3.75,3.7750000953674316,3400
2004-02-10,2.9448535442352295,3.8125,3.9362499713897705,3.762500047683716,3.762500047683716,7080
2004-02-11,3.0471978187561035,3.944999933242798,3.9625000953674316,3.783750057220459,3.9124999046325684,24080
2004-02-12,3.10223388671875,4.016250133514404,4.0625,3.9375,3.973750114440918,9640
2004-02-13,3.185269355773926,4.12375020980835,4.137499809265137,3.963749885559082,4.021249771118164,11440
2004-02-16,3.3175456523895264,4.295000076293945,4.75,3.9100000858306885,3.913749933242798,22680
2004-02-17,3.284717559814453,4.252500057220459,4.337500095367432,4.175000190734863,4.337500095367432,11760
2004-02-18,3.2876148223876953,4.256249904632568,4.287499904632568,4.231249809265137,4.237500190734863,7600
2004-02-19,3.2692694664001465,4.232500076293945,4.25,4.170000076293945,4.175000190734863,14800
2004-02-20,3.2818214893341064,4.24875020980835,4.256249904632568,4.051249980926514,4.051249980926514,14600
2004-02-23,3.280856132507324,4.247499942779541,4.25,4.153749942779541,4.153749942779541,12600
2004-02-24,3.258648633956909,4.21875,4.236249923706055,4.125,4.199999809265137,26560
2004-02-25,3.20554518699646,4.150000095367432,4.235000133514404,4.125,4.235000133514404,3960
2004-02-26,3.21809720993042,4.166250228881836,4.224999904632568,4.166250228881836,4.175000190734863,8480
2004-02-27,3.280856132507324,4.247499942779541,4.25,4.0625,4.06374979019165,21120
2004-03-01,3.279890537261963,4.246250152587891,4.25,4.199999809265137,4.25,11000
2004-03-02,3.279890537261963,4.246250152587891,4.246250152587891,4.246250152587891,4.246250152587891,0
2004-03-03,3.234510898590088,4.1875,4.25,4.175000190734863,4.237500190734863,5680
2004-03-04,3.2296831607818604,4.181250095367432,4.1875,4.110000133514404,4.12375020980835,8000
2004-03-05,3.2151999473571777,4.162499904632568,4.212500095367432,4.147500038146973,4.175000190734863,13640
2004-03-08,3.2094075679779053,4.15500020980835,4.222499847412109,4.110000133514404,4.119999885559082,47040
2004-03-09,3.1669230461120605,4.099999904632568,4.1875,4.077499866485596,4.152500152587891,166080
2004-03-10,3.0848536491394043,3.9937500953674316,4.184999942779541,3.984999895095825,4.111249923706055,17120
2004-03-11,3.04140567779541,3.9375,4.0,3.8787500858306885,3.901249885559082,4040
2004-03-12,3.079061269760132,3.9862499237060547,4.0,3.8762500286102295,3.8762500286102295,2720
2004-03-15,3.0655441284179688,3.96875,3.976249933242798,3.950000047683716,3.9574999809265137,560
2004-03-16,2.953542470932007,3.8237500190734863,3.9749999046325684,3.791249990463257,3.8499999046325684,3160
2004-03-17,2.9670603275299072,3.841249942779541,3.9124999046325684,3.8162500858306885,3.862499952316284,8840
2004-03-18,2.8917489051818848,3.7437500953674316,3.859999895095825,3.734999895095825,3.859999895095825,13480
2004-03-19,2.94388747215271,3.8112499713897705,3.8125,3.734999895095825,3.799999952316284,3000
2004-03-22,2.863748788833618,3.7074999809265137,3.7512500286102295,3.700000047683716,3.7512500286102295,8360
2004-03-23,2.88305926322937,3.7325000762939453,3.7874999046325684,3.6475000381469727,3.7874999046325684,10960
2004-03-24,2.847334861755371,3.6862499713897705,3.773750066757202,3.674999952316284,3.773750066757202,12640
2004-03-25,2.788437604904175,3.609999895095825,3.706249952316284,3.575000047683716,3.706249952316284,15160
2004-03-26,2.799058437347412,3.6237499713897705,3.747499942779541,3.609999895095825,3.747499942779541,9000
2004-03-29,2.8772659301757812,3.7249999046325684,3.875,3.6875,3.6875,11800
2004-03-30,2.808713674545288,3.6362500190734863,3.752500057220459,3.5875000953674316,3.7512500286102295,9320
2004-03-31,2.8647141456604004,3.708750009536743,3.872499942779541,3.615000009536743,3.872499942779541,1800
2004-04-01,2.9545085430145264,3.825000047683716,3.825000047683716,3.742500066757202,3.742500066757202,3600
2004-04-02,2.9805774688720703,3.858750104904175,3.875,3.6875,3.6875,7040
2004-04-05,3.012439489364624,3.9000000953674316,3.9124999046325684,3.8262500762939453,3.856250047683716,10440
2004-04-06,2.9255423545837402,3.7874999046325684,3.9375,3.7874999046325684,3.875,3760
2004-04-07,2.908163547515869,3.765000104904175,3.9124999046325684,3.728749990463257,3.911250114440918,12880
2004-04-08,2.928439140319824,3.791249990463257,3.7925000190734863,3.791249990463257,3.7925000190734863,200
2004-04-09,2.928439140319824,3.791249990463257,3.791249990463257,3.791249990463257,3.791249990463257,0
2004-04-12,2.9274742603302,3.7899999618530273,3.862499952316284,3.75,3.8162500858306885,31680
2004-04-13,2.9390599727630615,3.805000066757202,3.872499942779541,3.7537500858306885,3.872499942779541,51200
2004-04-14,2.9390599727630615,3.805000066757202,3.805000066757202,3.805000066757202,3.805000066757202,0
2004-04-15,2.979612350463867,3.8575000762939453,3.9375,3.7799999713897705,3.875,10040
2004-04-16,3.0269227027893066,3.918750047683716,3.9375,3.8499999046325684,3.862499952316284,9120
2004-04-19,3.053957462310791,3.953749895095825,3.987499952316284,3.924999952316284,3.940000057220459,7560
2004-04-20,3.004716396331787,3.890000104904175,3.956249952316284,3.815000057220459,3.950000047683716,20880
2004-04-21,2.9805774688720703,3.858750104904175,3.924999952316284,3.8125,3.8375000953674316,10480
2004-04-22,2.993129253387451,3.875,3.924999952316284,3.7874999046325684,3.924999952316284,13280
2004-04-23,2.9622325897216797,3.8350000381469727,3.961250066757202,3.8125,3.9375,12120
2004-04-27,2.911059617996216,3.768749952316284,3.9000000953674316,3.7512500286102295,3.8662500381469727,6160
2004-04-28,2.969956636428833,3.8450000286102295,3.898750066757202,3.8125,3.858750104904175,4120
2004-04-29,2.960301160812378,3.8324999809265137,3.8375000953674316,3.75,3.8125,8600
2004-04-30,2.8898181915283203,3.7412500381469727,3.825000047683716,3.7325000762939453,3.825000047683716,3760
2004-05-03,2.876300811767578,3.723750114440918,3.75,3.6875,3.713749885559082,12840
2004-05-04,2.895611047744751,3.7487499713897705,3.759999990463257,3.702500104904175,3.759999990463257,4520
2004-05-05,2.8994734287261963,3.7537500858306885,3.8125,3.7325000762939453,3.8125,33920
2004-05-06,2.88305926322937,3.7325000762939453,3.7874999046325684,3.7125000953674316,3.7874999046325684,10480
2004-05-07,3.0134053230285645,3.901249885559082,4.125,3.7249999046325684,3.759999990463257,61040
2004-05-10,2.986370801925659,3.8662500381469727,3.9375,3.7249999046325684,3.744999885559082,12200
2004-05-11,2.8714730739593506,3.7174999713897705,3.786250114440918,3.706249952316284,3.75,4000
2004-05-12,2.885956048965454,3.7362499237060547,3.799999952316284,3.700000047683716,3.799999952316284,4480
2004-05-13,2.8801629543304443,3.728749990463257,3.75,3.5875000953674316,3.6875,5680
2004-05-14,2.7372653484344482,3.543750047683716,3.7274999618530273,3.450000047683716,3.7274999618530273,15280
2004-05-17,2.577953815460205,3.3375000953674316,3.622499942779541,3.1500000953674316,3.223750114440918,5840
2004-05-18,2.6870574951171875,3.478749990463257,3.497499942779541,3.257499933242798,3.375,7120
2004-05-19,2.7768518924713135,3.5950000286102295,3.5999999046325684,3.5374999046325684,3.5374999046325684,3280
2004-05-20,2.7353341579437256,3.541249990463257,3.637500047683716,3.5374999046325684,3.625,7400
2004-05-21,2.795196294784546,3.6187500953674316,3.6187500953674316,3.5012500286102295,3.5374999046325684,10520
2004-05-24,2.7372653484344482,3.543750047683716,3.981250047683716,3.2750000953674316,3.981250047683716,22000
2004-05-25,2.7643001079559326,3.578749895095825,3.5999999046325684,3.557499885559082,3.5999999046325684,4200
2004-05-26,2.7314720153808594,3.536250114440918,3.625,3.5037500858306885,3.625,9960
2004-05-27,2.7285749912261963,3.5325000286102295,3.549999952316284,3.502500057220459,3.549999952316284,2800
2004-05-28,2.601125478744507,3.367500066757202,3.512500047683716,3.3137500286102295,3.5037500858306885,8320
2004-05-31,2.5731256008148193,3.331249952316284,3.4437499046325684,3.3125,3.3375000953674316,8640
2004-06-01,2.54898738861084,3.299999952316284,3.4749999046325684,3.2750000953674316,3.387500047683716,10440
2004-06-02,2.5248491764068604,3.268749952316284,3.3125,3.2512500286102295,3.3125,11600
2004-06-03,2.503607988357544,3.2412500381469727,3.3375000953674316,3.2249999046325684,3.3375000953674316,14240
2004-06-04,2.537400722503662,3.2850000858306885,3.293750047683716,3.25,3.25,4680
2004-06-07,2.522918701171875,3.266249895095825,3.325000047683716,3.2387499809265137,3.3237500190734863,4600
2004-06-08,2.510366916656494,3.25,3.3499999046325684,3.206249952316284,3.3499999046325684,4480
2004-06-09,2.5277462005615234,3.2725000381469727,3.3112499713897705,3.252500057220459,3.3112499713897705,5600
2004-06-10,2.5470564365386963,3.297499895095825,3.309999942779541,3.262500047683716,3.309999942779541,2880
2004-06-11,2.5345044136047363,3.28125,3.3112499713897705,3.25,3.2899999618530273,5800
2004-06-14,2.5470564365386963,3.297499895095825,3.3499999046325684,3.1912500858306885,3.192500114440918,13360
2004-06-15,2.5065040588378906,3.244999885559082,3.299999952316284,3.237499952316284,3.299999952316284,36960
2004-06-16,2.510366916656494,3.25,3.262500047683716,3.226249933242798,3.226249933242798,6160
2004-06-17,2.5258147716522217,3.2699999809265137,3.3125,3.228749990463257,3.228749990463257,8640
2004-06-18,2.5277462005615234,3.2725000381469727,3.2874999046325684,3.268749952316284,3.2874999046325684,25640
2004-06-21,2.5258147716522217,3.2699999809265137,3.286250114440918,3.237499952316284,3.255000114440918,9040
2004-06-22,2.5383670330047607,3.286250114440918,3.348750114440918,3.2774999141693115,3.299999952316284,3240
2004-06-23,2.555745840072632,3.3087499141693115,3.3125,3.283750057220459,3.2874999046325684,2960
2004-06-24,2.559607982635498,3.3137500286102295,3.3612499237060547,3.1887500286102295,3.25,7760
2004-06-25,2.5731256008148193,3.331249952316284,3.625,3.28125,3.625,3440
2004-06-28,2.6252641677856445,3.398750066757202,3.424999952316284,3.3125,3.3125,3400
2004-06-29,2.6938161849975586,3.487499952316284,3.5,3.4000000953674316,3.40625,6760
2004-06-30,2.6735403537750244,3.461250066757202,3.5,3.424999952316284,3.424999952316284,2120
2004-07-01,2.7034718990325928,3.5,3.5,3.4749999046325684,3.4962499141693115,36760
2004-07-02,2.7034718990325928,3.5,3.536250114440918,3.356250047683716,3.356250047683716,10640
2004-07-05,2.6580917835235596,3.4412500858306885,3.4987499713897705,3.4387500286102295,3.4412500858306885,4840
2004-07-06,2.669678211212158,3.456249952316284,3.5,3.4437499046325684,3.4437499046325684,680
2004-07-07,2.6938161849975586,3.487499952316284,3.5,3.487499952316284,3.5,7520
2004-07-08,2.601125478744507,3.367500066757202,3.5,3.351249933242798,3.497499942779541,17760
2004-07-09,2.617539882659912,3.3887500762939453,3.4375,3.351249933242798,3.3762500286102295,6440
2004-07-12,2.6020915508270264,3.3687500953674316,3.5,3.338749885559082,3.5,71880
2004-07-13,2.6059534549713135,3.3737499713897705,3.4625000953674316,3.34375,3.4625000953674316,14960
2004-07-14,2.6030569076538086,3.369999885559082,3.418750047683716,3.362499952316284,3.3812499046325684,36600
2004-07-15,2.613677501678467,3.3837499618530273,3.418750047683716,3.362499952316284,3.375,65600
2004-07-16,2.818913698196411,3.4337499141693115,3.4375,3.25,3.3350000381469727,99360
2004-07-19,2.7799181938171387,3.3862500190734863,3.4375,3.3687500953674316,3.4124999046325684,36960
2004-07-20,2.756316661834717,3.3575000762939453,3.434999942779541,3.3499999046325684,3.434999942779541,20520
2004-07-21,2.75015926361084,3.3499999046325684,3.387500047683716,3.3375000953674316,3.375,18200
2004-07-22,2.766578197479248,3.369999885559082,3.4000000953674316,3.3499999046325684,3.3499999046325684,83720
2004-07-23,2.804546356201172,3.416249990463257,3.4375,3.3712499141693115,3.375,18760
2004-07-26,2.8466198444366455,3.4674999713897705,3.5137500762939453,3.418750047683716,3.4375,32520
2004-07-27,2.854829788208008,3.4774999618530273,3.5350000858306885,3.3887500762939453,3.3887500762939453,35040
2004-07-28,2.849698781967163,3.471250057220459,3.536250114440918,3.450000047683716,3.4987499713897705,21400
2004-07-29,2.8209660053253174,3.4362499713897705,3.4800000190734863,3.4262499809265137,3.473750114440918,6720
2004-07-30,2.809677839279175,3.422499895095825,3.5250000953674316,3.4124999046325684,3.4725000858306885,21280
2004-08-02,2.8394367694854736,3.458750009536743,3.512500047683716,3.4512500762939453,3.512500047683716,10240
2004-08-03,2.819939613342285,3.434999942779541,3.4987499713897705,3.418750047683716,3.4987499713897705,13240
2004-08-04,2.80146861076355,3.4124999046325684,3.461250066757202,3.4100000858306885,3.461250066757202,14520
2004-08-05,2.8394367694854736,3.458750009536743,3.4749999046325684,3.427500009536743,3.450000047683716,7280
2004-08-06,2.8055734634399414,3.4175000190734863,3.4749999046325684,3.40625,3.473750114440918,24960
2004-08-09,2.796337366104126,3.40625,3.4362499713897705,3.375,3.380000114440918,12440
2004-08-10,2.8076260089874268,3.4200000762939453,3.4412500858306885,3.375,3.4412500858306885,21920
2004-08-11,2.80146861076355,3.4124999046325684,3.4375,3.4000000953674316,3.4375,15240
2004-08-12,2.7706832885742188,3.375,3.424999952316284,3.362499952316284,3.424999952316284,8880
2004-08-13,2.7829976081848145,3.390000104904175,3.4175000190734863,3.375,3.40625,8520
2004-08-16,2.7706832885742188,3.375,3.416249990463257,3.362499952316284,3.398750066757202,8840
2004-08-17,2.766578197479248,3.369999885559082,3.421250104904175,3.365000009536743,3.3812499046325684,6160
2004-08-18,2.7932586669921875,3.4024999141693115,3.411250114440918,3.362499952316284,3.375,9520
2004-08-19,2.788128137588501,3.396250009536743,3.4375,3.387500047683716,3.4124999046325684,17560
2004-08-20,2.7829976081848145,3.390000104904175,3.432499885559082,3.382499933242798,3.424999952316284,3520
2004-08-23,2.7696568965911865,3.3737499713897705,3.398750066757202,3.325000047683716,3.3762500286102295,4480
2004-08-24,2.8743269443511963,3.5012500286102295,3.5999999046325684,3.3787500858306885,3.424999952316284,89040
2004-08-25,3.01901912689209,3.677500009536743,3.706249952316284,3.5562500953674316,3.674999952316284,81080
2004-08-26,3.062117576599121,3.7300000190734863,3.8112499713897705,3.677500009536743,3.677500009536743,62400
2004-08-27,3.0097830295562744,3.666249990463257,3.737499952316284,3.6500000953674316,3.71875,27600
2004-08-30,3.114453077316284,3.793750047683716,3.8499999046325684,3.6875,3.6875,92360
2004-08-31,3.0713539123535156,3.7412500381469727,3.788749933242798,3.7249999046325684,3.7874999046325684,15400
2004-09-01,3.0816149711608887,3.7537500858306885,3.799999952316284,3.737499952316284,3.75,159680
2004-09-02,3.0785369873046875,3.75,3.7874999046325684,3.737499952316284,3.7512500286102295,21440
2004-09-03,3.089824676513672,3.7637500762939453,3.7750000953674316,3.7249999046325684,3.75,6960
2004-09-06,3.23451566696167,3.940000057220459,4.058750152587891,3.75,3.75,97600
2004-09-07,3.212966203689575,3.913749933242798,3.997499942779541,3.891249895095825,3.916249990463257,31080
2004-09-08,3.2889034748077393,4.006249904632568,4.059999942779541,3.921250104904175,3.9375,109600
2004-09-09,3.2468297481536865,3.9549999237060547,4.06125020980835,3.924999952316284,4.037499904632568,21440
2004-09-10,3.2355425357818604,3.9412500858306885,4.0,3.9375,3.9625000953674316,32400
2004-09-13,3.2642745971679688,3.976249933242798,4.0625,3.956249952316284,4.0625,11280
2004-09-14,3.26530122756958,3.9774999618530273,4.0,3.9375,3.958750009536743,19200
2004-09-15,3.2889034748077393,4.006249904632568,4.012499809265137,3.96875,4.0,25000
2004-09-16,3.2919816970825195,4.010000228881836,4.023749828338623,3.9749999046325684,4.0,15640
2004-09-17,3.30224347114563,4.022500038146973,4.099999904632568,3.997499942779541,3.997499942779541,14720
2004-09-20,3.2919816970825195,4.010000228881836,4.037499904632568,3.987499952316284,4.025000095367432,12200
2004-09-21,3.2889034748077393,4.006249904632568,4.03125,4.0,4.002500057220459,10120
2004-09-22,3.2981388568878174,4.017499923706055,4.018750190734863,3.96875,4.0,9040
2004-09-23,3.2591443061828613,3.9700000286102295,4.037499904632568,3.96875,4.037499904632568,8040
2004-09-24,3.278642177581787,3.9937500953674316,4.037499904632568,3.9700000286102295,4.037499904632568,4600
2004-09-27,3.221175193786621,3.9237499237060547,4.0,3.916249990463257,3.990000009536743,5280
2004-09-28,3.250934600830078,3.9600000381469727,3.9987499713897705,3.924999952316284,3.9387500286102295,15320
2004-09-29,3.225280284881592,3.9287500381469727,3.9600000381469727,3.9000000953674316,3.9600000381469727,11920
2004-09-30,3.277615547180176,3.992500066757202,4.012499809265137,3.950000047683716,3.950000047683716,7720
2004-10-01,3.2611968517303467,3.9725000858306885,3.9962499141693115,3.887500047683716,3.887500047683716,13200
2004-10-04,3.2458040714263916,3.953749895095825,4.087500095367432,3.924999952316284,4.0,20200
2004-10-05,3.2529876232147217,3.9625000953674316,4.037499904632568,3.952500104904175,4.037499904632568,18360
2004-10-06,3.219123363494873,3.921250104904175,4.012499809265137,3.9049999713897705,3.987499952316284,27520
2004-10-07,3.227332592010498,3.9312500953674316,3.9625000953674316,3.916249990463257,3.921250104904175,27640
2004-10-08,3.2386205196380615,3.944999933242798,3.9749999046325684,3.9124999046325684,3.9625000953674316,6880
2004-10-11,3.225280284881592,3.9287500381469727,4.099999904632568,3.9149999618530273,4.0625,16800
2004-10-12,3.1934688091278076,3.890000104904175,3.950000047683716,3.875,3.932499885559082,15360
2004-10-14,3.232463836669922,3.9375,3.9749999046325684,3.8762500286102295,3.9749999046325684,8000
2004-10-15,3.1996257305145264,3.8975000381469727,3.9749999046325684,3.75,3.75,4800
2004-10-18,3.149343252182007,3.836250066757202,3.893749952316284,3.815000057220459,3.891249895095825,10360
2004-10-19,3.130871295928955,3.8137500286102295,3.9000000953674316,3.805000066757202,3.875,14680
2004-10-20,3.098034381866455,3.773750066757202,3.8637499809265137,3.762500047683716,3.862499952316284,10240
2004-10-21,3.182180643081665,3.8762500286102295,4.125,3.8262500762939453,4.125,7120
2004-10-22,3.182180643081665,3.8762500286102295,3.8762500286102295,3.8762500286102295,3.8762500286102295,0
2004-10-25,3.0877723693847656,3.7612500190734863,3.887500047683716,3.75,3.887500047683716,11560
2004-10-26,3.098034381866455,3.773750066757202,3.862499952316284,3.6762499809265137,3.6812500953674316,7560
2004-10-27,3.060065507888794,3.7274999618530273,3.836250066757202,3.7125000953674316,3.7750000953674316,9800
2004-10-28,3.033384323120117,3.694999933242798,3.7987499237060547,3.6875,3.7987499237060547,16160
2004-10-29,2.998495101928711,3.6524999141693115,3.75,3.632499933242798,3.75,10840
2004-11-01,3.0795626640319824,3.7512500286102295,3.862499952316284,3.6524999141693115,3.862499952316284,11400
2004-11-02,3.082641839981079,3.755000114440918,3.807499885559082,3.7387499809265137,3.807499885559082,6360
2004-11-03,3.074431896209717,3.744999885559082,3.773750066757202,3.737499952316284,3.773750066757202,6440
2004-11-04,3.068275213241577,3.737499952316284,3.8112499713897705,3.728749990463257,3.762500047683716,9440
2004-11-05,3.111374616622925,3.7899999618530273,3.8237500190734863,3.700000047683716,3.7387499809265137,6000
2004-11-08,3.118557929992676,3.7987499237060547,3.8112499713897705,3.7512500286102295,3.78125,38320
2004-11-09,3.2396464347839355,3.9462499618530273,4.025000095367432,3.825000047683716,3.825000047683716,33920
2004-11-10,3.401782989501953,4.143750190734863,4.224999904632568,3.9375,3.9375,123280
2004-11-11,3.4294896125793457,4.177499771118164,4.375,4.137499809265137,4.300000190734863,66240
2004-11-12,3.4654064178466797,4.221250057220459,4.300000190734863,4.175000190734863,4.25,26480
2004-11-15,3.4654064178466797,4.221250057220459,4.221250057220459,4.221250057220459,4.221250057220459,0
2004-11-16,3.423333168029785,4.170000076293945,4.318749904632568,4.025000095367432,4.273749828338623,49880
2004-11-17,3.455143928527832,4.208749771118164,4.224999904632568,4.074999809265137,4.074999809265137,89640
2004-11-18,3.435647487640381,4.184999942779541,4.275000095367432,4.175000190734863,4.1875,39720
2004-11-19,3.368946075439453,4.103750228881836,4.1875,4.102499961853027,4.175000190734863,35760
2004-11-22,3.3648407459259033,4.098750114440918,4.106249809265137,3.9574999809265137,4.050000190734863,29800
2004-11-23,3.5331337451934814,4.303750038146973,4.4375,4.099999904632568,4.099999904632568,113080
2004-11-24,3.4961915016174316,4.258749961853027,4.381249904632568,4.25,4.3125,18680
2004-11-25,3.477720260620117,4.236249923706055,4.324999809265137,4.176249980926514,4.191249847412109,34720
2004-11-26,3.477720260620117,4.236249923706055,4.236249923706055,4.236249923706055,4.236249923706055,0
2004-11-29,3.4807980060577393,4.239999771118164,4.302499771118164,4.152500152587891,4.276249885559082,30320
2004-11-30,3.4438562393188477,4.195000171661377,4.324999809265137,4.1875,4.318749904632568,22240
2004-12-01,3.4428303241729736,4.193749904632568,4.3125,4.138750076293945,4.1875,21000
2004-12-02,3.425384521484375,4.172500133514404,4.25,4.162499904632568,4.25,31040
2004-12-03,3.491060972213745,4.252500057220459,4.289999961853027,4.175000190734863,4.177499771118164,142000
2004-12-06,3.536212205886841,4.307499885559082,4.337500095367432,4.176249980926514,4.3125,41280
2004-12-07,3.512611150741577,4.278749942779541,4.3125,4.262499809265137,4.3125,10000
2004-12-08,3.508504867553711,4.273749828338623,4.300000190734863,4.25,4.287499904632568,27640
2004-12-09,3.5423693656921387,4.315000057220459,4.375,4.125,4.125,27680
2004-12-10,3.5803382396698,4.361249923706055,4.375,4.315000057220459,4.367499828338623,28560
2004-12-13,3.644986629486084,4.440000057220459,4.5,4.363749980926514,4.4375,28560
2004-12-14,3.644986629486084,4.440000057220459,4.599999904632568,4.1875,4.1875,27040
2004-12-15,3.6111233234405518,4.398749828338623,4.5,4.387499809265137,4.4375,21000
2004-12-16,3.613175630569458,4.401249885559082,4.421249866485596,4.324999809265137,4.381249904632568,32160
2004-12-17,3.648066520690918,4.443749904632568,4.478750228881836,4.425000190734863,4.425000190734863,25160
2004-12-20,3.8122544288635254,4.643750190734863,4.787499904632568,4.512499809265137,4.75,29400
2004-12-21,3.8450927734375,4.683750152587891,4.741250038146973,4.650000095367432,4.675000190734863,24760
2004-12-22,3.772233247756958,4.59499979019165,4.78125,4.5625,4.75,25240
2004-12-23,3.7650508880615234,4.586249828338623,4.684999942779541,4.488749980926514,4.491250038146973,8800
2004-12-24,3.8296990394592285,4.664999961853027,4.68625020980835,4.625,4.68625020980835,39360
2004-12-27,3.8676679134368896,4.711249828338623,4.75,4.6875,4.741250038146973,51320
2004-12-28,3.881009101867676,4.727499961853027,4.75,4.701250076293945,4.701250076293945,11440
2004-12-29,3.9056379795074463,4.757500171661377,4.875,4.699999809265137,4.87375020980835,47160
2004-12-30,3.8635635375976562,4.706250190734863,4.837500095367432,4.690000057220459,4.75,15720
2004-12-31,3.862537145614624,4.704999923706055,4.75,4.550000190734863,4.550000190734863,21520
2005-01-03,4.133449077606201,5.034999847412109,5.125,4.795000076293945,4.824999809265137,87360
2005-01-04,4.066747188568115,4.953750133514404,5.025000095367432,4.875,5.0,18960
2005-01-05,3.8902437686920166,4.738749980926514,4.9375,4.62624979019165,4.901249885559082,24720
2005-01-06,3.8830602169036865,4.730000019073486,4.787499904632568,4.625,4.738749980926514,19720
2005-01-07,3.95694637298584,4.820000171661377,4.872499942779541,4.574999809265137,4.574999809265137,31200
2005-01-10,4.072904109954834,4.961249828338623,4.974999904632568,4.8125,4.8125,29400
2005-01-11,4.0934271812438965,4.986249923706055,5.025000095367432,4.875,4.925000190734863,53600
2005-01-12,4.053406238555908,4.9375,5.022500038146973,4.473750114440918,4.473750114440918,42400
2005-01-13,3.9867053031921387,4.856249809265137,4.962500095367432,4.8125,4.962500095367432,12440
2005-01-14,3.936422109603882,4.795000076293945,4.900000095367432,4.768750190734863,4.851250171661377,5680
2005-01-17,3.862537145614624,4.704999923706055,4.771249771118164,4.6875,4.766250133514404,6840
2005-01-18,3.8769032955169678,4.722499847412109,4.762499809265137,4.699999809265137,4.75,6480
2005-01-19,3.826620578765869,4.661250114440918,4.75,4.641250133514404,4.75,5760
2005-01-20,3.757866382598877,4.577499866485596,4.662499904632568,4.5625,4.644999980926514,12480
2005-01-24,3.821491003036499,4.65500020980835,4.724999904632568,4.5625,4.612500190734863,11160
2005-01-25,3.9097416400909424,4.762499809265137,4.775000095367432,4.692500114440918,4.693749904632568,9240
2005-01-27,4.072904109954834,4.961249828338623,5.0,4.625,4.762499809265137,60400
2005-01-28,4.133449077606201,5.034999847412109,5.0625,4.962500095367432,4.962500095367432,47160
2005-01-31,4.211438179016113,5.130000114440918,5.175000190734863,5.0,5.122499942779541,56800
2005-02-01,4.187835693359375,5.101250171661377,5.125,4.993750095367432,5.0625,12840
2005-02-02,4.06572151184082,4.952499866485596,5.161250114440918,4.925000190734863,4.978750228881836,15600
2005-02-03,4.124212265014648,5.023749828338623,5.037499904632568,4.913750171661377,4.913750171661377,11600
2005-02-04,4.119081497192383,5.017499923706055,5.074999809265137,4.9375,4.9375,33440
2005-02-07,4.15602445602417,5.0625,5.081250190734863,4.949999809265137,4.949999809265137,14080
2005-02-08,4.131396293640137,5.03249979019165,5.0625,4.875,5.0625,40400
2005-02-09,4.185784339904785,5.098750114440918,5.150000095367432,5.0625,5.0625,16640
2005-02-10,4.298663139343262,5.236249923706055,5.275000095367432,5.076250076293945,5.099999904632568,42880
2005-02-11,4.425909996032715,5.391250133514404,5.4375,5.224999904632568,5.224999904632568,33520
2005-02-14,4.422831058502197,5.387499809265137,5.449999809265137,5.3125,5.401249885559082,13160
2005-02-15,4.379731178283691,5.335000038146973,5.362500190734863,5.1875,5.306250095367432,8720
2005-02-16,4.381783962249756,5.337500095367432,5.393750190734863,5.25124979019165,5.25124979019165,30480
2005-02-17,4.317134857177734,5.258749961853027,5.392499923706055,5.25,5.309999942779541,13880
2005-02-18,4.251460075378418,5.178750038146973,5.375,5.099999904632568,5.375,12320
2005-02-21,4.211438179016113,5.130000114440918,5.25,5.087500095367432,5.193749904632568,12600
2005-02-22,4.22683048248291,5.148749828338623,5.375,5.103750228881836,5.197500228881836,9320
2005-02-23,4.259666919708252,5.18874979019165,5.25,5.125,5.125,7240
2005-02-24,4.237092971801758,5.161250114440918,5.3125,5.088749885559082,5.24875020980835,9760
2005-02-25,4.245302200317383,5.171249866485596,5.25124979019165,5.150000095367432,5.150000095367432,10520
2005-02-28,4.34791898727417,5.296249866485596,5.324999809265137,5.037499904632568,5.037499904632568,19760
2005-03-01,4.393073081970215,5.351250171661377,5.387499809265137,5.275000095367432,5.375,26000
2005-03-02,4.5562334060668945,5.550000190734863,5.599999904632568,5.3125,5.3125,23360
2005-03-03,4.683480262756348,5.704999923706055,5.75,5.56125020980835,5.5625,30320
2005-03-04,4.6424336433410645,5.65500020980835,5.762499809265137,5.650000095367432,5.662499904632568,16160
2005-03-07,4.618831157684326,5.62624979019165,5.650000095367432,5.5625,5.5625,19440
2005-03-08,4.631145000457764,5.641250133514404,5.650000095367432,5.53249979019165,5.543749809265137,16120
2005-03-09,4.578810214996338,5.577499866485596,5.650000095367432,5.534999847412109,5.650000095367432,5160
2005-03-10,4.605490684509277,5.610000133514404,5.625,5.5,5.50124979019165,8640
2005-03-11,4.3807573318481445,5.336249828338623,5.625,5.12624979019165,5.606249809265137,20720
2005-03-14,4.514161109924316,5.49875020980835,5.622499942779541,5.383749961853027,5.383749961853027,40680
2005-03-15,4.5593132972717285,5.553750038146973,6.0,5.5,6.0,30040
2005-03-16,4.6362762451171875,5.647500038146973,5.737500190734863,5.5,5.5,12760
2005-03-17,4.520317077636719,5.506249904632568,5.699999809265137,5.5,5.675000190734863,14560
2005-03-18,4.459773063659668,5.432499885559082,5.525000095367432,5.375,5.525000095367432,15040
2005-03-21,4.560338497161865,5.554999828338623,5.96875,5.486249923706055,5.96875,13800
2005-03-22,4.531606197357178,5.519999980926514,5.6875,5.452499866485596,5.6875,15520
2005-03-23,4.374600887298584,5.328750133514404,5.550000190734863,5.275000095367432,5.5,11400
2005-03-24,4.339710712432861,5.286250114440918,5.443749904632568,5.257500171661377,5.4375,11640
2005-03-28,4.245302200317383,5.171249866485596,5.375,5.099999904632568,5.25,10280
2005-03-29,4.207334518432617,5.125,5.297500133514404,5.0,5.175000190734863,10480
2005-03-30,4.219647407531738,5.139999866485596,5.199999809265137,5.118750095367432,5.12624979019165,7200
2005-03-31,4.256589412689209,5.184999942779541,5.256249904632568,5.150000095367432,5.199999809265137,14400
2005-04-01,4.403332710266113,5.363749980926514,5.375,5.212500095367432,5.262499809265137,24200
2005-04-04,4.316107749938965,5.257500171661377,5.375,5.216249942779541,5.375,25160
2005-04-05,4.319188117980957,5.261250019073486,5.3125,5.237500190734863,5.237500190734863,3920
2005-04-06,4.3622870445251465,5.31374979019165,5.5,4.637499809265137,4.637499809265137,266040
2005-04-07,4.337658405303955,5.283750057220459,5.474999904632568,5.263750076293945,5.421249866485596,24040
2005-04-08,4.318161487579346,5.260000228881836,5.425000190734863,5.199999809265137,5.387499809265137,4960
2005-04-11,4.245302200317383,5.171249866485596,5.25,5.070000171661377,5.25,25160
2005-04-12,4.310977458953857,5.25124979019165,5.409999847412109,5.065000057220459,5.065000057220459,15400
2005-04-13,4.265825271606445,5.196249961853027,5.43625020980835,5.125,5.237500190734863,15720
2005-04-15,4.258642196655273,5.1875,5.262499809265137,5.112500190734863,5.262499809265137,7760
2005-04-18,4.215542793273926,5.135000228881836,5.1875,5.074999809265137,5.1875,10000
2005-04-19,4.265825271606445,5.196249961853027,5.349999904632568,5.074999809265137,5.087500095367432,6840
2005-04-20,4.210411071777344,5.128749847412109,5.199999809265137,5.051249980926514,5.1875,14720
2005-04-21,4.319188117980957,5.261250019073486,5.31125020980835,5.088749885559082,5.31125020980835,92360
2005-04-22,4.308925151824951,5.24875020980835,5.375,5.202499866485596,5.375,5960
2005-04-25,4.287376880645752,5.222499847412109,5.25,5.0625,5.193749904632568,7080
2005-04-26,4.299689769744873,5.237500190734863,5.287499904632568,5.150000095367432,5.287499904632568,10520
2005-04-27,4.270956993103027,5.202499866485596,5.298749923706055,5.178750038146973,5.298749923706055,14480
2005-04-28,4.283269882202148,5.21750020980835,5.425000190734863,5.1875,5.3125,12840
2005-04-29,4.207334518432617,5.125,5.212500095367432,5.099999904632568,5.212500095367432,4440
2005-05-02,4.261720180511475,5.191249847412109,5.224999904632568,5.112500190734863,5.112500190734863,7120
2005-05-03,4.264800071716309,5.195000171661377,5.300000190734863,5.191249847412109,5.300000190734863,5200
2005-05-04,4.290455341339111,5.226250171661377,5.287499904632568,4.820000171661377,5.18874979019165,41640
2005-05-05,4.372547626495361,5.326250076293945,5.474999904632568,5.150000095367432,5.150000095367432,24880
2005-05-06,4.427961826324463,5.393750190734863,5.537499904632568,5.349999904632568,5.525000095367432,12760
2005-05-09,4.504925727844238,5.487500190734863,5.536250114440918,5.351250171661377,5.351250171661377,12600
2005-05-10,4.494662284851074,5.474999904632568,5.506249904632568,5.4375,5.449999809265137,9040
2005-05-11,4.631145000457764,5.641250133514404,5.6875,5.525000095367432,5.537499904632568,25440
2005-05-12,4.744024276733398,5.778749942779541,5.8125,5.675000190734863,5.724999904632568,28880
2005-05-13,4.817910194396973,5.868750095367432,5.912499904632568,5.75,5.8125,27960
2005-05-16,4.926685333251953,6.00124979019165,6.125,5.824999809265137,5.824999809265137,40560
2005-05-17,4.838434219360352,5.893750190734863,6.181250095367432,5.764999866485596,6.181250095367432,87640
2005-05-18,4.7142653465271,5.742499828338623,5.875,5.651249885559082,5.875,38640
2005-05-19,4.723501205444336,5.753749847412109,5.837500095367432,5.75,5.8125,20840
2005-05-20,4.727605819702148,5.758749961853027,5.875,5.724999904632568,5.787499904632568,9360
2005-05-23,4.7337646484375,5.766250133514404,5.87375020980835,5.377500057220459,5.675000190734863,12840
2005-05-24,4.7255539894104,5.756249904632568,6.24875020980835,5.5625,6.24875020980835,8960
2005-05-25,4.7707061767578125,5.81125020980835,5.862500190734863,5.75124979019165,5.787499904632568,11600
2005-05-26,4.885638236999512,5.951250076293945,5.962500095367432,5.816249847412109,5.862500190734863,26600
2005-05-27,4.86203670501709,5.922500133514404,5.996250152587891,5.887499809265137,5.9375,14040
2005-05-30,4.896925449371338,5.965000152587891,6.0,5.75,5.875,32000
2005-05-31,4.833302021026611,5.887499809265137,6.0,5.863749980926514,6.0,6320
2005-06-01,4.879481315612793,5.943749904632568,5.962500095367432,5.875,5.875,13080
2005-06-02,4.845615863800049,5.902500152587891,5.986249923706055,5.659999847412109,5.659999847412109,1680
2005-06-03,4.875374794006348,5.93874979019165,5.953750133514404,5.912499904632568,5.912499904632568,4040
2005-06-06,4.874350070953369,5.9375,6.0,5.90500020980835,5.949999809265137,7200
2005-06-07,4.874350070953369,5.9375,6.008749961853027,5.9375,5.9375,11480
2005-06-08,4.8805060386657715,5.945000171661377,6.025000095367432,5.9375,6.0,8840
2005-06-09,5.047773838043213,6.148749828338623,6.1875,5.9375,5.9375,25480
2005-06-10,5.148338794708252,6.271249771118164,6.3125,6.151249885559082,6.224999904632568,38640
2005-06-13,5.130894184112549,6.25,6.293749809265137,6.199999809265137,6.25,15240
2005-06-14,5.223249912261963,6.362500190734863,6.387499809265137,6.142499923706055,6.25,17720
2005-06-15,5.306370735168457,6.463749885559082,6.5625,6.144999980926514,6.351250171661377,35320
2005-06-16,5.156548976898193,6.28125,6.387499809265137,6.25,6.375,9040
2005-06-17,5.0446953773498535,6.144999980926514,6.25,6.074999809265137,6.141250133514404,10640
2005-06-20,5.046748161315918,6.147500038146973,6.224999904632568,5.949999809265137,6.1875,11120
2005-06-21,4.994411945343018,6.083749771118164,6.25,5.659999847412109,5.659999847412109,16640
2005-06-22,5.02827787399292,6.125,6.150000095367432,6.0,6.150000095367432,16760
2005-06-23,5.070350646972656,6.176249980926514,6.25,6.025000095367432,6.025000095367432,7640
2005-06-24,5.266349792480469,6.414999961853027,6.78125,6.125,6.125,118520
2005-06-27,5.385386943817139,6.559999942779541,6.681250095367432,6.456250190734863,6.5,65720
2005-06-28,5.232485771179199,6.37375020980835,6.68625020980835,6.262499809265137,6.650000095367432,17640
2005-06-29,5.233512878417969,6.375,6.4375,6.337500095367432,6.4375,11360
2005-06-30,5.240695953369141,6.383749961853027,6.474999904632568,6.3125,6.375,25040
2005-07-01,5.297135353088379,6.452499866485596,6.548749923706055,6.413750171661377,6.449999809265137,12920
2005-07-04,5.425407409667969,6.608749866485596,7.0,6.5625,6.744999885559082,117480
2005-07-05,5.477743148803711,6.672500133514404,7.110000133514404,6.608749866485596,6.862500190734863,42480
2005-07-06,5.556757926940918,6.768750190734863,7.125,6.637499809265137,7.125,14080
2005-07-07,5.463377475738525,6.65500020980835,6.861249923706055,6.625,6.800000190734863,21040
2005-07-08,5.516737937927246,6.71999979019165,6.74875020980835,6.5625,6.5625,9520
2005-07-11,5.46029806137085,6.651249885559082,6.8125,6.612500190734863,6.8125,15240
2005-07-12,5.468507766723633,6.661250114440918,6.847499847412109,6.612500190734863,6.847499847412109,9960
2005-07-13,5.447984218597412,6.636250019073486,6.6875,6.576250076293945,6.6875,9080
2005-07-14,5.438747406005859,6.625,6.81125020980835,6.588749885559082,6.81125020980835,51400
2005-07-15,5.431565284729004,6.616250038146973,6.746250152587891,6.576250076293945,6.746250152587891,29840
2005-07-18,5.4366960525512695,6.622499942779541,6.673749923706055,6.599999904632568,6.625,15360
2005-07-19,5.411041736602783,6.591249942779541,6.673749923706055,6.553750038146973,6.625,59200
2005-07-20,5.438747406005859,6.625,6.625,6.537499904632568,6.599999904632568,27360
2005-07-21,5.438747406005859,6.625,6.637499809265137,6.601250171661377,6.625,90480
2005-07-22,5.645633220672607,6.617499828338623,6.671249866485596,6.550000190734863,6.550000190734863,8640
2005-07-25,5.775737762451172,6.769999980926514,6.93874979019165,6.699999809265137,6.699999809265137,22840
2005-07-26,5.754408836364746,6.744999885559082,6.800000190734863,6.6875,6.800000190734863,5920
2005-07-27,5.705353260040283,6.6875,6.722499847412109,6.5625,6.56374979019165,4080
2005-07-28,22.821413040161133,26.75,26.75,26.75,26.75,0
2005-07-29,5.71601676940918,6.699999809265137,6.75,6.516250133514404,6.516250133514404,13560
2005-08-01,5.65523099899292,6.628749847412109,6.737500190734863,6.568749904632568,6.637499809265137,5600
2005-08-02,5.821593284606934,6.823750019073486,6.9375,6.625,6.625,13240
2005-08-03,5.856785774230957,6.864999771118164,6.923749923706055,6.699999809265137,6.699999809265137,14360
2005-08-04,5.863183975219727,6.872499942779541,6.911250114440918,6.75,6.75,6760
2005-08-05,5.975157737731934,7.003749847412109,7.0625,6.875,6.925000190734863,25360
2005-08-08,5.994354248046875,7.026249885559082,7.125,7.0,7.0,12600
2005-08-09,5.947431564331055,6.971250057220459,7.0625,6.87624979019165,6.974999904632568,30400
2005-08-10,5.953829765319824,6.978750228881836,7.050000190734863,6.963749885559082,7.0,3280
2005-08-11,6.026346206665039,7.06374979019165,7.125,6.824999809265137,7.0625,13160
2005-08-12,6.071135520935059,7.116250038146973,7.18625020980835,6.887499809265137,7.125,7120
2005-08-16,6.092464447021484,7.141250133514404,7.25,6.675000190734863,7.25,6760
2005-08-17,6.211903095245361,7.28125,7.434999942779541,7.150000095367432,7.1875,34200
2005-08-18,6.138320446014404,7.195000171661377,7.5,7.175000190734863,7.487500190734863,24920
2005-08-19,6.168180465698242,7.230000019073486,7.462500095367432,7.1875,7.462500095367432,9520
2005-08-22,6.210837364196777,7.28000020980835,7.6875,7.224999904632568,7.6875,29640
2005-08-23,6.141519546508789,7.198750019073486,7.974999904632568,7.1875,7.650000095367432,14640
2005-08-24,6.176711559295654,7.239999771118164,7.300000190734863,7.06374979019165,7.199999809265137,12680
2005-08-25,6.160715103149414,7.221250057220459,7.28125,7.151249885559082,7.224999904632568,5240
2005-08-26,6.35906982421875,7.453750133514404,7.6875,6.8125,6.8125,22640
2005-08-29,6.440117835998535,7.548749923706055,7.574999809265137,7.262499809265137,7.4375,21120
2005-08-30,6.696059226989746,7.848750114440918,7.875,7.625,7.737500190734863,52240
2005-08-31,7.233535289764404,8.478750228881836,8.512499809265137,7.84375,8.123749732971191,64480
2005-09-01,7.42548942565918,8.703749656677246,8.743749618530273,8.487500190734863,8.5,65560
2005-09-02,7.372169017791748,8.641249656677246,9.225000381469727,8.512499809265137,9.225000381469727,65800
2005-09-05,7.405228137969971,8.680000305175781,8.862500190734863,8.600000381469727,8.625,31040
2005-09-06,7.384966850280762,8.65625,8.873749732971191,8.5625,8.8725004196167,29440
2005-09-08,7.367901802062988,8.636249542236328,8.762499809265137,8.625,8.737500190734863,31920
2005-09-09,7.279389381408691,8.532500267028809,8.743749618530273,8.512499809265137,8.743749618530273,29680
2005-09-12,7.299652099609375,8.556249618530273,8.625,8.513750076293945,8.5625,17600
2005-09-13,7.263395309448242,8.513750076293945,8.625,8.476249694824219,8.5625,18880
2005-09-14,7.089568138122559,8.3100004196167,8.625,8.0,8.0,46720
2005-09-15,7.303918838500977,8.561249732971191,8.625,8.0,8.0,27920
2005-09-16,7.454285144805908,8.737500190734863,8.859999656677246,8.5,8.6875,64840
2005-09-19,7.905380725860596,9.266249656677246,9.362500190734863,8.824999809265137,8.837499618530273,158680
2005-09-20,16.88144874572754,19.787500381469727,19.924999237060547,18.387500762939453,18.975000381469727,2546144
2005-09-21,17.88388442993164,20.962499618530273,21.212499618530273,19.75,20.0,3560268
2005-09-22,19.3981990814209,22.737499237060547,25.0,21.237499237060547,21.25,8424440
2005-09-23,19.85675811767578,23.274999618530273,24.5,22.75,22.75,3715664
2005-09-26,19.53683853149414,22.899999618530273,23.875,22.5,23.75,2097788
2005-09-27,18.9822998046875,22.25,23.700000762939453,21.875,23.237499237060547,2047336
2005-09-28,18.23579978942871,21.375,22.487499237060547,21.262500762939453,22.3125,868832
2005-09-29,18.321115493774414,21.475000381469727,22.25,21.225000381469727,21.225000381469727,949924
2005-09-30,17.819896697998047,20.887500762939453,21.950000762939453,20.5,21.950000762939453,675772
2005-10-03,17.222698211669922,20.1875,21.225000381469727,20.100000381469727,21.174999237060547,711256
2005-10-04,16.796133041381836,19.6875,20.625,19.537500381469727,20.450000762939453,1359876
2005-10-05,16.75347900390625,19.637500762939453,20.274999618530273,19.524999618530273,19.950000762939453,1231660
2005-10-06,16.593515396118164,19.450000762939453,19.987499237060547,19.25,19.637500762939453,622504
2005-10-07,16.614839553833008,19.475000381469727,19.850000381469727,19.25,19.5,482808
2005-10-10,16.262922286987305,19.0625,19.75,18.975000381469727,19.625,276616
2005-10-11,16.0283145904541,18.787500381469727,19.25,18.5,19.25,302000
2005-10-13,15.580412864685059,18.262500762939453,18.75,18.100000381469727,18.5,367696
2005-10-14,15.26048755645752,17.887500762939453,18.375,17.774999618530273,18.375,374768
2005-10-17,15.121849060058594,17.725000381469727,18.350000381469727,17.625,18.350000381469727,281388
2005-10-18,15.687057495117188,18.387500762939453,19.174999237060547,17.75,18.0,945100
2005-10-19,15.463104248046875,18.125,18.987499237060547,17.587499618530273,18.5,883292
2005-10-20,15.281816482543945,17.912500381469727,18.75,17.725000381469727,18.587499618530273,484644
2005-10-21,15.59107780456543,18.274999618530273,18.487499237060547,17.75,18.0,325948
2005-10-24,15.473772048950195,18.137500762939453,18.700000762939453,18.075000762939453,18.424999237060547,198836
2005-10-25,15.431112289428711,18.087499618530273,18.25,18.0,18.037500381469727,119520
2005-10-26,15.047203063964844,17.637500762939453,18.200000762939453,17.524999618530273,18.200000762939453,194320
2005-10-27,14.993881225585938,17.575000762939453,17.887500762939453,17.524999618530273,17.75,161020
2005-10-28,14.961886405944824,17.537500381469727,17.850000381469727,17.274999618530273,17.5,382532
2005-10-31,15.537755966186523,18.212499618530273,18.25,17.5,17.537500381469727,374292
2005-11-02,16.0283145904541,18.787500381469727,18.924999237060547,18.325000762939453,18.450000762939453,582440
2005-11-04,16.0283145904541,18.787500381469727,18.787500381469727,18.787500381469727,18.787500381469727,0
2005-11-07,16.593515396118164,19.450000762939453,20.100000381469727,18.274999618530273,18.975000381469727,773588
2005-11-08,16.48687171936035,19.325000762939453,20.100000381469727,19.149999618530273,19.5,1001596
2005-11-09,15.527094841003418,18.200000762939453,19.625,18.0625,19.5,677564
2005-11-10,15.729713439941406,18.4375,18.850000381469727,18.200000762939453,18.450000762939453,740920
2005-11-11,15.911001205444336,18.649999618530273,18.75,18.262500762939453,18.262500762939453,393260
2005-11-14,16.0283145904541,18.787500381469727,18.899999618530273,18.512500762939453,18.875,387744
2005-11-16,16.166950225830078,18.950000762939453,19.25,18.625,18.75,350184
2005-11-17,16.049638748168945,18.8125,19.375,18.75,19.0,359224
2005-11-18,15.985651016235352,18.737499237060547,18.875,18.625,18.875,224408
2005-11-21,15.804363250732422,18.524999618530273,18.825000762939453,18.4375,18.75,352312
2005-11-22,15.601743698120117,18.287500381469727,18.674999237060547,18.137500762939453,18.5,189480
2005-11-23,15.804363250732422,18.524999618530273,18.625,18.299999237060547,18.375,158176
2005-11-24,15.932331085205078,18.674999237060547,18.799999237060547,18.125,18.125,273824
2005-11-25,15.996320724487305,18.75,18.875,18.625,18.75,151024
2005-11-28,16.39089584350586,19.212499618530273,19.75,19.125,19.375,568936
2005-11-29,16.22026824951172,19.012500762939453,19.25,18.649999618530273,19.225000381469727,152996
2005-11-30,16.0283145904541,18.787500381469727,19.200000762939453,18.725000381469727,19.112499237060547,217732
2005-12-01,15.932331085205078,18.674999237060547,18.962499618530273,18.537500381469727,18.962499618530273,115220
2005-12-02,15.942997932434082,18.6875,18.887500762939453,18.575000762939453,18.575000762939453,145396
2005-12-05,15.932331085205078,18.674999237060547,19.125,18.5,18.75,144164
2005-12-06,16.006982803344727,18.762500762939453,19.0,18.5,18.537500381469727,307520
2005-12-07,15.964324951171875,18.712499618530273,18.924999237060547,18.625,18.875,73476
2005-12-08,16.124282836914062,18.899999618530273,19.25,18.75,19.25,139476
2005-12-09,16.550857543945312,19.399999618530273,19.924999237060547,19.0,19.0,822104
2005-12-12,17.094738006591797,20.037500381469727,20.725000381469727,19.5625,19.75,1382772
2005-12-13,17.969196319580078,21.0625,21.225000381469727,19.787500381469727,20.174999237060547,2111588
2005-12-14,17.9478702545166,21.037500381469727,21.600000381469727,20.575000762939453,21.25,992760
2005-12-15,17.435983657836914,20.4375,21.237499237060547,20.287500381469727,20.575000762939453,334716
2005-12-16,17.531963348388672,20.549999237060547,20.662500381469727,20.25,20.612499237060547,227016
2005-12-19,17.723920822143555,20.774999618530273,21.0,20.524999618530273,20.524999618530273,461636
2005-12-20,17.755910873413086,20.8125,20.9375,20.625,20.9375,323780
2005-12-21,17.350671768188477,20.337499618530273,21.049999237060547,20.274999618530273,20.8125,176232
2005-12-22,17.510631561279297,20.524999618530273,21.299999237060547,20.412500381469727,20.549999237060547,712408
2005-12-23,17.88388442993164,20.962499618530273,21.125,20.625,20.75,645836
2005-12-26,17.734586715698242,20.787500381469727,21.5,20.625,21.5,309024
2005-12-27,17.510631561279297,20.524999618530273,20.924999237060547,20.274999618530273,20.274999618530273,128296
2005-12-28,17.766572952270508,20.825000762939453,21.125,20.625,20.625,223676
2005-12-29,17.787904739379883,20.850000381469727,21.25,20.774999618530273,21.0,83948
2005-12-30,17.37200355529785,20.362499237060547,21.0,20.25,20.875,257992
2006-01-02,18.20380973815918,21.337499618530273,21.5,20.5625,20.737499237060547,460692
2006-01-03,18.694364547729492,21.912500381469727,22.174999237060547,21.25,21.4375,790048
2006-01-04,18.54506492614746,21.737499237060547,22.75,21.625,22.0,484956
2006-01-05,18.55573272705078,21.75,22.25,21.575000762939453,21.75,462720
2006-01-06,18.502405166625977,21.6875,22.112499237060547,21.537500381469727,21.875,247876
2006-01-09,19.17425537109375,22.475000381469727,23.0,22.0,22.125,887080
2006-01-10,18.971633911132812,22.237499237060547,22.674999237060547,22.024999618530273,22.487499237060547,371392
2006-01-12,19.0142879486084,22.287500381469727,22.5,22.0625,22.225000381469727,321264
2006-01-13,19.3981990814209,22.737499237060547,23.237499237060547,22.225000381469727,22.5,786084
2006-01-16,19.03561782836914,22.3125,23.0625,22.25,22.75,332412
2006-01-17,18.811668395996094,22.049999237060547,22.612499237060547,22.0,22.475000381469727,259684
2006-01-18,18.864990234375,22.112499237060547,22.4375,21.5625,22.049999237060547,213580
2006-01-19,19.152921676635742,22.450000762939453,22.75,22.25,22.5,215152
2006-01-20,19.238237380981445,22.549999237060547,23.75,22.0,23.75,187256
2006-01-23,19.142261505126953,22.4375,22.625,21.25,22.0,318628
2006-01-24,19.430191040039062,22.774999618530273,22.875,22.4375,22.4375,343668
2006-01-25,19.238237380981445,22.549999237060547,23.0,22.537500381469727,22.774999618530273,187892
2006-01-27,19.024951934814453,22.299999237060547,22.625,22.25,22.5,182964
2006-01-30,18.56639289855957,21.762500762939453,22.412500381469727,21.387500762939453,22.25,256976
2006-01-31,18.40642547607422,21.575000762939453,21.924999237060547,21.524999618530273,21.8125,95816
2006-02-01,17.905210494995117,20.987499237060547,21.75,20.799999237060547,21.75,187736
2006-02-02,18.11849594116211,21.237499237060547,22.5,21.049999237060547,22.475000381469727,163172
2006-02-03,18.342445373535156,21.5,21.625,21.024999618530273,21.5,181024
2006-02-06,18.310457229614258,21.462499618530273,21.975000381469727,21.25,21.5,744172
2006-02-07,18.04384422302246,21.149999618530273,21.625,20.9375,21.5,178820
2006-02-08,18.299785614013672,21.450000762939453,21.625,21.0,21.25,211288
2006-02-10,19.3981990814209,22.737499237060547,23.5,21.375,21.587499618530273,672676
2006-02-13,19.814105987548828,23.225000381469727,23.5,22.475000381469727,22.950000762939453,618568
2006-02-14,20.38997459411621,23.899999618530273,24.049999237060547,23.200000762939453,23.262500762939453,842536
2006-02-15,20.38997459411621,23.899999618530273,24.25,23.674999237060547,23.899999618530273,556732
2006-02-16,20.36864471435547,23.875,24.225000381469727,23.6875,24.212499618530273,319740
2006-02-17,20.11270523071289,23.575000762939453,23.962499618530273,23.299999237060547,23.875,285196
2006-02-20,20.187349319458008,23.662500381469727,23.875,23.274999618530273,23.5,525332
2006-02-21,19.8674259185791,23.287500381469727,23.600000381469727,22.75,23.524999618530273,238368
2006-02-22,19.846099853515625,23.262500762939453,23.5,23.125,23.287500381469727,146668
2006-02-23,19.942073822021484,23.375,23.612499237060547,23.137500762939453,23.262500762939453,257820
2006-02-24,19.835433959960938,23.25,23.549999237060547,23.125,23.4375,225880
2006-02-27,19.85675811767578,23.274999618530273,23.450000762939453,23.25,23.287500381469727,120388
2006-02-28,19.846099853515625,23.262500762939453,23.462499618530273,23.200000762939453,23.375,118404
2006-03-01,20.123367309570312,23.587499618530273,23.950000762939453,22.887500762939453,22.887500762939453,328460
2006-03-02,20.25133514404297,23.737499237060547,24.350000381469727,23.524999618530273,23.875,353904
2006-03-03,20.464622497558594,23.987499237060547,24.475000381469727,23.575000762939453,24.0,719664
2006-03-06,21.051151275634766,24.674999237060547,25.475000381469727,24.112499237060547,24.112499237060547,884152
2006-03-07,21.029827117919922,24.649999618530273,24.774999618530273,24.012500762939453,24.524999618530273,226160
2006-03-08,21.029827117919922,24.649999618530273,25.0,24.412500381469727,24.850000381469727,353020
2006-03-09,21.008495330810547,24.625,24.862499237060547,24.25,24.5,209156
2006-03-10,21.11513900756836,24.75,25.0,24.5,24.75,295140
2006-03-13,21.27510643005371,24.9375,25.450000762939453,24.75,24.75,174104
2006-03-14,21.168458938598633,24.8125,25.087499618530273,24.625,24.774999618530273,85356
2006-03-16,21.797651290893555,25.549999237060547,25.950000762939453,24.637500762939453,24.975000381469727,353456
2006-03-17,21.616357803344727,25.337499618530273,26.375,25.125,26.375,156584
2006-03-20,21.797651290893555,25.549999237060547,26.200000762939453,25.299999237060547,26.0,241196
2006-03-21,21.40306854248047,25.087499618530273,26.100000381469727,25.024999618530273,25.524999618530273,170672
2006-03-22,21.36041831970215,25.037500381469727,25.387500762939453,24.899999618530273,25.024999618530273,133860
2006-03-23,21.413740158081055,25.100000381469727,25.950000762939453,25.0,25.375,142768
2006-03-24,21.669681549072266,25.399999618530273,25.5625,25.125,25.475000381469727,81320
2006-03-27,21.765653610229492,25.512500762939453,25.737499237060547,25.024999618530273,25.524999618530273,227852
2006-03-28,21.82963752746582,25.587499618530273,25.75,25.174999237060547,25.625,245644
2006-03-29,22.096248626708984,25.899999618530273,26.862499237060547,25.450000762939453,25.975000381469727,501716
2006-03-30,22.042924880981445,25.837499618530273,26.5,25.524999618530273,26.25,134484
2006-03-31,22.11757469177246,25.924999237060547,26.274999618530273,25.375,25.75,643700
2006-04-03,22.20288848876953,26.024999618530273,26.625,25.75,26.450000762939453,496908
2006-04-04,22.18155860900879,26.0,26.375,25.625,26.350000381469727,389844
2006-04-05,22.11757469177246,25.924999237060547,26.649999618530273,25.262500762939453,26.225000381469727,411272
2006-04-07,22.08558464050293,25.887500762939453,26.625,25.737499237060547,26.487499237060547,981996
2006-04-10,22.18155860900879,26.0,26.375,25.524999618530273,26.0,447044
2006-04-12,22.416170120239258,26.274999618530273,26.649999618530273,25.75,25.75,1490112
2006-04-13,24.261083602905273,28.4375,30.725000381469727,26.25,26.487499237060547,1775992
2006-04-17,25.028907775878906,29.337499618530273,30.25,28.825000762939453,29.25,1846524
2006-04-18,24.772966384887695,29.037500381469727,29.875,28.875,29.5,488672
2006-04-19,25.082229614257812,29.399999618530273,29.625,29.125,29.325000762939453,435700
2006-04-20,25.188865661621094,29.524999618530273,30.25,29.375,29.5,222716
2006-04-21,24.94359016418457,29.237499237060547,30.0,29.0,29.737499237060547,169100
2006-04-24,25.274179458618164,29.625,30.0,28.875,29.375,397356
2006-04-25,24.389057159423828,28.587499618530273,29.875,27.75,29.25,188476
2006-04-26,24.794296264648438,29.0625,29.475000381469727,28.5,28.700000762939453,306324
2006-04-27,24.49569320678711,28.712499618530273,29.9375,28.5,29.237499237060547,180048
2006-04-28,24.463703155517578,28.674999237060547,28.8125,25.0,26.412500381469727,201264
2006-05-02,24.42104148864746,28.625,29.549999237060547,28.424999237060547,29.174999237060547,181176
2006-05-03,24.42104148864746,28.625,29.1875,28.375,28.912500381469727,132396
2006-05-04,24.57034683227539,28.799999237060547,29.0,28.5,28.625,183080
2006-05-05,24.57034683227539,28.799999237060547,29.075000762939453,28.450000762939453,28.799999237060547,172984
2006-05-08,24.261083602905273,28.4375,30.424999237060547,28.200000762939453,29.225000381469727,1193700
2006-05-09,24.19709587097168,28.362499237060547,29.0,28.25,28.612499237060547,112020
2006-05-10,24.49569320678711,28.712499618530273,29.0,28.399999618530273,28.5625,215728
2006-05-11,24.218425750732422,28.387500762939453,28.799999237060547,28.25,28.799999237060547,131596
2006-05-12,24.346393585205078,28.537500381469727,28.75,28.237499237060547,28.299999237060547,137644
2006-05-15,23.685213088989258,27.762500762939453,29.0,27.5,28.5,244684
2006-05-16,23.621231079101562,27.6875,28.475000381469727,27.25,27.575000762939453,265288
2006-05-17,24.868946075439453,29.149999618530273,30.375,27.0,27.0,527008
2006-05-18,23.482593536376953,27.524999618530273,29.0625,27.475000381469727,29.0625,216808
2006-05-19,22.608125686645508,26.5,28.412500381469727,26.25,28.0,245280
2006-05-22,22.544139862060547,26.424999237060547,27.987499237060547,21.225000381469727,25.5,312332
2006-05-23,22.704105377197266,26.612499237060547,27.212499618530273,25.024999618530273,26.725000381469727,274040
2006-05-24,21.850971221923828,25.612499237060547,26.975000381469727,25.0,26.0,220132
2006-05-25,21.2857666015625,24.950000762939453,25.5,24.387500762939453,25.5,158460
2006-05-26,21.65900993347168,25.387500762939453,25.8125,25.012500762939453,25.475000381469727,163768
2006-05-29,22.426837921142578,26.287500381469727,26.625,25.625,25.649999618530273,177224
2006-05-30,22.08558464050293,25.887500762939453,26.5,25.75,26.387500762939453,84388
2006-05-31,21.58436393737793,25.299999237060547,25.487499237060547,24.75,25.125,96536
2006-06-01,20.336650848388672,23.837499618530273,26.0,23.25,25.5,111776
2006-06-02,20.54993438720703,24.087499618530273,24.475000381469727,22.875,24.0,285256
2006-06-05,20.571260452270508,24.112499237060547,25.25,23.912500381469727,24.5,108808
2006-06-06,19.835433959960938,23.25,23.75,22.799999237060547,23.75,148468
2006-06-07,18.651708602905273,21.862499237060547,23.149999618530273,20.0,22.9375,195168
2006-06-08,17.95853614807129,21.049999237060547,21.375,19.5,21.25,727744
2006-06-09,18.95030403137207,22.212499618530273,22.5,20.0625,20.287500381469727,165836
2006-06-12,18.705026626586914,21.924999237060547,22.487499237060547,21.25,22.487499237060547,147020
2006-06-13,17.201372146606445,20.162500381469727,21.25,20.012500762939453,21.25,147588
2006-06-14,16.241596221923828,19.037500381469727,21.237499237060547,18.5,20.5,168100
2006-06-15,17.297351837158203,20.274999618530273,20.587499618530273,18.725000381469727,20.0,182280
2006-06-16,18.61971664428711,21.825000762939453,22.25,20.75,21.6875,331292
2006-06-19,18.41709327697754,21.587499618530273,22.225000381469727,20.174999237060547,22.225000381469727,55756
2006-06-20,18.374441146850586,21.537500381469727,21.987499237060547,21.0,21.25,69136
2006-06-21,18.992961883544922,22.262500762939453,22.487499237060547,21.375,21.875,124132
2006-06-22,19.739458084106445,23.137500762939453,24.5,22.5,22.5,226556
2006-06-23,20.25133514404297,23.737499237060547,24.125,21.774999618530273,21.875,113696
2006-06-26,19.28089141845703,22.600000381469727,23.75,22.262500762939453,23.75,200748
2006-06-27,18.896982192993164,22.149999618530273,22.987499237060547,21.274999618530273,22.375,49448
2006-06-28,18.502405166625977,21.6875,22.0,20.774999618530273,21.25,44960
2006-06-29,18.683692932128906,21.899999618530273,22.487499237060547,21.5625,21.5625,77040
2006-06-30,19.067609786987305,22.350000381469727,22.625,22.024999618530273,22.4375,66056
2006-07-03,19.024951934814453,22.299999237060547,22.575000762939453,22.037500381469727,22.575000762939453,33072
2006-07-04,18.90764617919922,22.162500381469727,22.549999237060547,22.0,22.412500381469727,33788
2006-07-05,19.099605560302734,22.387500762939453,22.5,21.8125,22.012500762939453,25652
2006-07-06,18.726356506347656,21.950000762939453,22.399999618530273,21.774999618530273,22.25,41772
2006-07-07,18.54506492614746,21.737499237060547,22.5,21.600000381469727,22.200000762939453,77504
2006-07-10,18.374441146850586,21.537500381469727,22.237499237060547,21.375,22.037500381469727,35168
2006-07-11,18.39576530456543,21.5625,21.875,21.25,21.875,44952
2006-07-12,18.267789840698242,21.412500381469727,21.737499237060547,21.049999237060547,21.600000381469727,50944
2006-07-13,18.41709327697754,21.587499618530273,21.725000381469727,21.375,21.6875,35328
2006-07-14,18.481077194213867,21.662500381469727,21.8125,21.25,21.25,31036
2006-07-17,18.801006317138672,22.037500381469727,22.375,21.637500762939453,21.649999618530273,71460
2006-07-18,18.928972244262695,22.1875,23.049999237060547,22.0,22.037500381469727,85724
2006-07-19,18.87565803527832,22.125,22.649999618530273,21.887500762939453,22.487499237060547,4794296
2006-07-20,19.17425537109375,22.475000381469727,22.950000762939453,22.1875,22.5,112376
2006-07-21,18.882259368896484,21.825000762939453,22.5625,21.5,22.5625,50684
2006-07-24,18.882259368896484,21.825000762939453,22.075000762939453,20.850000381469727,21.262500762939453,70964
2006-07-25,18.96877670288086,21.924999237060547,22.350000381469727,21.524999618530273,22.0,412504
2006-07-26,19.585208892822266,22.637500762939453,22.850000381469727,22.0,22.25,125300
2006-07-27,19.909645080566406,23.012500762939453,23.125,22.375,22.875,133244
2006-07-28,19.888011932373047,22.987499237060547,23.174999237060547,21.899999618530273,23.125,50436
2006-07-31,20.11511993408203,23.25,23.375,23.0,23.0,39436
2006-08-01,19.844758987426758,22.9375,23.25,22.625,23.25,19956
2006-08-02,19.790681838989258,22.875,23.375,22.612499237060547,22.612499237060547,40336
2006-08-03,19.82312774658203,22.912500381469727,23.337499618530273,22.75,23.112499237060547,44148
2006-08-04,20.439558029174805,23.625,23.75,22.8125,23.1875,160592
2006-08-07,20.50444984436035,23.700000762939453,24.125,22.912500381469727,23.975000381469727,78040
2006-08-08,20.526077270507812,23.725000381469727,24.350000381469727,23.5,24.350000381469727,65840
2006-08-09,20.645036697387695,23.862499237060547,24.174999237060547,23.524999618530273,23.625,47684
2006-08-10,20.53689193725586,23.737499237060547,24.174999237060547,23.575000762939453,24.0625,58016
2006-08-11,20.580150604248047,23.787500381469727,24.024999618530273,23.662500381469727,23.950000762939453,46136
2006-08-14,21.899524688720703,25.3125,26.0,24.0,24.0,332072
2006-08-16,22.288848876953125,25.762500762939453,27.200000762939453,25.524999618530273,25.737499237060547,336500
2006-08-17,21.780569076538086,25.174999237060547,26.1875,24.787500381469727,25.3125,81060
2006-08-18,21.618345260620117,24.987499237060547,25.237499237060547,23.875,24.274999618530273,64216
2006-08-21,21.791383743286133,25.1875,25.950000762939453,25.0,25.162500381469727,135396
2006-08-22,21.802200317382812,25.200000762939453,25.875,25.049999237060547,25.725000381469727,87172
2006-08-23,21.672422409057617,25.049999237060547,25.399999618530273,24.875,25.049999237060547,64596
2006-08-24,21.986045837402344,25.412500381469727,25.5,24.762500762939453,24.762500762939453,109628
2006-08-25,21.672422409057617,25.049999237060547,25.700000762939453,25.0,25.375,60684
2006-08-28,21.704864501953125,25.087499618530273,25.5,24.875,25.237499237060547,91152
2006-08-29,21.672422409057617,25.049999237060547,25.5,25.0,25.362499237060547,37012
2006-08-30,21.29391098022461,24.612499237060547,25.375,24.524999618530273,25.237499237060547,70720
2006-08-31,21.16413688659668,24.462499618530273,25.475000381469727,24.387500762939453,24.924999237060547,65596
2006-09-01,20.991104125976562,24.262500762939453,24.625,24.125,24.299999237060547,53344
2006-09-04,21.585906982421875,24.950000762939453,25.5,24.612499237060547,24.612499237060547,490336
2006-09-05,21.402055740356445,24.737499237060547,25.625,24.625,25.25,249360
2006-09-06,21.088430404663086,24.375,24.975000381469727,24.0,24.837499618530273,99352
2006-09-07,20.753177642822266,23.987499237060547,24.625,23.799999237060547,24.475000381469727,144684
2006-09-08,21.12087631225586,24.412500381469727,24.587499618530273,24.0,24.0,62436
2006-09-11,20.839696884155273,24.087499618530273,24.950000762939453,24.0,24.649999618530273,111184
2006-09-12,20.861326217651367,24.112499237060547,24.25,23.299999237060547,24.0,45948
2006-09-13,20.785629272460938,24.024999618530273,24.674999237060547,23.625,24.362499237060547,163244
2006-09-14,20.937028884887695,24.200000762939453,24.399999618530273,24.0,24.3125,77368
2006-09-15,20.76399803161621,24.0,24.399999618530273,23.575000762939453,23.575000762939453,144188
2006-09-18,21.088430404663086,24.375,25.25,23.950000762939453,24.3125,486160
2006-09-19,20.774812698364258,24.012500762939453,24.649999618530273,24.0,24.625,124288
2006-09-20,20.807252883911133,24.049999237060547,24.25,23.899999618530273,24.037500381469727,117288
2006-09-21,21.110065460205078,24.399999618530273,24.899999618530273,24.125,24.25,198224
2006-09-22,20.861326217651367,24.112499237060547,24.524999618530273,23.975000381469727,24.149999618530273,57856
2006-09-25,21.196578979492188,24.5,24.625,23.887500762939453,24.274999618530273,134584
2006-09-26,21.412874221801758,24.75,24.950000762939453,24.5,24.637500762939453,204756
2006-09-27,21.650793075561523,25.024999618530273,25.5,24.875,24.912500381469727,271692
2006-09-28,21.639978408813477,25.012500762939453,25.25,24.887500762939453,25.149999618530273,140060
2006-09-29,21.996856689453125,25.424999237060547,25.987499237060547,25.0,25.0,285108
2006-10-03,22.396995544433594,25.887500762939453,25.975000381469727,25.1875,25.487499237060547,134312
2006-10-04,22.396995544433594,25.887500762939453,26.25,25.762500762939453,26.200000762939453,163816
2006-10-05,24.19222068786621,27.962499618530273,28.700000762939453,25.875,25.887500762939453,925496
2006-10-06,24.235477447509766,28.012500762939453,28.475000381469727,27.262500762939453,28.475000381469727,570396
2006-10-09,23.770448684692383,27.475000381469727,27.962499618530273,26.399999618530273,27.0,139732
2006-10-10,22.851213455200195,26.412500381469727,27.924999237060547,26.212499618530273,27.924999237060547,222012
2006-10-11,22.991804122924805,26.575000762939453,27.725000381469727,26.325000762939453,27.725000381469727,146320
2006-10-12,22.937726974487305,26.512500762939453,27.112499237060547,26.25,26.6875,78852
2006-10-13,22.926910400390625,26.5,26.875,26.3125,26.737499237060547,91000
2006-10-16,22.86202621459961,26.424999237060547,27.237499237060547,26.25,26.625,93660
2006-10-17,22.55921745300293,26.075000762939453,26.850000381469727,25.887500762939453,26.524999618530273,131552
2006-10-18,22.3212947845459,25.799999237060547,26.625,25.75,26.0,96296
2006-10-19,22.916093826293945,26.487499237060547,26.737499237060547,25.837499618530273,25.837499618530273,90932
2006-10-20,23.87859535217285,27.600000381469727,27.774999618530273,26.700000762939453,26.700000762939453,510692
2006-10-23,23.478458404541016,27.137500762939453,27.737499237060547,26.575000762939453,27.5,192408
2006-10-26,23.305423736572266,26.9375,27.5,26.75,27.075000762939453,49892
2006-10-27,23.15401840209961,26.762500762939453,27.0,26.637500762939453,26.862499237060547,55632
2006-10-30,22.60247039794922,26.125,26.75,26.024999618530273,26.75,64480
2006-10-31,22.829586029052734,26.387500762939453,27.5,26.0,26.75,115600
2006-11-01,22.3212947845459,25.799999237060547,26.662500381469727,25.649999618530273,26.662500381469727,359596
2006-11-02,22.71062469482422,26.25,26.412500381469727,25.75,25.825000762939453,93360
2006-11-03,22.26722526550293,25.737499237060547,26.424999237060547,25.637500762939453,26.024999618530273,81504
2006-11-06,22.440258026123047,25.9375,26.25,25.625,26.0,56124
2006-11-07,22.60247039794922,26.125,26.5,25.774999618530273,26.0,1646620
2006-11-08,22.634920120239258,26.162500381469727,26.549999237060547,26.125,26.3125,112508
2006-11-09,23.13239097595215,26.737499237060547,27.162500381469727,26.125,26.25,91028
2006-11-10,23.013427734375,26.600000381469727,26.987499237060547,26.25,26.75,79136
2006-11-13,23.164833068847656,26.774999618530273,27.1875,26.5625,27.1875,178012
2006-11-14,23.251352310180664,26.875,27.450000762939453,26.549999237060547,26.975000381469727,194820
2006-11-15,23.143205642700195,26.75,26.875,26.625,26.637500762939453,199916
2006-11-16,22.721435546875,26.262500762939453,26.875,26.149999618530273,26.875,74748
2006-11-17,22.26722526550293,25.737499237060547,26.612499237060547,25.649999618530273,26.25,95212
2006-11-20,22.54840087890625,26.0625,26.237499237060547,25.100000381469727,25.637500762939453,53856
2006-11-21,22.937726974487305,26.512500762939453,26.837499618530273,26.0,26.225000381469727,134120
2006-11-22,22.721435546875,26.262500762939453,26.575000762939453,25.5,26.137500762939453,51488
2006-11-23,22.342927932739258,25.825000762939453,26.450000762939453,25.75,25.799999237060547,54832
2006-11-24,25.122270584106445,29.037500381469727,30.600000381469727,26.049999237060547,26.174999237060547,1849068
2006-11-27,30.032094955444336,34.712501525878906,34.849998474121094,29.25,29.3125,5155240
2006-11-28,28.896560668945312,33.400001525878906,35.17499923706055,32.51250076293945,34.70000076293945,4343560
2006-11-29,28.918188095092773,33.42499923706055,36.0,33.25,33.724998474121094,2830220
2006-11-30,27.858362197875977,32.20000076293945,34.462501525878906,31.712499618530273,34.462501525878906,912756
2006-12-01,27.75021743774414,32.07500076293945,33.5,31.5625,32.4375,804636
2006-12-04,26.97156524658203,31.174999237060547,33.625,30.875,32.599998474121094,2109904
2006-12-05,26.66876220703125,30.825000762939453,31.8125,30.662500381469727,31.75,304268
2006-12-06,25.738704681396484,29.75,31.350000381469727,29.5,31.125,378704
2006-12-07,26.106403350830078,30.174999237060547,31.100000381469727,29.587499618530273,30.075000762939453,539952
2006-12-08,25.673816680908203,29.674999237060547,30.625,29.475000381469727,29.575000762939453,239804
2006-12-11,24.732946395874023,28.587499618530273,29.5,28.024999618530273,29.5,276224
2006-12-12,24.246292114257812,28.024999618530273,29.0625,27.0,28.0,371832
2006-12-13,25.479158401489258,29.450000762939453,30.5,27.25,28.262500762939453,230860
2006-12-14,26.192913055419922,30.274999618530273,31.200000762939453,29.075000762939453,30.725000381469727,625980
2006-12-15,26.344318389892578,30.450000762939453,31.125,30.362499237060547,30.75,181632
2006-12-18,26.66876220703125,30.825000762939453,31.0,28.799999237060547,30.274999618530273,145924
2006-12-19,25.987445831298828,30.037500381469727,30.5,29.75,30.375,92240
2006-12-20,26.398393630981445,30.512500762939453,31.225000381469727,29.787500381469727,31.225000381469727,173036
2006-12-21,26.733646392822266,30.899999618530273,31.112499237060547,30.137500762939453,30.424999237060547,103588
2006-12-22,26.593053817749023,30.737499237060547,31.5,30.5,31.0,108180
2006-12-26,26.593053817749023,30.737499237060547,31.362499237060547,30.149999618530273,30.299999237060547,100572
2006-12-27,26.50653648376465,30.637500762939453,31.225000381469727,30.174999237060547,30.5,199516
2006-12-28,26.333505630493164,30.4375,31.212499618530273,30.25,31.212499618530273,85176
2006-12-29,26.50653648376465,30.637500762939453,31.0,30.274999618530273,30.5,150972
2007-01-02,26.538984298706055,30.674999237060547,31.075000762939453,30.537500381469727,31.075000762939453,26220
2007-01-03,26.625499725341797,30.774999618530273,30.962499618530273,30.625,30.637500762939453,60432
2007-01-04,26.64712905883789,30.799999237060547,31.0,29.0,29.5,69036
2007-01-05,26.593053817749023,30.737499237060547,31.1875,30.600000381469727,31.125,55884
2007-01-08,26.625499725341797,30.774999618530273,31.0,30.549999237060547,30.75,44768
2007-01-09,26.58224105834961,30.725000381469727,31.962499618530273,30.5,30.524999618530273,242436
2007-01-10,26.593053817749023,30.737499237060547,31.1875,30.5,31.0,39628
2007-01-11,26.690387725830078,30.850000381469727,31.225000381469727,30.087499618530273,30.25,160508
2007-01-12,27.78266143798828,32.11249923706055,32.625,30.625,31.0,305652
2007-01-15,27.501476287841797,31.787500381469727,33.224998474121094,31.5625,32.5,104260
2007-01-16,27.231117248535156,31.475000381469727,32.875,31.25,32.875,60860
2007-01-17,26.528169631958008,30.662500381469727,31.5625,30.5,31.274999618530273,158812
2007-01-18,26.66876220703125,30.825000762939453,31.975000381469727,30.625,31.950000762939453,138548
2007-01-19,26.593053817749023,30.737499237060547,31.125,30.637500762939453,30.637500762939453,42988
2007-01-22,26.5497989654541,30.6875,31.25,30.274999618530273,30.75,116548
2007-01-23,26.441650390625,30.5625,31.25,30.325000762939453,30.5,46712
2007-01-24,26.182100296020508,30.262500762939453,30.700000762939453,30.149999618530273,30.262500762939453,81780
2007-01-25,26.160470962524414,30.237499237060547,31.0,27.662500381469727,30.637500762939453,257836
2007-01-29,25.922550201416016,29.962499618530273,31.225000381469727,29.75,30.75,69468
2007-01-31,25.84684944152832,29.875,30.725000381469727,28.549999237060547,30.25,114252
2007-02-01,25.64137077331543,29.637500762939453,30.5,29.350000381469727,30.149999618530273,65044
2007-02-02,25.608932495117188,29.600000381469727,30.149999618530273,29.3125,29.975000381469727,94144
2007-02-05,25.295307159423828,29.237499237060547,30.0,29.125,30.0,75276
2007-02-06,25.165529251098633,29.087499618530273,30.612499237060547,28.524999618530273,29.475000381469727,3321116
2007-02-07,25.241226196289062,29.174999237060547,29.975000381469727,29.087499618530273,29.25,243824
2007-02-08,27.101343154907227,31.325000762939453,32.0,29.0,29.4375,962048
2007-02-09,26.128028869628906,30.200000762939453,32.712501525878906,29.899999618530273,31.875,477216
2007-02-12,25.17634391784668,29.100000381469727,29.737499237060547,28.75,29.137500762939453,124664
2007-02-13,25.306119918823242,29.25,30.0,27.799999237060547,30.0,184480
2007-02-14,24.970870971679688,28.862499237060547,29.25,27.5,27.5,166332
2007-02-15,25.522411346435547,29.5,29.75,28.875,29.75,143744
2007-02-19,25.479158401489258,29.450000762939453,29.950000762939453,29.375,29.737499237060547,104224
2007-02-20,25.522411346435547,29.5,29.625,29.3125,29.5,92476
2007-02-21,25.587305068969727,29.575000762939453,30.0,29.024999618530273,29.287500381469727,102024
2007-02-22,25.479158401489258,29.450000762939453,29.75,29.125,29.4375,113380
2007-02-23,25.273679733276367,29.212499618530273,29.5,28.875,29.149999618530273,107608
2007-02-26,24.797836303710938,28.662500381469727,29.25,28.25,28.262500762939453,97264
2007-02-27,24.505840301513672,28.325000762939453,29.0,28.125,28.75,148264
2007-02-28,24.159774780273438,27.924999237060547,28.375,27.5,27.5,68160
2007-03-01,23.80289649963379,27.512500762939453,28.5,27.25,27.512500762939453,120036
2007-03-02,23.86777687072754,27.587499618530273,28.25,27.5,27.975000381469727,51472
2007-03-05,23.792078018188477,27.5,27.975000381469727,25.5,26.612499237060547,207612
2007-03-06,23.84615135192871,27.5625,27.875,27.5,27.549999237060547,109072
2007-03-07,23.792078018188477,27.5,28.0,27.5,28.0,94508
2007-03-08,25.38182258605957,29.337499618530273,30.125,27.5,27.524999618530273,101280
2007-03-09,25.54404067993164,29.524999618530273,30.5,28.024999618530273,30.5,98300
2007-03-12,24.65724754333496,28.5,29.225000381469727,28.3125,28.774999618530273,30056
2007-03-13,24.592355728149414,28.424999237060547,28.75,28.274999618530273,28.75,33284
2007-03-14,24.05162811279297,27.799999237060547,28.325000762939453,27.0625,27.0625,38632
2007-03-15,23.8894100189209,27.612499237060547,28.4375,27.5,28.237499237060547,25936
2007-03-16,23.792078018188477,27.5,28.25,27.5,27.975000381469727,58004
2007-03-19,23.86777687072754,27.587499618530273,28.112499237060547,27.5,27.625,33016
2007-03-20,24.495023727416992,28.3125,28.375,27.762500762939453,27.912500381469727,27788
2007-03-21,24.787023544311523,28.649999618530273,29.649999618530273,28.375,28.5,131580
2007-03-22,24.408512115478516,28.212499618530273,29.450000762939453,27.9375,28.25,36552
2007-03-23,24.45176887512207,28.262500762939453,28.350000381469727,27.774999618530273,28.25,113024
2007-03-26,24.484210968017578,28.299999237060547,28.375,28.125,28.287500381469727,26124
2007-03-28,24.873538970947266,28.75,29.25,27.799999237060547,27.799999237060547,7091032
2007-03-29,24.45176887512207,28.262500762939453,29.125,28.25,29.125,18368
2007-03-30,24.462583541870117,28.274999618530273,28.5,28.25,28.325000762939453,63228
2007-04-02,24.105703353881836,27.862499237060547,28.125,27.5,28.037500381469727,30764
2007-04-03,24.008371353149414,27.75,28.125,27.512500762939453,27.787500381469727,26444
2007-04-04,24.040813446044922,27.787500381469727,28.25,27.75,28.25,14836
2007-04-05,24.44095230102539,28.25,28.450000762939453,27.75,28.125,17376
2007-04-09,25.273679733276367,29.212499618530273,30.0,28.125,28.25,169484
2007-04-10,24.992496490478516,28.887500762939453,29.25,28.774999618530273,29.25,30496
2007-04-11,24.905981063842773,28.787500381469727,29.25,28.5,28.5,19588
2007-04-12,24.64643096923828,28.487499237060547,28.75,28.0,28.225000381469727,16960
2007-04-13,24.495023727416992,28.3125,28.75,28.25,28.625,44532
2007-04-16,24.700504302978516,28.549999237060547,28.962499618530273,28.450000762939453,28.962499618530273,29780
2007-04-17,24.668066024780273,28.512500762939453,29.012500762939453,28.25,28.850000381469727,101032
2007-04-18,24.873538970947266,28.75,28.899999618530273,28.450000762939453,28.625,34284
2007-04-19,25.619741439819336,29.612499237060547,30.375,28.375,28.524999618530273,145104
2007-04-20,25.5656681060791,29.549999237060547,30.637500762939453,29.375,29.975000381469727,226980
2007-04-23,25.83603286743164,29.862499237060547,30.75,29.75,30.4375,149088
2007-04-24,25.554855346679688,29.537500381469727,30.125,29.462499618530273,29.5,39036
2007-04-25,25.079010009765625,28.987499237060547,29.75,28.0,28.0,56020
2007-04-26,25.165529251098633,29.087499618530273,29.725000381469727,28.799999237060547,29.25,50864
2007-04-27,24.873538970947266,28.75,29.337499618530273,28.287500381469727,29.075000762939453,233592
2007-04-30,24.797836303710938,28.662500381469727,29.125,28.125,28.25,33488
2007-05-03,24.884355545043945,28.762500762939453,29.075000762939453,28.737499237060547,28.875,43592
2007-05-04,24.927608489990234,28.8125,28.987499237060547,28.75,28.75,33716
2007-05-07,25.089832305908203,29.0,29.950000762939453,28.75,28.75,89236
2007-05-08,24.916793823242188,28.799999237060547,29.725000381469727,28.75,29.725000381469727,54528
2007-05-09,24.905981063842773,28.787500381469727,28.875,28.537500381469727,28.799999237060547,552880
2007-05-10,24.992496490478516,28.887500762939453,29.25,23.975000381469727,28.975000381469727,40488
2007-05-11,24.873538970947266,28.75,29.112499237060547,28.162500381469727,28.162500381469727,48400
2007-05-14,25.38182258605957,29.337499618530273,31.0,28.8125,30.0,71796
2007-05-15,25.262859344482422,29.200000762939453,29.462499618530273,29.0,29.3125,51440
2007-05-16,25.122270584106445,29.037500381469727,29.600000381469727,29.0,29.600000381469727,45856
2007-05-17,25.316936492919922,29.262500762939453,29.462499618530273,29.0,29.0,124924
2007-05-18,25.197973251342773,29.125,29.25,28.774999618530273,29.0,26180
2007-05-21,26.538984298706055,30.674999237060547,31.625,29.387500762939453,29.5,701196
2007-05-22,27.414958953857422,31.6875,32.0,30.5625,31.200000762939453,627324
2007-05-23,27.241928100585938,31.487499237060547,32.474998474121094,31.125,32.0,417340
2007-05-24,27.058080673217773,31.274999618530273,31.350000381469727,30.5,31.112499237060547,115828
2007-05-25,26.60386848449707,30.75,31.362499237060547,30.524999618530273,30.799999237060547,91496
2007-05-28,26.712017059326172,30.875,31.350000381469727,30.774999618530273,31.0,143756
2007-05-29,27.166229248046875,31.399999618530273,31.674999237060547,30.25,31.25,130996
2007-05-30,26.766090393066406,30.9375,31.5,30.399999618530273,30.399999618530273,65860
2007-05-31,26.657943725585938,30.8125,31.412500381469727,30.75,31.412500381469727,38456
2007-06-01,27.122970581054688,31.350000381469727,31.475000381469727,30.299999237060547,30.825000762939453,101008
2007-06-04,27.06890106201172,31.287500381469727,31.75,30.537500381469727,31.75,58200
2007-06-05,26.430835723876953,30.549999237060547,31.1875,30.5,31.1875,25440
2007-06-06,26.192913055419922,30.274999618530273,31.049999237060547,30.25,30.625,44560
2007-06-07,26.387582778930664,30.5,31.375,30.25,31.375,37672
2007-06-08,26.192913055419922,30.274999618530273,30.5,30.149999618530273,30.149999618530273,32960
2007-06-11,26.47409439086914,30.600000381469727,30.862499237060547,30.125,30.5,54284
2007-06-12,26.441650390625,30.5625,30.737499237060547,30.387500762939453,30.387500762939453,214464
2007-06-13,26.4957218170166,30.625,30.950000762939453,30.0,30.0,32292
2007-06-14,26.409210205078125,30.524999618530273,31.0,30.212499618530273,30.5,106924
2007-06-15,26.4957218170166,30.625,30.875,30.25,30.75,76500
2007-06-18,26.29024887084961,30.387500762939453,31.25,30.3125,31.25,29804
2007-06-19,26.766090393066406,30.9375,31.125,30.375,30.5,122152
2007-06-20,26.58224105834961,30.725000381469727,31.25,30.5,31.25,40304
2007-06-21,26.61468505859375,30.762500762939453,30.950000762939453,30.25,30.637500762939453,52076
2007-06-22,26.409210205078125,30.524999618530273,31.0625,30.25,30.375,35552
2007-06-25,27.04726791381836,31.262500762939453,31.75,30.524999618530273,30.625,196896
2007-06-26,26.939123153686523,31.137500762939453,31.450000762939453,31.024999618530273,31.112499237060547,65524
2007-06-27,26.712017059326172,30.875,31.0625,30.75,30.887500762939453,24572
2007-06-28,26.72283172607422,30.887500762939453,31.225000381469727,30.799999237060547,31.225000381469727,28400
2007-06-29,26.441650390625,30.5625,31.362499237060547,30.375,30.75,144684
2007-07-02,27.025638580322266,31.237499237060547,31.375,30.5,31.0,70012
2007-07-03,26.98238182067871,31.1875,31.8125,30.899999618530273,31.8125,66356
2007-07-04,26.874231338500977,31.0625,31.25,30.5,30.875,52936
2007-07-05,27.7177677154541,32.037498474121094,34.75,31.262500762939453,31.262500762939453,199680
2007-07-06,27.371706008911133,31.637500762939453,32.775001525878906,31.375,32.25,116356
2007-07-09,27.685331344604492,32.0,32.150001525878906,31.375,31.537500381469727,95712
2007-07-10,27.94487762451172,32.29999923706055,33.75,32.037498474121094,32.42499923706055,238512
2007-07-11,28.031396865844727,32.400001525878906,33.0,32.0,32.25,56440
2007-07-12,28.755971908569336,33.23749923706055,33.5,32.162498474121094,32.724998474121094,172784
2007-07-13,29.869871139526367,34.525001525878906,34.75,33.150001525878906,33.724998474121094,353456
2007-07-16,32.4221076965332,37.474998474121094,39.20000076293945,35.0,35.0,1252224
2007-07-17,31.827314376831055,36.787498474121094,39.88750076293945,36.5,37.75,1634020
2007-07-18,33.41706085205078,38.625,39.25,36.75,37.17499923706055,1488028
2007-07-19,32.29234313964844,37.32500076293945,39.36249923706055,37.07500076293945,39.349998474121094,664436
2007-07-20,31.26496124267578,36.13750076293945,38.75,35.88750076293945,38.75,334068
2007-07-23,31.102739334106445,35.95000076293945,37.025001525878906,35.787498474121094,36.3125,252692
2007-07-24,29.94557762145996,34.61249923706055,37.125,34.375,36.474998474121094,385296
2007-07-25,31.57857322692871,36.5,37.75,34.79999923706055,35.0,649696
2007-07-26,32.06523132324219,37.0625,37.25,36.25,37.07500076293945,319428
2007-07-27,30.75666618347168,35.54999923706055,37.25,34.26250076293945,36.25,223980
2007-07-30,30.28082847595215,35.0,35.875,33.79999923706055,35.0,152316
2007-07-31,30.17267608642578,34.875,35.67499923706055,34.275001525878906,35.67499923706055,109640
2007-08-01,29.026342391967773,33.54999923706055,34.9375,33.5,34.75,138948
2007-08-02,29.956398010253906,34.625,34.974998474121094,33.0625,33.75,229408
2007-08-03,30.06453514099121,34.75,35.5,33.79999923706055,35.0,79376
2007-08-06,29.837434768676758,34.48749923706055,35.0,32.875,34.25,135748
2007-08-07,29.621131896972656,34.23749923706055,35.25,34.037498474121094,35.25,63520
2007-08-08,29.469738006591797,34.0625,35.224998474121094,33.5,35.224998474121094,127196
2007-08-09,29.27507209777832,33.837501525878906,35.29999923706055,33.75,34.025001525878906,79556
2007-08-10,29.102035522460938,33.63750076293945,33.75,32.79999923706055,33.625,64360
2007-08-13,30.291643142700195,35.01250076293945,35.212501525878906,33.8125,34.0,169848
2007-08-14,31.045927047729492,35.5,35.875,32.0625,35.037498474121094,180576
2007-08-16,29.712261199951172,33.974998474121094,34.5,33.525001525878906,33.75,97732
2007-08-17,29.799715042114258,34.07500076293945,34.974998474121094,32.625,33.98749923706055,186676
2007-08-20,29.821584701538086,34.099998474121094,35.25,34.0,34.125,54492
2007-08-21,28.79400634765625,32.92499923706055,34.04999923706055,32.79999923706055,34.0,77648
2007-08-22,28.881458282470703,33.025001525878906,33.625,32.349998474121094,33.625,47752
2007-08-23,29.493627548217773,33.724998474121094,34.974998474121094,33.125,34.125,137336
2007-08-24,30.860090255737305,35.287498474121094,35.5,33.412498474121094,33.875,228324
2007-08-27,32.7621955871582,37.462501525878906,37.67499923706055,35.474998474121094,36.0,344616
2007-08-28,33.64765548706055,38.474998474121094,38.86249923706055,36.625,37.0,519696
2007-08-29,32.95896530151367,37.6875,38.0,36.5,38.0,352324
2007-08-30,33.06827926635742,37.8125,38.25,37.375,37.6875,187744
2007-08-31,32.598228454589844,37.275001525878906,38.25,36.54999923706055,37.75,235264
2007-09-03,32.18282699584961,36.79999923706055,37.5,36.75,36.75,57328
2007-09-04,31.99698257446289,36.587501525878906,37.42499923706055,36.29999923706055,36.875,55700
2007-09-05,31.3192138671875,35.8125,37.45000076293945,35.525001525878906,37.45000076293945,101936
2007-09-06,31.36294174194336,35.86249923706055,37.0,35.25,37.0,95188
2007-09-07,31.089651107788086,35.54999923706055,36.48749923706055,35.400001525878906,36.474998474121094,83788
2007-09-10,30.892887115478516,35.32500076293945,35.95000076293945,35.0,35.5,56308
2007-09-11,31.559715270996094,36.087501525878906,36.75,35.75,36.0,76872
2007-09-12,32.871524810791016,37.587501525878906,37.900001525878906,36.125,36.25,468508
2007-09-13,32.67474365234375,37.36249923706055,37.92499923706055,36.76250076293945,37.75,100948
2007-09-14,31.75647735595703,36.3125,37.75,36.125,37.75,91068
2007-09-17,31.133380889892578,35.599998474121094,37.212501525878906,35.412498474121094,36.0,71120
2007-09-18,31.3192138671875,35.8125,36.75,35.38750076293945,35.75,85592
2007-09-19,32.128150939941406,36.73749923706055,37.25,36.125,37.25,145912
2007-09-20,32.17189407348633,36.787498474121094,37.375,36.70000076293945,37.0,80036
2007-09-21,33.2759895324707,38.04999923706055,38.95000076293945,36.625,36.625,358076
2007-09-24,33.822566986083984,38.67499923706055,40.0,38.037498474121094,40.0,277416
2007-09-25,33.69139099121094,38.525001525878906,38.73749923706055,37.875,38.125,118472
2007-09-26,33.38529968261719,38.17499923706055,39.23749923706055,37.775001525878906,39.23749923706055,102852
2007-09-27,33.81163787841797,38.662498474121094,38.75,37.5625,38.0,151912
2007-09-28,35.12343978881836,40.162498474121094,41.375,38.75,38.875,873388
2007-10-01,35.21089172363281,40.26250076293945,41.375,40.025001525878906,40.625,120516
2007-10-03,34.53313446044922,39.48749923706055,42.25,39.25,42.25,218888
2007-10-04,34.17238998413086,39.07500076293945,40.0,38.51250076293945,39.025001525878906,52764
2007-10-05,33.60393524169922,38.42499923706055,40.25,37.79999923706055,39.4375,136600
2007-10-08,32.7621955871582,37.462501525878906,38.75,37.0625,38.04999923706055,87216
2007-10-09,33.10108184814453,37.849998474121094,38.45000076293945,36.25,37.25,120504
2007-10-10,33.2759895324707,38.04999923706055,39.5,38.0,39.125,110524
2007-10-11,33.29785919189453,38.07500076293945,38.474998474121094,37.51250076293945,38.474998474121094,60436
2007-10-12,33.221317291259766,37.98749923706055,39.1875,37.75,39.1875,73388
2007-10-15,35.1780891418457,40.224998474121094,40.6875,38.125,38.75,224164
2007-10-16,35.65909194946289,40.775001525878906,41.0,39.525001525878906,41.0,206352
2007-10-17,34.303558349609375,39.224998474121094,40.0,35.5,35.5,58684
2007-10-18,35.4185905456543,40.5,43.25,39.5,39.5,377456
2007-10-19,34.35822677612305,39.287498474121094,41.5,38.5,40.5,107520
2007-10-22,34.78456115722656,39.775001525878906,40.5,38.17499923706055,39.25,54148
2007-10-23,35.92145919799805,41.07500076293945,41.25,40.025001525878906,41.125,126940
2007-10-24,39.50703048706055,45.17499923706055,49.125,41.25,41.974998474121094,1181732
2007-10-25,41.03746795654297,46.92499923706055,48.5,45.537498474121094,45.724998474121094,300636
2007-10-26,41.638694763183594,47.61249923706055,48.25,45.75,46.5,384280
2007-10-29,44.17485809326172,50.51250076293945,51.125,47.75,47.75,530832
2007-10-30,43.518959045410156,49.76250076293945,52.5,49.0,50.51250076293945,228800
2007-10-31,45.22429656982422,51.712501525878906,53.20000076293945,48.5,50.724998474121094,355508
2007-11-01,43.3331184387207,49.54999923706055,53.462501525878906,49.0,52.5,224880
2007-11-02,42.9395751953125,49.099998474121094,49.98749923706055,47.54999923706055,47.82500076293945,123328
2007-11-05,44.16392517089844,50.5,56.0,48.125,49.0,638776
2007-11-06,43.20194625854492,49.400001525878906,54.25,49.0,51.23749923706055,372220
2007-11-07,43.005157470703125,49.17499923706055,51.974998474121094,48.775001525878906,50.26250076293945,92632
2007-11-08,43.0379638671875,49.212501525878906,49.98749923706055,47.54999923706055,47.54999923706055,54656
2007-11-12,42.88492202758789,49.037498474121094,50.474998474121094,48.04999923706055,50.25,70684
2007-11-13,42.38206100463867,48.462501525878906,49.82500076293945,47.51250076293945,49.0,197352
2007-11-14,43.01609802246094,49.1875,50.5,48.625,49.712501525878906,75280
2007-11-15,43.39870834350586,49.625,51.48749923706055,48.349998474121094,51.48749923706055,90504
2007-11-16,43.36591339111328,49.587501525878906,50.650001525878906,49.0,49.0,71356
2007-11-19,43.92342758178711,50.224998474121094,51.625,49.75,49.75,91200
2007-11-20,43.24566650390625,49.45000076293945,50.75,49.150001525878906,50.5,3062116
2007-11-21,41.85734558105469,47.86249923706055,51.25,47.5,50.5,89984
2007-11-22,43.26753234863281,49.474998474121094,49.5,45.29999923706055,46.5,79844
2007-11-23,42.21808624267578,48.275001525878906,49.5,47.76250076293945,49.25,41788
2007-11-26,42.633487701416016,48.75,49.98749923706055,48.75,49.25,28868
2007-11-27,43.24566650390625,49.45000076293945,49.67499923706055,48.625,48.75,23772
2007-11-28,43.07075500488281,49.25,50.5,49.1875,49.6875,116432
2007-11-29,43.70478820800781,49.974998474121094,50.0,49.0,49.75,66796
2007-11-30,42.6990852355957,48.82500076293945,50.0,48.75,49.75,39588
2007-12-03,43.092620849609375,49.275001525878906,50.0,48.79999923706055,50.0,49596
2007-12-04,42.556968688964844,48.662498474121094,49.95000076293945,48.0,49.375,36864
2007-12-05,43.158199310302734,49.349998474121094,49.75,48.75,48.875,35972
2007-12-06,42.6990852355957,48.82500076293945,51.75,48.625,49.95000076293945,141560
2007-12-07,41.9666633605957,47.98749923706055,50.25,47.625,50.25,94240
2007-12-10,42.0103874206543,48.037498474121094,49.962501525878906,47.75,48.25,87096
2007-12-11,41.715232849121094,47.70000076293945,48.75,47.54999923706055,48.25,70076
2007-12-12,42.50230407714844,48.599998474121094,50.25,47.5,47.5,439972
2007-12-13,42.633487701416016,48.75,50.70000076293945,48.0,48.75,368552
2007-12-14,41.879207611083984,47.88750076293945,48.75,47.75,47.95000076293945,130536
2007-12-17,41.54032516479492,47.5,56.25,47.0,47.75,189720
2007-12-18,41.518463134765625,47.474998474121094,47.75,46.25,47.5,93612
2007-12-19,40.95001983642578,46.82500076293945,48.25,46.5,47.5,56984
2007-12-20,40.77511978149414,46.625,47.599998474121094,46.375,47.25,70184
2007-12-24,42.622562408447266,48.73749923706055,51.25,46.8125,48.75,344640
2007-12-26,42.250877380371094,48.3125,51.224998474121094,47.25,51.224998474121094,772492
2007-12-27,43.081687927246094,49.26250076293945,50.95000076293945,48.25,48.75,376136
2007-12-28,42.49138259887695,48.587501525878906,50.23749923706055,48.375,49.224998474121094,314788
2007-12-31,42.546043395996094,48.650001525878906,49.474998474121094,48.29999923706055,49.0,340884
2008-01-01,42.15251159667969,48.20000076293945,49.0,47.79999923706055,48.650001525878906,130640
2008-01-02,42.28367614746094,48.349998474121094,49.5,48.125,48.712501525878906,117944
2008-01-03,42.513240814208984,48.61249923706055,48.75,47.900001525878906,48.625,177540
2008-01-04,41.29983139038086,47.224998474121094,50.0,45.5,49.75,273852
2008-01-07,41.24516296386719,47.162498474121094,47.75,46.88750076293945,47.375,124032
2008-01-08,40.58927536010742,46.412498474121094,47.75,46.0,47.75,180932
2008-01-09,41.19050979614258,47.099998474121094,47.5,45.775001525878906,46.974998474121094,131880
2008-01-10,41.092124938964844,46.98749923706055,47.5,45.625,46.712501525878906,191920
2008-01-11,40.41436767578125,46.212501525878906,46.849998474121094,45.79999923706055,46.13750076293945,92368
2008-01-14,40.97187805175781,46.849998474121094,47.48749923706055,46.0,46.25,73272
2008-01-15,40.6439323425293,46.474998474121094,47.5,46.0,47.07500076293945,90764
2008-01-16,39.266544342041016,44.900001525878906,46.974998474121094,44.375,45.0,81536
2008-01-17,38.6652946472168,44.212501525878906,45.5,43.75,44.25,138944
2008-01-18,36.94902420043945,42.25,44.75,42.0,44.70000076293945,101772
2008-01-21,35.63722229003906,40.75,44.5,39.525001525878906,43.75,99716
2008-01-22,32.598228454589844,37.275001525878906,39.974998474121094,33.0,36.525001525878906,172096
2008-01-23,39.09163284301758,44.70000076293945,44.70000076293945,35.0,35.0,174576
2008-01-24,39.517967224121094,45.1875,50.5,43.625,45.75,658516
2008-01-25,39.1572265625,44.775001525878906,45.525001525878906,43.75,45.25,43688
2008-01-28,39.93336868286133,45.662498474121094,45.9375,43.287498474121094,44.5,30512
2008-01-29,39.69287872314453,45.38750076293945,46.45000076293945,44.54999923706055,45.5,69824
2008-01-30,37.72518539428711,43.13750076293945,45.38750076293945,42.75,44.5,54012
2008-01-31,38.90578842163086,44.48749923706055,44.75,42.5,44.45000076293945,69120
2008-02-01,38.282691955566406,43.775001525878906,44.8125,43.0625,44.5,38224
2008-02-04,39.834991455078125,45.54999923706055,46.25,44.5,45.349998474121094,63972
2008-02-05,39.14628982543945,44.76250076293945,45.75,44.5,45.75,20020
2008-02-06,38.479454040527344,44.0,44.75,42.650001525878906,42.650001525878906,24128
2008-02-07,38.053123474121094,43.51250076293945,44.5,42.75,44.48749923706055,79612
2008-02-08,37.200462341308594,42.537498474121094,52.0,42.25,43.75,60372
2008-02-11,36.11821365356445,41.29999923706055,43.57500076293945,41.0,42.5,17368
2008-02-12,34.544063568115234,39.5,43.125,39.0,41.25,64912
2008-02-13,34.39101791381836,39.32500076293945,41.75,38.75,41.75,25764
2008-02-14,34.981327056884766,40.0,42.224998474121094,39.5,40.5,36744
2008-02-15,37.419090270996094,42.787498474121094,47.0,38.07500076293945,40.0,4444232
2008-02-18,36.17288589477539,41.36249923706055,44.0,40.5625,44.0,106236
2008-02-19,36.1072883605957,41.287498474121094,42.375,41.01250076293945,41.375,120496
2008-02-20,35.19995880126953,40.25,41.5,39.75,40.54999923706055,81460
2008-02-21,35.10158157348633,40.13750076293945,41.0,39.775001525878906,40.48749923706055,59552
2008-02-22,34.609649658203125,39.57500076293945,40.625,39.0,40.537498474121094,37708
2008-02-25,34.139591217041016,39.037498474121094,40.474998474121094,39.0,40.025001525878906,58080
2008-02-26,35.16716766357422,40.212501525878906,40.75,39.51250076293945,40.212501525878906,60732
2008-02-27,35.05784606933594,40.087501525878906,41.25,39.75,40.6875,21992
2008-02-28,34.65337371826172,39.625,40.474998474121094,39.5,40.0,24580
2008-02-29,34.99226379394531,40.01250076293945,40.587501525878906,39.037498474121094,40.3125,78516
2008-03-03,34.64244079589844,39.61249923706055,40.025001525878906,38.76250076293945,38.775001525878906,49676
2008-03-04,32.5435676574707,37.212501525878906,40.01250076293945,36.75,40.01250076293945,87824
2008-03-05,31.71276092529297,36.26250076293945,38.462501525878906,36.25,36.75,1429536
2008-03-07,31.198965072631836,35.67499923706055,38.1875,35.0,38.1875,346336
2008-03-10,30.750768661499023,35.162498474121094,35.95000076293945,32.75,35.0,131340
2008-03-11,32.773136138916016,37.474998474121094,37.974998474121094,35.25,37.5,126124
2008-03-12,31.92045783996582,36.5,39.5,36.25,38.3125,64868
2008-03-13,31.57064437866211,36.099998474121094,36.98749923706055,35.5,35.5,227484
2008-03-14,32.02978515625,36.625,36.900001525878906,35.025001525878906,35.95000076293945,248712
2008-03-17,29.52642822265625,33.76250076293945,36.25,33.0,34.25,179812
2008-03-18,28.7830753326416,32.912498474121094,34.75,32.25,33.5,62316
2008-03-19,28.455121994018555,32.537498474121094,34.95000076293945,32.25,34.95000076293945,50052
2008-03-24,27.65711212158203,31.625,34.25,31.387500762939453,33.36249923706055,155208
2008-03-25,30.21511459350586,34.54999923706055,35.625,32.275001525878906,32.337501525878906,914728
2008-03-26,29.264070510864258,33.462501525878906,35.75,33.0,33.125,139264
2008-03-27,29.406173706054688,33.625,34.099998474121094,33.25,33.75,43624
2008-03-28,29.417112350463867,33.63750076293945,34.099998474121094,32.5,33.75,411328
2008-03-31,29.18754768371582,33.375,35.0,32.88750076293945,34.36249923706055,102036
2008-04-01,28.75027847290039,32.875,34.61249923706055,32.5,34.61249923706055,195996
2008-04-02,28.957975387573242,33.11249923706055,34.5,32.775001525878906,34.5,36188
2008-04-03,30.018346786499023,34.32500076293945,34.474998474121094,32.5,33.125,147184
2008-04-04,29.143817901611328,33.32500076293945,34.5,33.0,34.5,22484
2008-04-07,29.865306854248047,34.150001525878906,34.5,33.5,33.75,32960
2008-04-08,29.83251190185547,34.11249923706055,34.3125,33.20000076293945,33.75,22616
2008-04-09,30.532140731811523,34.912498474121094,35.48749923706055,32.54999923706055,33.537498474121094,164644
2008-04-10,30.696117401123047,35.099998474121094,35.76250076293945,34.82500076293945,35.5,42096
2008-04-11,31.122447967529297,35.587501525878906,35.98749923706055,35.025001525878906,35.98749923706055,37836
2008-04-15,31.526918411254883,36.04999923706055,36.25,35.0,35.5,19548
2008-04-16,32.45611572265625,37.11249923706055,37.5,35.82500076293945,35.875,43004
2008-04-17,32.718475341796875,37.412498474121094,37.95000076293945,37.0,37.5,42984
2008-04-21,33.7132568359375,38.54999923706055,38.625,37.75,38.5,39080
2008-04-22,33.16667556762695,37.92499923706055,39.0,37.61249923706055,38.5,50924
2008-04-23,32.84964370727539,37.5625,38.5625,37.125,38.23749923706055,27716
2008-04-24,33.01362228393555,37.75,39.0,37.75,39.0,20312
2008-04-25,32.84964370727539,37.5625,38.412498474121094,37.5,37.75,19876
2008-04-28,33.035491943359375,37.775001525878906,38.5,37.25,38.5,58060
2008-04-29,33.29785919189453,38.07500076293945,39.0,37.625,38.75,58984
2008-04-30,32.871524810791016,37.587501525878906,38.75,37.0625,38.75,31616
2008-05-02,32.49983596801758,37.162498474121094,38.625,36.775001525878906,38.625,353632
2008-05-05,32.30305862426758,36.9375,38.125,36.775001525878906,38.0,47148
2008-05-06,32.3467903137207,36.98749923706055,37.92499923706055,36.650001525878906,37.5,40776
2008-05-07,32.17189407348633,36.787498474121094,37.375,36.625,36.775001525878906,41120
2008-05-08,31.341083526611328,35.837501525878906,37.45000076293945,35.650001525878906,37.45000076293945,37072
2008-05-09,30.892887115478516,35.32500076293945,36.42499923706055,35.25,35.76250076293945,34812
2008-05-12,30.258848190307617,34.599998474121094,36.17499923706055,33.75,35.17499923706055,65304
2008-05-13,30.903810501098633,35.337501525878906,35.8125,34.25,34.25,48268
2008-05-14,32.117225646972656,36.724998474121094,37.25,35.375,35.5,75372
2008-05-15,31.548782348632812,36.07500076293945,37.04999923706055,36.0,36.974998474121094,37628
2008-05-16,31.854867935180664,36.42499923706055,36.70000076293945,36.25,36.3125,13080
2008-05-20,32.084434509277344,36.6875,42.0,36.5625,38.25,347964
2008-05-21,32.915245056152344,37.63750076293945,37.75,36.25,36.25,60356
2008-05-22,32.21561813354492,36.837501525878906,37.70000076293945,36.75,36.875,19536
2008-05-23,32.16096496582031,36.775001525878906,37.45000076293945,36.29999923706055,37.45000076293945,245500
2008-05-26,31.92045783996582,36.5,37.5,36.5,36.5,34124
2008-05-27,31.931396484375,36.51250076293945,37.5,36.287498474121094,37.0,25972
2008-05-28,31.723691940307617,36.275001525878906,37.349998474121094,36.25,37.25,63484
2008-05-29,32.13909149169922,36.75,37.20000076293945,36.162498474121094,36.900001525878906,59508
2008-05-30,31.84393882751465,36.412498474121094,37.375,36.0,37.0,35300
2008-06-02,31.92045783996582,36.5,36.974998474121094,36.5,36.974998474121094,44904
2008-06-03,31.330150604248047,35.82500076293945,36.375,35.025001525878906,35.5,32868
2008-06-04,31.264554977416992,35.75,36.75,35.462501525878906,36.75,20240
2008-06-05,31.264554977416992,35.75,36.45000076293945,35.75,36.45000076293945,35504
2008-06-06,30.717975616455078,35.125,35.875,34.875,35.875,11724
2008-06-09,30.707046508789062,35.11249923706055,35.5,30.825000762939453,33.75,48260
2008-06-10,31.264554977416992,35.75,36.0,35.25,35.25,43664
2008-06-11,31.494121551513672,36.01250076293945,36.625,36.0,36.625,25964
2008-06-12,31.111520767211914,35.57500076293945,36.5,34.775001525878906,34.775001525878906,18364
2008-06-13,31.723691940307617,36.275001525878906,36.625,35.75,36.0,108756
2008-06-16,31.723691940307617,36.275001525878906,36.5,35.75,35.8125,25788
2008-06-17,31.986055374145508,36.57500076293945,36.662498474121094,35.5,35.5,37432
2008-06-18,32.13909149169922,36.75,37.125,36.25,36.275001525878906,20980
2008-06-19,31.30828857421875,35.79999923706055,36.8125,35.75,36.8125,20680
2008-06-20,31.494121551513672,36.01250076293945,36.25,35.25,35.837501525878906,50204
2008-06-23,30.073009490966797,34.38750076293945,35.70000076293945,34.0,35.375,46224
2008-06-24,30.204191207885742,34.537498474121094,35.375,34.5,35.0,35024
2008-06-25,30.22605323791504,34.5625,37.0,33.75,37.0,25992
2008-06-26,29.701337814331055,33.962501525878906,35.875,33.75,35.875,21728
2008-06-27,29.493627548217773,33.724998474121094,33.974998474121094,33.5,33.974998474121094,30660
2008-06-30,28.389535903930664,32.462501525878906,36.0,31.875,36.0,39992
2008-07-01,28.444189071655273,32.525001525878906,32.75,32.01250076293945,32.04999923706055,59896
2008-07-02,28.957975387573242,33.11249923706055,33.75,32.25,32.25,51148
2008-07-03,28.903322219848633,33.04999923706055,33.599998474121094,33.0,33.0,17268
2008-07-04,28.93611717224121,33.087501525878906,34.73749923706055,31.8125,32.0,18904
2008-07-07,28.870529174804688,33.01250076293945,33.73749923706055,33.0,33.125,29080
2008-07-08,29.602949142456055,33.849998474121094,34.224998474121094,33.0,33.01250076293945,15288
2008-07-09,29.559221267700195,33.79999923706055,35.0,33.75,34.86249923706055,16936
2008-07-10,29.84344482421875,34.125,34.25,32.25,33.25,29132
2008-07-11,29.515501022338867,33.75,34.5,33.75,33.787498474121094,35180
2008-07-14,29.581090927124023,33.82500076293945,35.5,33.75,33.79999923706055,41724
2008-07-15,29.646671295166016,33.900001525878906,34.70000076293945,33.25,34.70000076293945,24756
2008-07-16,28.957975387573242,33.11249923706055,34.5,32.75,32.76250076293945,38772
2008-07-17,28.881458282470703,33.025001525878906,34.73749923706055,33.0,33.0,35924
2008-07-18,28.837726593017578,32.974998474121094,33.75,32.625,33.75,16784
2008-07-21,30.48841094970703,34.86249923706055,35.0625,33.0,33.5,88696
2008-07-22,31.100582122802734,35.5625,36.17499923706055,34.75,35.25,47272
2008-07-23,31.275497436523438,35.76250076293945,37.1875,35.0,36.875,66404
2008-07-24,29.701337814331055,33.962501525878906,36.875,33.474998474121094,36.787498474121094,290928
2008-07-25,29.9527587890625,34.25,34.5,33.5,33.5,34488
2008-07-28,29.6357421875,33.88750076293945,35.0,33.625,34.25,31920
2008-07-29,29.97463035583496,34.275001525878906,35.0,33.75,33.900001525878906,455196
2008-07-30,30.39002799987793,34.75,34.98749923706055,34.125,34.974998474121094,16156
2008-07-31,30.182327270507812,34.51250076293945,37.25,34.5,37.25,19516
2008-08-01,30.936609268188477,35.375,35.67499923706055,34.037498474121094,34.5,122280
2008-08-04,30.99126625061035,35.4375,36.25,35.0,36.0,25440
2008-08-05,31.592514038085938,36.125,36.75,35.275001525878906,36.25,48500
2008-08-06,31.822065353393555,36.38750076293945,37.212501525878906,36.25,36.974998474121094,42248
2008-08-07,31.986055374145508,36.57500076293945,37.724998474121094,36.04999923706055,36.38750076293945,56980
2008-08-08,32.117225646972656,36.724998474121094,37.125,36.25,36.25,28496
2008-08-11,31.884897232055664,36.025001525878906,37.5,35.57500076293945,37.25,38912
2008-08-12,31.929149627685547,36.07500076293945,36.974998474121094,35.82500076293945,36.75,25248
2008-08-13,31.40916633605957,35.48749923706055,36.23749923706055,35.25,36.23749923706055,22700
2008-08-14,31.586179733276367,35.6875,36.0,35.0,35.0,22720
2008-08-18,31.276403427124023,35.337501525878906,36.224998474121094,35.0,36.0,13728
2008-08-19,31.619373321533203,35.724998474121094,35.9375,35.25,35.25,28996
2008-08-20,31.4644832611084,35.54999923706055,35.86249923706055,35.25,35.25,23740
2008-08-21,30.966630935668945,34.98749923706055,35.51250076293945,34.76250076293945,35.5,22932
2008-08-22,31.03301429748535,35.0625,35.474998474121094,34.57500076293945,34.67499923706055,14600
2008-08-25,31.176836013793945,35.224998474121094,35.625,35.0,35.125,19632
2008-08-26,30.87812614440918,34.88750076293945,35.375,34.63750076293945,35.375,116080
2008-08-27,30.6236629486084,34.599998474121094,35.150001525878906,34.587501525878906,34.587501525878906,5560
2008-08-28,30.546220779418945,34.51250076293945,35.20000076293945,34.400001525878906,35.20000076293945,16412
2008-08-29,30.745357513427734,34.73749923706055,35.0,34.625,34.98749923706055,23244
2008-09-01,30.678977966308594,34.662498474121094,35.75,34.537498474121094,35.125,17312
2008-09-02,30.778549194335938,34.775001525878906,35.375,34.5,35.375,31596
2008-09-04,30.867063522338867,34.875,35.125,34.54999923706055,34.75,13188
2008-09-05,30.889188766479492,34.900001525878906,35.087501525878906,34.625,34.875,11808
2008-09-08,30.98876190185547,35.01250076293945,36.20000076293945,34.599998474121094,36.20000076293945,257616
2008-09-09,30.867063522338867,34.875,35.474998474121094,34.67499923706055,35.474998474121094,20532
2008-09-10,30.778549194335938,34.775001525878906,35.0,34.73749923706055,35.0,10376
2008-09-11,30.280698776245117,34.212501525878906,34.974998474121094,34.0625,34.375,24388
2008-09-12,30.369197845458984,34.3125,34.837501525878906,34.0,34.837501525878906,20608
2008-09-15,30.313884735107422,34.25,35.5,32.73749923706055,33.75,49832
2008-09-16,29.937734603881836,33.82500076293945,34.23749923706055,33.5,33.75,49280
2008-09-17,30.358139038085938,34.29999923706055,34.474998474121094,33.625,33.6875,32492
2008-09-18,30.03729248046875,33.9375,34.25,32.51250076293945,33.75,58260
2008-09-19,31.099388122558594,35.13750076293945,35.75,34.375,34.5,77948
2008-09-22,30.44664764404297,34.400001525878906,35.287498474121094,34.25,35.287498474121094,14696
2008-09-23,29.804964065551758,33.67499923706055,34.61249923706055,33.275001525878906,34.5,17808
2008-09-24,30.170063018798828,34.087501525878906,34.5,33.75,33.75,11596
2008-09-25,30.181129455566406,34.099998474121094,34.95000076293945,33.75,34.95000076293945,48868
2008-09-26,29.959857940673828,33.849998474121094,34.25,33.5,34.099998474121094,29084
2008-09-29,28.322463989257812,32.0,33.9375,31.325000762939453,33.51250076293945,55372
2008-09-30,28.79819107055664,32.537498474121094,33.474998474121094,30.25,30.5,59588
2008-10-01,28.986270904541016,32.75,33.224998474121094,32.5,32.5,31364
2008-10-03,28.433103561401367,32.125,33.20000076293945,31.25,32.5,42868
2008-10-06,25.844247817993164,29.200000762939453,32.0,29.0,31.75,47208
2008-10-07,26.441673278808594,29.875,30.737499237060547,28.5,30.225000381469727,127152
2008-10-08,25.46808624267578,28.774999618530273,29.875,28.237499237060547,29.25,137976
2008-10-10,23.222206115722656,26.237499237060547,28.75,25.037500381469727,28.75,127256
2008-10-13,24.505565643310547,27.6875,28.674999237060547,26.75,27.5,61508
2008-10-14,24.715770721435547,27.924999237060547,29.5,27.75,28.625,35048
2008-10-15,23.111574172973633,26.112499237060547,28.450000762939453,25.262500762939453,27.75,47720
2008-10-16,23.52092170715332,26.575000762939453,27.225000381469727,25.0,25.0,71208
2008-10-17,23.454540252685547,26.5,27.25,26.012500762939453,26.299999237060547,140956
2008-10-20,23.222206115722656,26.237499237060547,26.75,25.875,26.225000381469727,220048
2008-10-21,22.680095672607422,25.625,26.725000381469727,25.375,25.962499618530273,47688
2008-10-22,22.9013671875,25.875,26.25,25.5,26.25,25420
2008-10-23,21.629066467285156,24.4375,25.5,23.612499237060547,25.0,131028
2008-10-24,17.369638442993164,19.625,24.024999618530273,19.549999237060547,23.9375,188720
2008-10-27,19.615520477294922,22.162500381469727,23.0,18.875,20.0,124072
2008-10-29,19.63764190673828,22.1875,23.5,22.0,23.5,36712
2008-10-31,20.578039169311523,23.25,23.4375,22.75,22.75,2035904
2008-11-03,21.69544792175293,24.512500762939453,24.75,23.537500381469727,24.6875,61792
2008-11-04,22.812856674194336,25.774999618530273,26.299999237060547,23.75,24.5,60108
2008-11-05,21.92778205871582,24.774999618530273,27.25,24.25,25.75,54032
2008-11-06,20.5891056060791,23.262500762939453,28.700000762939453,23.049999237060547,23.600000381469727,29216
2008-11-07,20.3457088470459,22.987499237060547,23.75,22.25,23.350000381469727,100732
2008-11-10,20.578039169311523,23.25,24.1875,22.524999618530273,23.75,42448
2008-11-11,20.99845314025879,23.725000381469727,24.475000381469727,22.774999618530273,23.25,1896792
2008-11-12,20.821435928344727,23.524999618530273,23.899999618530273,23.0,23.75,24272
2008-11-14,20.810375213623047,23.512500762939453,24.5,23.012500762939453,23.5,43736
2008-11-17,20.3457088470459,22.987499237060547,23.75,22.274999618530273,23.75,34024
2008-11-18,20.069120407104492,22.674999237060547,23.225000381469727,22.5,22.75,158924
2008-11-19,19.8367862701416,22.412500381469727,23.1875,22.125,22.762500762939453,20148
2008-11-20,19.692964553833008,22.25,23.0,20.787500381469727,22.1875,30156
2008-11-21,20.091245651245117,22.700000762939453,22.862499237060547,22.0,22.512500762939453,83472
2008-11-24,20.01380157470703,22.612499237060547,23.362499237060547,22.5,23.0,14300
2008-11-25,20.058055877685547,22.662500381469727,24.0,22.5625,22.700000762939453,31500
2008-11-26,19.936359405517578,22.524999618530273,22.75,22.5,22.75,27892
2008-11-27,19.936359405517578,22.524999618530273,22.524999618530273,22.524999618530273,22.524999618530273,0
2008-11-28,20.069120407104492,22.674999237060547,22.875,21.587499618530273,22.0,16932
2008-12-01,20.10230827331543,22.712499618530273,24.0,22.625,24.0,35704
2008-12-02,19.615520477294922,22.162500381469727,22.725000381469727,21.887500762939453,21.887500762939453,20940
2008-12-03,19.692964553833008,22.25,22.75,21.887500762939453,22.75,11936
2008-12-04,19.825729370117188,22.399999618530273,22.737499237060547,22.087499618530273,22.087499618530273,6480
2008-12-05,19.737215042114258,22.299999237060547,23.125,22.075000762939453,22.25,35456
2008-12-08,19.704023361206055,22.262500762939453,23.0,22.0,23.0,12396
2008-12-10,19.482759475708008,22.012500762939453,22.487499237060547,21.75,22.225000381469727,20296
2008-12-11,20.423152923583984,23.075000762939453,23.125,20.100000381469727,22.012500762939453,44324
2008-12-12,20.3457088470459,22.987499237060547,23.100000381469727,22.649999618530273,22.987499237060547,33588
2008-12-15,20.522722244262695,23.1875,23.412500381469727,22.450000762939453,23.0625,30292
2008-12-16,21.19759750366211,23.950000762939453,24.237499237060547,22.75,23.25,33892
2008-12-17,21.92778205871582,24.774999618530273,25.450000762939453,24.0,24.0,77544
2008-12-18,22.226497650146484,25.112499237060547,25.25,24.0,24.987499237060547,37944
2008-12-19,22.23756217956543,25.125,25.5,24.5,25.0,32424
2008-12-22,24.76003074645996,27.975000381469727,29.5,25.625,27.0,359416
2008-12-23,23.897079467773438,27.0,28.149999618530273,26.112499237060547,28.149999618530273,158620
2008-12-24,23.498790740966797,26.549999237060547,27.5,26.237499237060547,26.25,61764
2008-12-26,23.23326873779297,26.25,27.487499237060547,26.200000762939453,26.25,35964
2008-12-29,24.27323341369629,27.424999237060547,27.737499237060547,25.5,26.25,56604
2008-12-30,23.919206619262695,27.024999618530273,27.75,26.825000762939453,27.75,66004
2008-12-31,23.919206619262695,27.024999618530273,27.5,26.375,27.462499618530273,92272
2009-01-02,24.372804641723633,27.537500381469727,27.950000762939453,27.037500381469727,27.75,36820
2009-01-05,24.472383499145508,27.649999618530273,28.200000762939453,27.5,27.75,36224
2009-01-06,24.074098587036133,27.200000762939453,27.575000762939453,26.375,27.575000762939453,18696
2009-01-07,24.018775939941406,27.137500762939453,27.475000381469727,26.399999618530273,27.4375,46540
2009-01-09,24.007713317871094,27.125,27.487499237060547,25.399999618530273,25.399999618530273,32692
2009-01-12,22.768606185913086,25.725000381469727,27.25,25.5,26.3125,14176
2009-01-13,22.016292572021484,24.875,27.0,24.575000762939453,26.0,25548
2009-01-14,22.259687423706055,25.149999618530273,25.737499237060547,25.0,25.737499237060547,7016
2009-01-15,22.58052635192871,25.512500762939453,25.725000381469727,24.75,24.75,41772
2009-01-16,23.04519271850586,26.037500381469727,27.212499618530273,25.825000762939453,27.212499618530273,52948
2009-01-19,22.425636291503906,25.337499618530273,26.125,25.012500762939453,25.5625,39864
2009-01-20,22.480955123901367,25.399999618530273,25.612499237060547,25.024999618530273,25.25,50376
2009-01-21,22.558399200439453,25.487499237060547,25.962499618530273,25.362499237060547,25.962499618530273,34952
2009-01-22,22.51414680480957,25.4375,25.887500762939453,25.25,25.5,89656
2009-01-23,20.943140029907227,23.662500381469727,25.0,22.950000762939453,25.0,87024
2009-01-27,20.832502365112305,23.537500381469727,23.75,22.5,23.024999618530273,41220
2009-01-28,21.24184799194336,24.0,24.424999237060547,23.762500762939453,24.424999237060547,17052
2009-01-29,21.374608993530273,24.149999618530273,24.450000762939453,24.0,24.0,42524
2009-01-30,21.319293975830078,24.087499618530273,24.25,23.75,23.75,14492
2009-02-02,21.33036231994629,24.100000381469727,24.25,23.75,23.887500762939453,14908
2009-02-03,21.38567352294922,24.162500381469727,24.25,24.0,24.0,11372
2009-02-04,21.618003845214844,24.424999237060547,24.737499237060547,24.25,24.25,16996
2009-02-05,21.319293975830078,24.087499618530273,24.325000762939453,23.799999237060547,23.862499237060547,17772
2009-02-06,21.120149612426758,23.862499237060547,24.25,23.75,23.8125,7272
2009-02-09,21.507366180419922,24.299999237060547,24.5,23.375,23.875,29036
2009-02-10,21.319293975830078,24.087499618530273,24.600000381469727,24.0,24.399999618530273,17948
2009-02-11,21.47417640686035,24.262500762939453,24.5,23.75,23.875,28448
2009-02-12,21.418861389160156,24.200000762939453,25.75,24.0,25.75,5368
2009-02-13,21.40780258178711,24.1875,24.5,23.950000762939453,24.149999618530273,5208
2009-02-16,21.297163009643555,24.0625,24.487499237060547,23.850000381469727,24.174999237060547,14356
2009-02-17,20.832502365112305,23.537500381469727,24.5,23.25,23.649999618530273,17168
2009-02-18,20.876752853393555,23.587499618530273,23.950000762939453,23.274999618530273,23.274999618530273,8728
2009-02-19,20.2572021484375,22.887500762939453,23.712499618530273,22.75,23.549999237060547,13108
2009-02-20,20.091245651245117,22.700000762939453,23.100000381469727,22.549999237060547,22.799999237060547,8448
2009-02-24,19.869979858398438,22.450000762939453,23.0,22.087499618530273,23.0,12724
2009-02-25,19.759347915649414,22.325000762939453,22.512500762939453,22.25,22.375,16328
2009-02-26,19.91423225402832,22.5,22.5,21.75,22.25,81520
2009-02-27,19.139789581298828,21.625,22.950000762939453,18.924999237060547,22.950000762939453,36144
2009-03-02,18.2104549407959,20.575000762939453,21.75,20.287500381469727,21.5,41044
2009-03-03,18.265775680541992,20.637500762939453,20.962499618530273,18.924999237060547,20.0625,9724
2009-03-04,18.287904739379883,20.662500381469727,20.975000381469727,20.5,20.649999618530273,6032
2009-03-05,18.133014678955078,20.487499237060547,20.862499237060547,20.375,20.512500762939453,10868
2009-03-06,18.18833351135254,20.549999237060547,20.75,20.0,20.487499237060547,23272
2009-03-09,18.17727279663086,20.537500381469727,20.975000381469727,20.5,20.674999237060547,16612
2009-03-12,18.298967361450195,20.674999237060547,20.962499618530273,20.274999618530273,20.625,3600
2009-03-13,18.785757064819336,21.225000381469727,21.3125,20.662500381469727,20.75,22092
2009-03-16,18.73044204711914,21.162500381469727,21.625,20.837499618530273,21.25,11780
2009-03-17,18.64193344116211,21.0625,21.700000762939453,21.0,21.0,609460
2009-03-18,18.597681045532227,21.012500762939453,21.700000762939453,20.75,20.75,26184
2009-03-19,18.509170532226562,20.912500381469727,21.475000381469727,20.774999618530273,21.0,21216
2009-03-20,18.652999877929688,21.075000762939453,21.325000762939453,20.975000381469727,21.325000762939453,12628
2009-03-23,19.062349319458008,21.537500381469727,21.725000381469727,20.524999618530273,20.524999618530273,33912
2009-03-24,18.885334014892578,21.337499618530273,22.5,21.25,21.5,42676
2009-03-25,18.420665740966797,20.8125,22.174999237060547,20.75,22.174999237060547,27616
2009-03-26,18.25471305847168,20.625,21.700000762939453,20.399999618530273,21.700000762939453,67852
2009-03-27,18.61980628967285,21.037500381469727,21.237499237060547,20.625,20.75,51980
2009-03-30,18.61980628967285,21.037500381469727,21.475000381469727,20.774999618530273,21.25,30952
2009-03-31,18.741506576538086,21.174999237060547,21.5,21.024999618530273,21.25,13064
2009-04-01,19.095537185668945,21.575000762939453,22.0,20.924999237060547,21.012500762939453,41100
2009-04-02,19.869979858398438,22.450000762939453,24.0,21.75,22.237499237060547,5259224
2009-04-06,20.21294403076172,22.837499618530273,23.350000381469727,22.600000381469727,23.0,98284
2009-04-08,20.38996124267578,23.037500381469727,23.350000381469727,22.137500762939453,22.600000381469727,43744
2009-04-09,20.046995162963867,22.649999618530273,23.725000381469727,22.487499237060547,23.725000381469727,92468
2009-04-13,21.031639099121094,23.762500762939453,24.25,22.625,22.875,86764
2009-04-15,21.35247802734375,24.125,24.475000381469727,23.512500762939453,24.0,105392
2009-04-16,20.810375213623047,23.512500762939453,25.25,23.299999237060547,24.700000762939453,115588
2009-04-17,20.732927322387695,23.424999237060547,24.25,23.274999618530273,23.524999618530273,56388
2009-04-20,19.925294876098633,22.512500762939453,23.987499237060547,22.350000381469727,23.75,66424
2009-04-21,19.991674423217773,22.587499618530273,23.0,21.75,22.049999237060547,32176
2009-04-22,19.991674423217773,22.587499618530273,23.424999237060547,22.274999618530273,23.424999237060547,52984
2009-04-23,20.069120407104492,22.674999237060547,23.725000381469727,21.600000381469727,23.725000381469727,23004
2009-04-24,20.17975425720215,22.799999237060547,23.0625,22.600000381469727,22.674999237060547,51636
2009-04-27,20.01380157470703,22.612499237060547,23.225000381469727,22.512500762939453,22.875,15348
2009-04-28,20.035930633544922,22.637500762939453,24.25,22.25,22.625,211604
2009-04-29,19.825729370117188,22.399999618530273,23.450000762939453,22.25,23.450000762939453,76908
2009-04-30,19.759347915649414,22.325000762939453,22.325000762939453,22.325000762939453,22.325000762939453,0
2009-05-04,19.958484649658203,22.549999237060547,23.125,22.375,22.75,65404
2009-05-05,20.456342697143555,23.112499237060547,23.362499237060547,22.5625,22.774999618530273,65228
2009-05-06,20.38996124267578,23.037500381469727,23.625,22.837499618530273,23.25,59884
2009-05-07,20.755054473876953,23.450000762939453,23.899999618530273,23.024999618530273,23.024999618530273,73836
2009-05-08,20.268264770507812,22.899999618530273,24.0,22.75,23.737499237060547,74500
2009-05-11,20.135501861572266,22.75,23.237499237060547,22.537500381469727,23.024999618530273,23328
2009-05-12,20.33464241027832,22.975000381469727,23.149999618530273,22.5,22.75,42052
2009-05-13,20.33464241027832,22.975000381469727,23.125,22.75,23.0,23524
2009-05-14,20.633363723754883,23.3125,23.5,22.375,23.5,48520
2009-05-15,20.821435928344727,23.524999618530273,23.737499237060547,23.362499237060547,23.362499237060547,53024
2009-05-18,20.821435928344727,23.524999618530273,23.524999618530273,23.524999618530273,23.524999618530273,0
2009-05-19,21.78395652770996,24.612499237060547,26.25,24.0,26.25,144804
2009-05-20,22.680095672607422,25.625,27.0,25.012500762939453,25.012500762939453,243612
2009-05-21,24.992361068725586,28.237499237060547,30.125,26.212499618530273,26.212499618530273,771228
2009-05-22,27.094419479370117,30.612499237060547,31.125,28.524999618530273,28.524999618530273,765232
2009-05-25,26.386356353759766,29.8125,32.224998474121094,29.287500381469727,31.25,214232
2009-05-26,26.718259811401367,30.1875,31.875,28.75,30.4375,319312
2009-05-27,28.333528518676758,32.01250076293945,33.150001525878906,31.25,31.75,1047692
2009-05-28,27.23824119567871,30.774999618530273,32.125,30.524999618530273,32.0,223116
2009-05-29,27.448453903198242,31.012500762939453,31.5,30.6875,31.5,147160
2009-06-01,29.24073028564453,33.037498474121094,33.25,31.3125,31.375,5483980
2009-06-02,29.1522216796875,32.9375,35.0,32.75,34.70000076293945,432024
2009-06-03,28.82032012939453,32.5625,33.962501525878906,32.01250076293945,33.5,187912
2009-06-04,29.683263778686523,33.537498474121094,35.25,31.600000381469727,32.48749923706055,623092
2009-06-05,28.676496505737305,32.400001525878906,34.5,32.0,33.275001525878906,253512
2009-06-08,27.227184295654297,30.762500762939453,33.20000076293945,30.25,32.75,148700
2009-06-09,26.120832443237305,29.512500762939453,30.5,28.774999618530273,29.524999618530273,513640
2009-06-10,26.31997299194336,29.737499237060547,31.25,29.524999618530273,30.125,157228
2009-06-11,26.519119262695312,29.962499618530273,30.75,29.5,29.75,177428
2009-06-12,25.965946197509766,29.337499618530273,30.674999237060547,29.012500762939453,30.024999618530273,95604
2009-06-15,25.335325241088867,28.625,29.5,28.274999618530273,29.100000381469727,65172
2009-06-16,25.512348175048828,28.825000762939453,29.0,27.825000762939453,28.287500381469727,62296
2009-06-17,25.667236328125,29.0,29.75,28.5,28.5,116276
2009-06-18,25.091938018798828,28.350000381469727,29.462499618530273,27.537500381469727,29.125,139552
2009-06-19,24.826406478881836,28.049999237060547,29.737499237060547,27.762500762939453,28.774999618530273,81540
2009-06-22,24.981300354003906,28.225000381469727,28.862499237060547,27.5,28.75,95372
2009-06-23,25.268945693969727,28.549999237060547,29.0,27.3125,28.225000381469727,85688
2009-06-24,26.06551742553711,29.450000762939453,29.625,28.549999237060547,28.950000762939453,73144
2009-06-25,25.777870178222656,29.125,30.487499237060547,28.75,29.299999237060547,77320
2009-06-26,25.678293228149414,29.012500762939453,30.0,28.774999618530273,30.0,309368
2009-06-29,25.988073348999023,29.362499237060547,29.75,29.125,29.75,37500
2009-06-30,25.50128173828125,28.8125,30.0,28.75,30.0,59468
2009-07-01,25.23575782775879,28.512500762939453,29.174999237060547,27.5,28.8125,33616
2009-07-02,25.23575782775879,28.512500762939453,29.149999618530273,28.049999237060547,28.5,35176
2009-07-03,25.246822357177734,28.524999618530273,29.0,28.125,28.149999618530273,25416
2009-07-06,24.57195472717285,27.762500762939453,28.875,27.524999618530273,28.737499237060547,59736
2009-07-07,24.4945011138916,27.674999237060547,28.462499618530273,27.399999618530273,28.25,42368
2009-07-08,24.27323341369629,27.424999237060547,27.75,25.325000762939453,27.25,1076540
2009-07-09,25.091938018798828,28.350000381469727,28.75,26.887500762939453,27.0,204952
2009-07-10,24.107284545898438,27.237499237060547,28.75,26.75,28.75,27424
2009-07-13,23.299654006958008,26.325000762939453,27.25,25.612499237060547,26.25,45480
2009-07-14,24.57195472717285,27.762500762939453,28.725000381469727,26.524999618530273,27.25,54332
2009-07-15,24.793216705322266,28.012500762939453,28.4375,27.274999618530273,28.087499618530273,34596
2009-07-16,24.206857681274414,27.350000381469727,28.75,27.350000381469727,28.75,61224
2009-07-17,25.072595596313477,27.875,28.575000762939453,27.725000381469727,28.575000762939453,53360
2009-07-20,25.882110595703125,28.774999618530273,29.25,28.075000762939453,28.075000762939453,216116
2009-07-21,25.612268447875977,28.475000381469727,29.112499237060547,28.3125,29.112499237060547,38640
2009-07-22,25.353673934936523,28.1875,28.899999618530273,28.0,28.5,82748
2009-07-23,25.780920028686523,28.662500381469727,29.0,28.3125,28.5,72340
2009-07-24,26.804059982299805,29.799999237060547,29.975000381469727,28.75,29.0,128856
2009-07-27,28.456829071044922,31.637500762939453,31.875,30.0,30.0,418436
2009-07-28,31.076513290405273,34.54999923706055,34.974998474121094,32.5,32.5,661292
2009-07-29,30.772953033447266,34.212501525878906,34.875,33.0625,34.5,208556
2009-07-30,30.851648330688477,34.29999923706055,39.712501525878906,34.0625,34.75,295336
2009-07-31,32.09965896606445,35.6875,36.61249923706055,34.86249923706055,34.86249923706055,477036
2009-08-03,32.50442123413086,36.13750076293945,36.974998474121094,35.775001525878906,35.86249923706055,175956
2009-08-04,32.3807487487793,36.0,37.25,35.54999923706055,36.474998474121094,213432
2009-08-05,31.413822174072266,34.92499923706055,36.67499923706055,34.775001525878906,35.0,125328
2009-08-06,30.739219665527344,34.17499923706055,35.462501525878906,33.912498474121094,34.775001525878906,126680
2009-08-07,29.60364532470703,32.912498474121094,34.45000076293945,32.75,33.5,172484
2009-08-10,30.997817993164062,34.462501525878906,36.70000076293945,34.0625,34.5,643052
2009-08-11,30.89662742614746,34.349998474121094,35.75,34.037498474121094,34.75,222504
2009-08-12,30.570573806762695,33.98749923706055,34.5,33.75,34.224998474121094,89596
2009-08-13,31.50377082824707,35.025001525878906,35.375,34.0,34.875,171396
2009-08-14,30.907873153686523,34.36249923706055,35.375,34.0625,35.375,126992
2009-08-17,30.60430335998535,34.025001525878906,34.724998474121094,33.57500076293945,33.75,60308
2009-08-18,30.390674591064453,33.787498474121094,34.375,33.0,34.25,80284
2009-08-19,30.042137145996094,33.400001525878906,34.17499923706055,33.25,33.82500076293945,62632
2009-08-20,30.154571533203125,33.525001525878906,34.224998474121094,33.29999923706055,33.5625,47540
2009-08-21,31.47003746032715,34.98749923706055,35.849998474121094,33.25,33.70000076293945,165828
2009-08-24,31.526254653930664,35.04999923706055,35.88750076293945,34.849998474121094,35.712501525878906,137452
2009-08-25,31.492525100708008,35.01250076293945,35.36249923706055,34.54999923706055,34.974998474121094,88684
2009-08-26,32.41447448730469,36.037498474121094,38.0,34.0,35.25,459440
2009-08-27,33.20150375366211,36.912498474121094,38.04999923706055,35.5,35.5,510592
2009-08-28,32.583126068115234,36.224998474121094,37.474998474121094,35.5,36.75,78268
2009-08-31,34.33708190917969,38.17499923706055,39.349998474121094,35.587501525878906,36.224998474121094,1226816
2009-09-01,32.639339447021484,36.287498474121094,39.36249923706055,35.98749923706055,38.26250076293945,409932
2009-09-02,32.875457763671875,36.54999923706055,38.0,35.75,35.75,316436
2009-09-03,32.718040466308594,36.375,37.474998474121094,36.25,36.54999923706055,112816
2009-09-04,32.50442123413086,36.13750076293945,36.912498474121094,35.875,36.75,94320
2009-09-07,32.97664260864258,36.662498474121094,37.712501525878906,36.337501525878906,36.75,149876
2009-09-08,32.538150787353516,36.17499923706055,37.4375,35.875,37.0,121452
2009-09-09,33.358917236328125,37.087501525878906,38.6875,35.54999923706055,36.25,656348
2009-09-10,33.94356918334961,37.73749923706055,38.837501525878906,37.5,38.0,573560
2009-09-11,33.71869659423828,37.48749923706055,38.375,37.0,37.73749923706055,116500
2009-09-14,33.246482849121094,36.962501525878906,37.95000076293945,36.775001525878906,37.95000076293945,62592
2009-09-15,33.302696228027344,37.025001525878906,37.849998474121094,36.775001525878906,37.099998474121094,75308
2009-09-16,33.471343994140625,37.212501525878906,37.849998474121094,36.5,37.537498474121094,192308
2009-09-17,33.977291107177734,37.775001525878906,38.75,36.775001525878906,36.775001525878906,505692
2009-09-18,33.85362243652344,37.63750076293945,38.25,37.04999923706055,37.525001525878906,107836
2009-09-22,33.59502410888672,37.349998474121094,38.07500076293945,37.150001525878906,37.900001525878906,70820
2009-09-23,33.20150375366211,36.912498474121094,37.962501525878906,36.650001525878906,37.962501525878906,113664
2009-09-24,33.16777420043945,36.875,37.25,36.125,36.29999923706055,61348
2009-09-25,33.190269470214844,36.900001525878906,37.5,36.75,36.75,51632
2009-09-29,32.931671142578125,36.61249923706055,37.724998474121094,36.38750076293945,37.724998474121094,71160
2009-09-30,32.83048629760742,36.5,36.974998474121094,36.375,36.5,77144
2009-10-01,34.71934509277344,38.599998474121094,39.95000076293945,36.04999923706055,36.5,2007488
2009-10-05,34.17967987060547,38.0,39.5625,37.5,38.25,594740
2009-10-06,33.65123748779297,37.412498474121094,38.57500076293945,37.01250076293945,38.0,141168
2009-10-07,33.291446685791016,37.01250076293945,38.25,36.75,37.75,122016
2009-10-08,33.81989288330078,37.599998474121094,38.875,37.375,37.5,252132
2009-10-09,33.72994613647461,37.5,38.32500076293945,37.25,38.32500076293945,149892
2009-10-12,33.98853302001953,37.787498474121094,37.974998474121094,37.4375,37.75,84836
2009-10-13,33.954811096191406,37.75,37.75,37.75,37.75,0
2009-10-14,34.19091796875,38.01250076293945,38.45000076293945,37.5625,37.787498474121094,183244
2009-10-15,34.87677001953125,38.775001525878906,39.42499923706055,38.0,38.025001525878906,318140
2009-10-16,34.96670150756836,38.875,39.25,38.625,38.8125,156560
2009-10-20,35.1466064453125,39.07500076293945,39.5,38.75,39.349998474121094,142816
2009-10-21,35.66378402709961,39.650001525878906,40.92499923706055,39.25,39.25,657568
2009-10-22,36.4395866394043,40.51250076293945,41.75,40.04999923706055,40.5,1193232
2009-10-23,37.462730407714844,41.650001525878906,42.42499923706055,41.23749923706055,41.599998474121094,724128
2009-10-26,38.57581329345703,42.88750076293945,43.75,42.0,42.0,754196
2009-10-27,37.22661590576172,41.38750076293945,42.962501525878906,41.0,42.775001525878906,334428
2009-10-28,37.57516098022461,41.775001525878906,42.32500076293945,40.25,41.67499923706055,236992
2009-10-29,37.48521041870117,41.67499923706055,42.125,40.275001525878906,41.29999923706055,201156
2009-10-30,37.024227142333984,41.162498474121094,43.0,41.0,42.0,95140
2009-11-03,35.47264862060547,39.4375,41.5,38.912498474121094,41.5,98460
2009-11-04,36.270931243896484,40.32500076293945,40.5,39.224998474121094,39.4375,68308
2009-11-05,36.70941925048828,40.8125,41.25,40.537498474121094,40.787498474121094,64304
2009-11-06,37.14789962768555,41.29999923706055,41.900001525878906,41.0625,41.525001525878906,102488
2009-11-09,37.44023513793945,41.625,41.75,40.5,41.5,77816
2009-11-10,37.26034164428711,41.42499923706055,42.45000076293945,41.0,41.67499923706055,116004
2009-11-11,37.58639907836914,41.787498474121094,42.125,40.5,41.974998474121094,107888
2009-11-12,39.41905975341797,43.82500076293945,45.0,41.3125,42.3125,948124
2009-11-13,40.10490798950195,44.587501525878906,45.42499923706055,43.5,43.5,683296
2009-11-16,39.73387145996094,44.17499923706055,45.287498474121094,43.974998474121094,44.974998474121094,180412
2009-11-17,40.520896911621094,45.04999923706055,46.20000076293945,42.79999923706055,44.375,334552
2009-11-18,40.4871826171875,45.01250076293945,45.42499923706055,43.787498474121094,43.787498474121094,92468
2009-11-19,40.02619552612305,44.5,45.38750076293945,44.26250076293945,45.0,97656
2009-11-20,41.049339294433594,45.63750076293945,46.099998474121094,43.88750076293945,43.88750076293945,242980
2009-11-23,43.511627197265625,48.375,48.98749923706055,45.5,45.70000076293945,841040
2009-11-24,46.27748107910156,51.45000076293945,52.349998474121094,48.037498474121094,48.037498474121094,4055084
2009-11-25,45.27682876586914,50.337501525878906,52.349998474121094,50.125,52.0,429852
2009-11-26,44.14125061035156,49.07500076293945,50.70000076293945,48.25,50.70000076293945,192096
2009-11-27,44.29866027832031,49.25,49.625,46.51250076293945,47.525001525878906,216008
2009-11-30,43.7140007019043,48.599998474121094,50.650001525878906,48.04999923706055,48.75,189936
2009-12-01,43.82644271850586,48.724998474121094,49.67499923706055,48.150001525878906,49.67499923706055,103612
2009-12-02,44.366119384765625,49.32500076293945,49.86249923706055,49.0,49.25,124444
2009-12-03,44.35487365722656,49.3125,49.75,47.75,47.75,66328
2009-12-04,43.70276641845703,48.587501525878906,50.375,48.349998474121094,49.25,408228
2009-12-07,43.68028259277344,48.5625,50.0,48.3125,49.25,118004
2009-12-08,43.68028259277344,48.5625,49.974998474121094,48.5,49.0,68668
2009-12-09,43.41044235229492,48.26250076293945,49.224998474121094,47.849998474121094,49.224998474121094,63608
2009-12-10,43.41044235229492,48.26250076293945,49.5,47.662498474121094,48.5,594796
2009-12-11,43.106868743896484,47.92499923706055,49.75,47.625,49.25,199128
2009-12-14,42.747074127197266,47.525001525878906,48.73749923706055,47.5,48.73749923706055,76952
2009-12-15,41.92631149291992,46.61249923706055,48.25,46.3125,47.662498474121094,337656
2009-12-16,42.13993453979492,46.849998474121094,47.5,45.75,46.75,96584
2009-12-17,42.20740509033203,46.92499923706055,47.5,46.349998474121094,47.125,69312
2009-12-18,42.70210647583008,47.474998474121094,47.775001525878906,46.5,46.86249923706055,321632
2009-12-21,42.477237701416016,47.224998474121094,47.625,46.76250076293945,47.0,194240
2009-12-22,42.26362228393555,46.98749923706055,47.724998474121094,46.75,46.75,73452
2009-12-23,42.37605667114258,47.11249923706055,47.98749923706055,47.0,47.25,121640
2009-12-24,42.45475387573242,47.20000076293945,48.0625,47.025001525878906,47.48749923706055,176492
2009-12-29,42.65713119506836,47.42499923706055,48.17499923706055,47.04999923706055,47.48749923706055,124520
2009-12-30,42.724605560302734,47.5,47.75,47.275001525878906,47.5,197208
2009-12-31,43.89390563964844,48.79999923706055,49.5,47.5,47.5,603628
2010-01-04,43.567840576171875,48.4375,49.75,48.3125,49.1875,283028
2010-01-05,43.91638946533203,48.82500076293945,49.5,48.400001525878906,49.45000076293945,251932
2010-01-06,49.549285888671875,55.087501525878906,57.17499923706055,48.0,48.5,4515796
2010-01-07,47.30062484741211,52.587501525878906,57.099998474121094,52.150001525878906,56.17499923706055,4205412
2010-01-08,46.74970626831055,51.974998474121094,53.25,51.75,53.07500076293945,786796
2010-01-11,46.873374938964844,52.11249923706055,53.5,51.625,52.625,587032
2010-01-12,45.96266555786133,51.099998474121094,53.0,50.75,52.599998474121094,736444
2010-01-13,45.72655487060547,50.837501525878906,51.75,50.13750076293945,50.13750076293945,477248
2010-01-14,46.53607177734375,51.73749923706055,52.5,51.25,51.474998474121094,420584
2010-01-15,46.8059196472168,52.037498474121094,52.75,51.76250076293945,52.0,279264
2010-01-18,47.17694854736328,52.45000076293945,53.25,51.75,53.0,564844
2010-01-19,46.06386184692383,51.212501525878906,52.974998474121094,50.92499923706055,52.07500076293945,894144
2010-01-20,46.64851379394531,51.86249923706055,53.474998474121094,51.75,51.75,780244
2010-01-21,46.31120681762695,51.48749923706055,52.625,51.25,52.0,530164
2010-01-22,46.35618591308594,51.537498474121094,51.974998474121094,49.5625,51.0625,450544
2010-01-25,46.62602996826172,51.837501525878906,52.974998474121094,51.26250076293945,51.75,419844
2010-01-27,45.085689544677734,50.125,51.9375,50.0,51.5,585024
2010-01-28,45.23185729980469,50.287498474121094,52.0,48.849998474121094,50.04999923706055,893916
2010-01-29,43.91638946533203,48.82500076293945,51.25,47.875,51.224998474121094,1382992
2010-02-01,43.59033203125,48.462501525878906,49.75,48.17499923706055,49.17499923706055,612320
2010-02-02,42.555938720703125,47.3125,49.349998474121094,47.150001525878906,48.75,563304
2010-02-03,42.679622650146484,47.45000076293945,48.98749923706055,47.25,47.849998474121094,998324
2010-02-04,43.20805358886719,48.037498474121094,48.25,47.0,47.775001525878906,392044
2010-02-05,42.758323669433594,47.537498474121094,47.75,46.54999923706055,47.025001525878906,264856
2010-02-08,42.64589309692383,47.412498474121094,48.6875,47.0625,48.337501525878906,244304
2010-02-09,42.16242599487305,46.875,48.875,46.75,48.25,249784
2010-02-10,42.3198356628418,47.04999923706055,47.5,46.95000076293945,47.4375,160300
2010-02-11,42.331077575683594,47.0625,47.974998474121094,46.775001525878906,47.5,266356
2010-02-15,42.9607048034668,47.76250076293945,48.5,47.349998474121094,47.474998474121094,233096
2010-02-16,43.30925750732422,48.150001525878906,48.375,47.625,48.125,198772
2010-02-17,43.86016845703125,48.76250076293945,49.474998474121094,48.25,48.70000076293945,256164
2010-02-18,44.09627914428711,49.025001525878906,50.974998474121094,48.525001525878906,49.0,455984
2010-02-19,46.12007141113281,51.275001525878906,52.20000076293945,49.037498474121094,49.48749923706055,4194592
2010-02-22,45.00698471069336,50.037498474121094,52.70000076293945,49.400001525878906,52.275001525878906,934860
2010-02-23,44.658447265625,49.650001525878906,51.0,49.275001525878906,49.95000076293945,289296
2010-02-24,44.085044860839844,49.01250076293945,50.099998474121094,48.79999923706055,49.5,161644
2010-02-25,44.13002014160156,49.0625,49.95000076293945,48.75,49.25,114672
2010-02-26,44.33238983154297,49.287498474121094,50.0,48.775001525878906,48.849998474121094,123944
2010-03-02,45.96266555786133,51.099998474121094,51.25,49.75,49.75,295132
2010-03-03,45.940181732177734,51.07500076293945,51.712501525878906,50.8125,51.26250076293945,297432
2010-03-04,45.861480712890625,50.98749923706055,51.75,50.724998474121094,51.75,275060
2010-03-05,48.672298431396484,54.11249923706055,55.162498474121094,52.0,52.099998474121094,2164380
2010-03-08,49.34691619873047,54.86249923706055,56.25,54.412498474121094,55.0,1269284
2010-03-09,50.4262580871582,56.0625,56.5,54.650001525878906,55.11249923706055,1222312
2010-03-10,51.43816375732422,57.1875,57.474998474121094,56.0,56.63750076293945,965172
2010-03-11,53.124656677246094,59.0625,59.875,57.32500076293945,57.525001525878906,2385068
2010-03-12,54.1815299987793,60.23749923706055,61.25,58.76250076293945,59.4375,2077120
2010-03-15,51.31447982788086,57.04999923706055,60.0,53.150001525878906,60.0,1062414
2010-03-16,51.26951599121094,57.0,58.20000076293945,56.525001525878906,57.54999923706055,297878
2010-03-17,51.71924591064453,57.5,57.75,57.0,57.70000076293945,1406072
2010-03-18,51.85417175292969,57.650001525878906,58.0,56.525001525878906,57.974998474121094,925592
2010-03-19,51.741737365722656,57.525001525878906,59.0,57.0,57.92499923706055,298812
2010-03-22,52.10151290893555,57.92499923706055,60.0,53.599998474121094,57.474998474121094,2704240
2010-03-23,51.20204544067383,56.92499923706055,59.5,56.5,58.07500076293945,294050
2010-03-25,51.35946273803711,57.099998474121094,58.375,55.5,57.25,470330
2010-03-26,51.26951599121094,57.0,57.67499923706055,55.04999923706055,56.75,507098
2010-03-29,50.61740493774414,56.275001525878906,57.45000076293945,55.75,57.04999923706055,334558
2010-03-30,51.40443420410156,57.150001525878906,57.42499923706055,56.07500076293945,56.5,227288
2010-03-31,51.8091926574707,57.599998474121094,58.95000076293945,56.375,57.474998474121094,254278
2010-04-01,51.944114685058594,57.75,58.125,56.75,57.900001525878906,331542
2010-04-05,52.84357833862305,58.75,59.0,57.5,58.5,291618
2010-04-06,51.876651763916016,57.67499923706055,58.974998474121094,57.5,58.974998474121094,394750
2010-04-07,50.93220901489258,56.625,58.5,56.150001525878906,57.67499923706055,290690
2010-04-08,50.28010177612305,55.900001525878906,57.525001525878906,55.5,57.29999923706055,1278656
2010-04-09,49.920318603515625,55.5,57.150001525878906,54.75,56.92499923706055,449084
2010-04-12,48.88593673706055,54.349998474121094,56.0,53.79999923706055,55.650001525878906,399534
2010-04-13,49.178253173828125,54.67499923706055,55.25,54.25,55.224998474121094,625516
2010-04-15,51.38193893432617,57.125,57.45000076293945,54.5,55.400001525878906,634362
2010-04-16,50.4150276184082,56.04999923706055,57.0,56.0,57.0,192436
2010-04-19,50.774818420410156,56.45000076293945,57.25,54.67499923706055,56.0,227134
2010-04-20,51.26951599121094,57.0,57.45000076293945,56.349998474121094,56.974998474121094,173438
2010-04-21,52.23644256591797,58.07500076293945,58.275001525878906,56.5,57.29999923706055,259498
2010-04-22,52.61870574951172,58.5,58.75,57.474998474121094,58.45000076293945,158642
2010-04-23,53.09093475341797,59.025001525878906,59.17499923706055,57.75,58.5,143166
2010-04-26,53.22584915161133,59.17499923706055,59.75,58.525001525878906,59.125,196922
2010-04-27,53.720558166503906,59.724998474121094,60.25,58.150001525878906,58.974998474121094,238052
2010-04-28,52.95601272583008,58.875,59.724998474121094,57.75,59.5,278294
2010-04-29,53.18087387084961,59.125,59.5,58.599998474121094,59.5,67580
2010-04-30,53.06843948364258,59.0,59.75,58.5,59.474998474121094,98852
2010-05-03,53.158390045166016,59.099998474121094,59.70000076293945,58.07500076293945,59.375,89604
2010-05-04,52.37135696411133,58.224998474121094,60.0,57.54999923706055,59.5,117148
2010-05-05,52.32637405395508,58.17499923706055,58.45000076293945,55.5,56.5,128472
2010-05-06,52.146488189697266,57.974998474121094,58.5,57.5,58.25,47286
2010-05-07,51.89914321899414,57.70000076293945,57.849998474121094,56.57500076293945,57.525001525878906,113440
2010-05-10,52.61870574951172,58.5,59.400001525878906,57.5,57.57500076293945,144970
2010-05-11,52.28142166137695,58.125,58.974998474121094,57.349998474121094,57.54999923706055,127636
2010-05-12,52.21394729614258,58.04999923706055,58.724998474121094,56.900001525878906,58.474998474121094,97614
2010-05-13,52.641204833984375,58.525001525878906,58.974998474121094,57.900001525878906,58.5,91770
2010-05-14,52.641204833984375,58.525001525878906,58.875,57.95000076293945,58.25,77120
2010-05-17,52.43881607055664,58.29999923706055,58.849998474121094,57.150001525878906,58.849998474121094,81788
2010-05-18,52.66367721557617,58.54999923706055,58.95000076293945,52.849998474121094,52.849998474121094,52364
2010-05-19,53.76552963256836,59.775001525878906,64.69999694824219,58.25,58.5,976572
2010-05-20,52.16898727416992,58.0,59.5,57.400001525878906,59.25,339160
2010-05-21,51.22453689575195,56.95000076293945,57.525001525878906,56.25,57.525001525878906,136464
2010-05-24,51.69675827026367,57.474998474121094,58.125,57.04999923706055,57.474998474121094,105664
2010-05-25,49.56052780151367,55.099998474121094,57.95000076293945,54.150001525878906,57.474998474121094,214542
2010-05-26,50.61740493774414,56.275001525878906,56.75,55.974998474121094,55.974998474121094,1142226
2010-05-27,50.70734786987305,56.375,57.5,56.125,57.025001525878906,94840
2010-05-28,50.662376403808594,56.32500076293945,57.42499923706055,56.025001525878906,56.95000076293945,64330
2010-05-31,50.25761795043945,55.875,56.75,55.57500076293945,56.25,67052
2010-06-01,49.38063049316406,54.900001525878906,56.474998474121094,53.79999923706055,55.875,96014
2010-06-02,50.57242965698242,56.224998474121094,56.625,55.0,55.0,263404
2010-06-03,50.34756088256836,55.974998474121094,56.95000076293945,55.67499923706055,56.95000076293945,274780
2010-06-04,50.72983932495117,56.400001525878906,56.95000076293945,55.67499923706055,55.67499923706055,87922
2010-06-07,50.30258560180664,55.92499923706055,56.29999923706055,54.875,56.29999923706055,124804
2010-06-08,50.25761795043945,55.875,56.775001525878906,55.42499923706055,55.42499923706055,75282
2010-06-09,49.74042510986328,55.29999923706055,56.0,54.849998474121094,55.54999923706055,754346
2010-06-10,51.02216720581055,56.724998474121094,56.95000076293945,55.125,55.5,80520
2010-06-11,50.79728698730469,56.474998474121094,57.82500076293945,55.82500076293945,57.724998474121094,99528
2010-06-14,50.684852600097656,56.349998474121094,56.974998474121094,55.67499923706055,56.275001525878906,111600
2010-06-15,51.89914321899414,57.70000076293945,58.25,56.150001525878906,56.625,149358
2010-06-16,51.179569244384766,56.900001525878906,58.375,56.525001525878906,58.375,120428
2010-06-17,51.20204544067383,56.92499923706055,59.0,56.54999923706055,57.20000076293945,566620
2010-06-18,51.08961868286133,56.79999923706055,57.70000076293945,56.375,57.275001525878906,85714
2010-06-21,50.774818420410156,56.45000076293945,57.349998474121094,55.75,57.0,119178
2010-06-22,50.639892578125,56.29999923706055,59.42499923706055,56.099998474121094,56.25,83816
2010-06-23,52.28142166137695,58.125,58.54999923706055,56.5,56.5,176514
2010-06-24,53.60811996459961,59.599998474121094,61.95000076293945,57.775001525878906,57.775001525878906,573004
2010-06-25,55.38456344604492,61.57500076293945,63.20000076293945,59.125,59.54999923706055,964478
2010-06-28,57.65571212768555,64.0999984741211,64.6500015258789,62.25,62.5,725028
2010-06-29,58.397769927978516,64.92500305175781,66.6500015258789,63.29999923706055,64.44999694824219,846422
2010-06-30,58.80254364013672,65.375,65.92500305175781,63.125,64.19999694824219,317344
2010-07-01,58.60015869140625,65.1500015258789,66.55000305175781,64.7249984741211,65.4749984741211,332482
2010-07-02,57.58826446533203,64.0250015258789,65.8499984741211,63.75,65.25,221804
2010-07-05,56.733760833740234,63.07500076293945,65.0,62.75,64.55000305175781,238636
2010-07-06,56.21656799316406,62.5,63.900001525878906,62.5,63.474998474121094,179492
2010-07-07,56.57635498046875,62.900001525878906,63.54999923706055,62.5,63.25,94312
2010-07-08,56.868682861328125,63.224998474121094,64.8499984741211,62.275001525878906,64.25,166310
2010-07-09,58.08294677734375,64.57499694824219,64.9000015258789,62.25,62.25,107514
2010-07-12,57.543277740478516,63.974998474121094,65.5,63.25,64.80000305175781,132382
2010-07-13,57.63322067260742,64.07499694824219,64.7249984741211,63.525001525878906,63.525001525878906,84750
2010-07-14,57.63322067260742,64.07499694824219,65.75,63.79999923706055,64.5,150338
2010-07-15,56.95862579345703,63.32500076293945,64.42500305175781,62.775001525878906,64.0,101600
2010-07-16,58.2178840637207,64.7249984741211,64.9000015258789,63.5,63.974998474121094,96456
2010-07-19,57.07106399536133,63.45000076293945,66.1500015258789,62.75,64.5999984741211,888594
2010-07-20,57.85809326171875,64.32499694824219,65.32499694824219,63.45000076293945,63.45000076293945,251470
2010-07-21,57.565765380859375,64.0,66.0,63.150001525878906,66.0,194748
2010-07-22,60.51150894165039,67.2750015258789,68.80000305175781,64.5,64.5,2123084
2010-07-23,60.87131118774414,67.67500305175781,68.69999694824219,67.4000015258789,67.8499984741211,601892
2010-07-26,60.894046783447266,66.94999694824219,69.4000015258789,66.25,68.0,219300
2010-07-27,61.007728576660156,67.07499694824219,67.5,66.05000305175781,66.55000305175781,98868
2010-07-28,61.46249771118164,67.57499694824219,67.8499984741211,66.5,67.4749984741211,107132
2010-07-29,61.80358123779297,67.94999694824219,68.25,66.17500305175781,67.0,97968
2010-07-30,61.84907531738281,68.0,68.94999694824219,67.69999694824219,68.25,108372
2010-08-02,61.371543884277344,67.4749984741211,68.9000015258789,67.0999984741211,68.32499694824219,74918
2010-08-03,62.98599624633789,69.25,70.0,67.0,67.0,2871852
2010-08-04,64.96424865722656,71.42500305175781,71.875,69.5,69.875,695182
2010-08-05,66.05570220947266,72.625,73.94999694824219,71.55000305175781,71.75,580930
2010-08-06,67.55648040771484,74.2750015258789,75.5999984741211,72.5250015258789,72.9749984741211,965552
2010-08-09,66.07846069335938,72.6500015258789,75.7249984741211,72.1500015258789,75.0,668722
2010-08-10,65.55545806884766,72.07499694824219,74.5,71.55000305175781,73.3499984741211,447336
2010-08-11,65.191650390625,71.67500305175781,72.7249984741211,70.5250015258789,72.25,90972
2010-08-12,64.4639892578125,70.875,72.25,70.19999694824219,70.42500305175781,150306
2010-08-13,63.32707214355469,69.625,71.6500015258789,69.3499984741211,71.0,304548
2010-08-16,62.37204360961914,68.57499694824219,70.1500015258789,67.75,70.1500015258789,424572
2010-08-17,63.3043212890625,69.5999984741211,70.9000015258789,67.82499694824219,69.57499694824219,256782
2010-08-18,63.622657775878906,69.94999694824219,70.375,68.69999694824219,69.05000305175781,249188
2010-08-19,63.19063949584961,69.4749984741211,70.69999694824219,69.0,70.69999694824219,300092
2010-08-20,63.804561614990234,70.1500015258789,70.5,68.25,69.0,210048
2010-08-23,64.71414947509766,71.1500015258789,73.30000305175781,70.4000015258789,70.4000015258789,590646
2010-08-24,63.622657775878906,69.94999694824219,71.75,69.69999694824219,71.7249984741211,188382
2010-08-25,62.87228775024414,69.125,70.0250015258789,68.5,69.75,162178
2010-08-26,63.3043212890625,69.5999984741211,70.0,68.92500305175781,69.69999694824219,121770
2010-08-27,62.82683181762695,69.07499694824219,70.25,68.0,69.9000015258789,136946
2010-08-30,64.2138671875,70.5999984741211,71.25,67.0999984741211,67.0999984741211,264966
2010-08-31,65.71464538574219,72.25,72.82499694824219,69.75,71.32499694824219,347068
2010-09-01,66.80607604980469,73.44999694824219,74.0,72.5,72.7750015258789,395022
2010-09-02,66.03297424316406,72.5999984741211,73.7750015258789,72.07499694824219,73.7750015258789,316964
2010-09-03,66.01022338867188,72.57499694824219,74.1500015258789,72.3499984741211,72.8499984741211,96248
2010-09-06,65.98750305175781,72.55000305175781,74.25,72.1500015258789,73.05000305175781,141534
2010-09-07,66.03297424316406,72.5999984741211,73.5,71.5250015258789,72.625,176480
2010-09-08,66.10118865966797,72.67500305175781,73.4000015258789,71.75,72.25,82734
2010-09-09,65.98750305175781,72.55000305175781,74.19999694824219,72.05000305175781,72.69999694824219,112336
2010-09-13,66.192138671875,72.7750015258789,73.8499984741211,72.4749984741211,72.75,78166
2010-09-14,66.4422607421875,73.05000305175781,73.5,72.0250015258789,72.0250015258789,113732
2010-09-15,66.4195327758789,73.0250015258789,74.94999694824219,72.5250015258789,72.5250015258789,158090
2010-09-16,65.69188690185547,72.2249984741211,73.7249984741211,71.7750015258789,73.69999694824219,91022
2010-09-17,65.82833099365234,72.375,73.0,72.0250015258789,72.7249984741211,109482
2010-09-20,66.7833480834961,73.42500305175781,73.75,72.07499694824219,72.9749984741211,516036
2010-09-21,65.91926574707031,72.4749984741211,73.9749984741211,72.25,73.7249984741211,225698
2010-09-22,65.71464538574219,72.25,73.25,71.6500015258789,72.75,104902
2010-09-23,65.64642333984375,72.17500305175781,73.125,70.75,72.25,149062
2010-09-24,70.28509521484375,77.2750015258789,79.0,72.125,72.9000015258789,1072296
2010-09-27,71.12641906738281,78.19999694824219,79.875,77.25,78.5,442554
2010-09-28,70.83079528808594,77.875,78.75,76.5,78.75,194486
2010-09-29,70.48974609375,77.5,79.67500305175781,77.1500015258789,78.4000015258789,200586
2010-09-30,69.96674346923828,76.92500305175781,78.625,76.0,77.5,177304
2010-10-01,70.17139434814453,77.1500015258789,79.0,77.0,77.5,104528
2010-10-04,70.9217758178711,77.9749984741211,79.0,76.92500305175781,78.0,169646
2010-10-05,70.64891052246094,77.67500305175781,78.7750015258789,77.30000305175781,78.0,59684
2010-10-06,69.1481704711914,76.0250015258789,78.7249984741211,74.5,78.0,231006
2010-10-07,69.67115020751953,76.5999984741211,77.75,76.05000305175781,76.80000305175781,162894
2010-10-08,69.8075942993164,76.75,77.75,76.0,76.0,184848
2010-10-11,68.62516021728516,75.44999694824219,78.0,75.0,77.5,83006
2010-10-12,67.80658721923828,74.55000305175781,76.30000305175781,74.0,76.25,69968
2010-10-13,66.96525573730469,73.625,76.2249984741211,73.0250015258789,75.05000305175781,437356
2010-10-14,68.01122283935547,74.7750015258789,75.5,73.625,74.9000015258789,3673142
2010-10-15,66.39678955078125,73.0,75.0,72.44999694824219,75.0,254298
2010-10-18,66.73787689208984,73.375,76.19999694824219,72.875,74.0,262804
2010-10-19,68.2613754272461,75.05000305175781,75.9749984741211,73.7750015258789,74.0999984741211,418828
2010-10-20,68.23860931396484,75.0250015258789,76.0,74.75,76.0,155116
2010-10-21,66.6923828125,73.32499694824219,75.0,72.875,75.0,756684
2010-10-22,66.21487426757812,72.80000305175781,75.5,72.5,74.5,203744
2010-10-25,66.48774719238281,73.0999984741211,73.69999694824219,72.375,73.125,188780
2010-10-26,64.94152069091797,71.4000015258789,73.625,71.125,73.5999984741211,134986
2010-10-27,64.48675537109375,70.9000015258789,73.94999694824219,62.849998474121094,73.94999694824219,119158
2010-10-28,64.66866302490234,71.0999984741211,77.1500015258789,70.125,77.1500015258789,81414
2010-10-29,66.192138671875,72.7750015258789,73.25,70.5,70.5,147596
2010-11-01,65.91926574707031,72.4749984741211,73.5,71.5,72.82499694824219,557018
2010-11-02,67.21538543701172,73.9000015258789,74.25,71.67500305175781,72.2750015258789,126444
2010-11-03,67.35179901123047,74.05000305175781,74.94999694824219,73.80000305175781,74.05000305175781,111258
2010-11-04,67.89753723144531,74.6500015258789,74.92500305175781,73.5,73.5,131276
2010-11-08,67.60193634033203,74.32499694824219,74.6500015258789,72.55000305175781,74.0,34248
2010-11-09,67.71561431884766,74.44999694824219,74.75,73.0999984741211,74.5,79318
2010-11-10,67.10169219970703,73.7750015258789,74.9000015258789,73.5,73.5,38022
2010-11-11,66.71512603759766,73.3499984741211,74.67500305175781,73.05000305175781,73.75,36764
2010-11-12,67.4427719116211,74.1500015258789,74.6500015258789,70.32499694824219,73.9749984741211,533708
2010-11-15,67.69288635253906,74.42500305175781,74.5,73.0,74.0,116346
2010-11-16,65.96473693847656,72.5250015258789,74.5,71.55000305175781,74.05000305175781,52274
2010-11-18,65.44176483154297,71.94999694824219,73.0,70.32499694824219,72.9749984741211,99222
2010-11-19,64.12294006347656,70.5,72.42500305175781,70.0,71.69999694824219,37348
2010-11-22,63.66814422607422,70.0,71.67500305175781,69.57499694824219,70.82499694824219,74880
2010-11-23,63.48624038696289,69.80000305175781,70.5,69.0,69.9749984741211,512732
2010-11-24,63.69088363647461,70.0250015258789,71.3499984741211,69.5250015258789,70.30000305175781,33582
2010-11-25,63.66814422607422,70.0,71.0,69.5,70.94999694824219,33750
2010-11-26,64.96424865722656,71.42500305175781,72.0,68.67500305175781,70.875,186498
2010-11-29,64.66866302490234,71.0999984741211,72.0,69.75,71.9749984741211,70220
2010-11-30,68.2613754272461,75.05000305175781,77.19999694824219,70.5,71.44999694824219,279988
2010-12-01,68.23860931396484,75.0250015258789,75.625,73.75,75.0,123086
2010-12-02,68.57968139648438,75.4000015258789,75.94999694824219,74.5250015258789,74.9000015258789,56662
2010-12-03,69.33006286621094,76.2249984741211,76.82499694824219,75.0,75.0,96688
2010-12-06,70.35330200195312,77.3499984741211,78.25,76.0,76.5999984741211,283756
2010-12-07,70.64891052246094,77.67500305175781,79.5,76.3499984741211,78.0,243566
2010-12-08,69.87579345703125,76.82499694824219,78.375,76.0,76.5250015258789,183556
2010-12-09,65.57819366455078,72.0999984741211,77.25,70.6500015258789,77.25,108332
2010-12-10,67.510986328125,74.2249984741211,75.5,70.5,72.0,101036
2010-12-13,68.69339752197266,75.5250015258789,75.9749984741211,73.2249984741211,74.0250015258789,49518
2010-12-14,68.37504577636719,75.17500305175781,76.44999694824219,74.57499694824219,76.25,46632
2010-12-15,67.92028045654297,74.67500305175781,75.9000015258789,72.5,75.9000015258789,33974
2010-12-16,66.6923828125,73.32499694824219,75.0,72.80000305175781,75.0,53836
2010-12-20,67.05621337890625,73.7249984741211,75.5,72.80000305175781,73.5999984741211,359620
2010-12-21,67.03347778320312,73.69999694824219,74.4749984741211,72.8499984741211,73.5,60460
2010-12-22,66.55596923828125,73.17500305175781,75.19999694824219,73.07499694824219,74.92500305175781,64604
2010-12-23,66.07846069335938,72.6500015258789,74.19999694824219,72.5,74.19999694824219,35740
2010-12-24,65.73737335205078,72.2750015258789,72.94999694824219,70.0,72.0250015258789,66562
2010-12-27,64.7823486328125,71.2249984741211,73.0,71.0,72.5,62346
2010-12-28,64.94152069091797,71.4000015258789,72.44999694824219,70.80000305175781,72.0,34396
2010-12-29,65.21437072753906,71.69999694824219,72.44999694824219,71.42500305175781,71.92500305175781,14872
2010-12-30,65.30532836914062,71.80000305175781,72.8499984741211,71.5,72.25,32678
2010-12-31,69.19364166259766,76.07499694824219,78.0,71.5250015258789,72.4000015258789,297512
2011-01-03,69.2618637084961,76.1500015258789,77.375,75.57499694824219,77.375,68196
2011-01-04,67.92028045654297,74.67500305175781,76.9749984741211,73.75,76.75,336364
2011-01-05,67.37455749511719,74.07499694824219,76.0,73.0999984741211,75.92500305175781,30450
2011-01-06,67.8293228149414,74.57499694824219,74.94999694824219,73.5999984741211,74.94999694824219,27850
2011-01-07,66.6923828125,73.32499694824219,74.8499984741211,73.0,74.8499984741211,44658
2011-01-10,65.89653778076172,72.44999694824219,74.9749984741211,72.25,73.9749984741211,111842
2011-01-11,64.2138671875,70.5999984741211,74.0,70.0,74.0,123576
2011-01-12,65.89653778076172,72.44999694824219,72.67500305175781,70.5,70.5250015258789,34172
2011-01-13,65.39628601074219,71.9000015258789,73.44999694824219,71.0250015258789,72.0,31512
2011-01-14,64.03196716308594,70.4000015258789,72.0,70.0,71.5250015258789,32530
2011-01-17,65.191650390625,71.67500305175781,72.25,70.0,70.42500305175781,54322
2011-01-18,65.07795715332031,71.55000305175781,72.67500305175781,71.125,72.0,33260
2011-01-19,65.60094451904297,72.125,72.9000015258789,71.75,72.25,43552
2011-01-20,65.14615631103516,71.625,72.3499984741211,71.42500305175781,71.55000305175781,43804
2011-01-21,65.25984954833984,71.75,72.375,71.05000305175781,72.375,11958
2011-01-24,64.14567565917969,70.5250015258789,73.0,70.0,71.0250015258789,34460
2011-01-25,65.14615631103516,71.625,71.9749984741211,70.55000305175781,71.625,26438
2011-01-27,64.19115447998047,70.57499694824219,72.5,70.125,71.625,19040
2011-01-28,62.735862731933594,68.9749984741211,71.0,68.17500305175781,70.57499694824219,49974
2011-01-31,61.48524475097656,67.5999984741211,69.44999694824219,67.0,68.5,72858
2011-02-01,61.394287109375,67.5,69.8499984741211,67.0,68.2750015258789,32412
2011-02-02,61.507991790771484,67.625,69.625,67.2750015258789,68.5250015258789,24892
2011-02-03,59.00672149658203,64.875,69.5,64.0,67.125,113640
2011-02-04,57.41502380371094,63.125,66.8499984741211,62.75,66.4749984741211,86718
2011-02-07,57.27859115600586,62.974998474121094,64.9749984741211,62.54999923706055,64.94999694824219,32420
2011-02-08,57.34680938720703,63.04999923706055,64.4000015258789,62.5,63.375,58848
2011-02-09,57.437774658203125,63.150001525878906,67.0,62.5,64.0,2499052
2011-02-10,57.82432174682617,63.57500076293945,64.0,61.400001525878906,64.0,51922
2011-02-11,59.529720306396484,65.44999694824219,66.0,62.125,63.0,80482
2011-02-14,62.16740036010742,68.3499984741211,69.4749984741211,65.55000305175781,68.375,54658
2011-02-15,64.50947570800781,70.92500305175781,71.4000015258789,67.19999694824219,69.0,49866
2011-02-16,67.48825073242188,74.19999694824219,76.4000015258789,68.30000305175781,71.44999694824219,739466
2011-02-17,66.35130310058594,72.94999694824219,74.3499984741211,71.5999984741211,74.17500305175781,98234
2011-02-18,65.00972747802734,71.4749984741211,73.9000015258789,70.75,73.875,51180
2011-02-21,65.89653778076172,72.44999694824219,73.6500015258789,70.5,72.0,36554
2011-02-22,64.60043334960938,71.0250015258789,73.80000305175781,70.5,72.0,76940
2011-02-23,63.66814422607422,70.0,72.0,69.0999984741211,71.8499984741211,22322
2011-02-24,62.508480072021484,68.7249984741211,70.69999694824219,68.05000305175781,69.6500015258789,188028
2011-02-25,62.62218475341797,68.8499984741211,70.4000015258789,68.07499694824219,69.9000015258789,32758
2011-02-28,62.48573303222656,68.69999694824219,70.9000015258789,67.6500015258789,69.5250015258789,48180
2011-03-01,62.82683181762695,69.07499694824219,69.875,68.25,68.2750015258789,38590
2011-03-03,63.054203033447266,69.32499694824219,70.0,68.5,69.4000015258789,18714
2011-03-04,62.895050048828125,69.1500015258789,70.82499694824219,68.7750015258789,69.9749984741211,28228
2011-03-07,61.89453887939453,68.05000305175781,68.94999694824219,67.75,68.75,37036
2011-03-08,62.326568603515625,68.5250015258789,69.07499694824219,68.1500015258789,69.07499694824219,16392
2011-03-09,62.48573303222656,68.69999694824219,68.9749984741211,68.0,68.25,62988
2011-03-10,63.4635009765625,69.7750015258789,70.67500305175781,66.625,68.5,99106
2011-03-11,61.98548126220703,68.1500015258789,69.7750015258789,67.0,69.7750015258789,498254
2011-03-14,61.34880065917969,67.44999694824219,68.75,67.2249984741211,67.5,34160
2011-03-15,60.894046783447266,66.94999694824219,67.5,66.0250015258789,67.0,38400
2011-03-16,62.099185943603516,68.2750015258789,68.5,67.5,68.5,27106
2011-03-17,62.440277099609375,68.6500015258789,68.9000015258789,68.0,68.875,18784
2011-03-18,62.326568603515625,68.5250015258789,69.75,68.1500015258789,69.75,33606
2011-03-21,62.326568603515625,68.5250015258789,69.25,68.375,68.5,69706
2011-03-22,63.09968948364258,69.375,69.75,68.2750015258789,68.55000305175781,45082
2011-03-23,63.418025970458984,69.7249984741211,71.0,68.5,68.57499694824219,66084
2011-03-24,63.759098052978516,70.0999984741211,71.0,68.94999694824219,70.05000305175781,273994
2011-03-25,63.09968948364258,69.375,70.8499984741211,68.55000305175781,70.0,71274
2011-03-28,63.64542007446289,69.9749984741211,70.2249984741211,69.05000305175781,69.9749984741211,97484
2011-03-29,63.89553451538086,70.25,71.0,69.3499984741211,69.3499984741211,120998
2011-03-30,66.55596923828125,73.17500305175781,77.375,69.55000305175781,70.0,212236
2011-03-31,68.05670166015625,74.82499694824219,78.67500305175781,71.5999984741211,77.5,328094
2011-04-01,67.60193634033203,74.32499694824219,77.80000305175781,72.7750015258789,77.80000305175781,59844
2011-04-04,66.8515625,73.5,74.8499984741211,73.125,74.375,86844
2011-04-05,66.51048278808594,73.125,74.44999694824219,72.80000305175781,74.44999694824219,32896
2011-04-06,66.39678955078125,73.0,74.3499984741211,72.80000305175781,73.5,47586
2011-04-07,66.8515625,73.5,74.75,73.17500305175781,74.25,142182
2011-04-08,66.48774719238281,73.0999984741211,74.25,72.5250015258789,74.25,271364
2011-04-11,66.4422607421875,73.05000305175781,74.0,72.5250015258789,73.5,56644
2011-04-13,66.5332260131836,73.1500015258789,73.44999694824219,72.55000305175781,73.0,57504
2011-04-15,68.12491607666016,74.9000015258789,76.0,73.0999984741211,73.3499984741211,124936
2011-04-18,68.94351959228516,75.80000305175781,78.19999694824219,75.25,77.5,393136
2011-04-19,68.07945251464844,74.8499984741211,75.5,74.19999694824219,75.0,50078
2011-04-20,68.55696868896484,75.375,77.0,74.55000305175781,75.44999694824219,1199260
2011-04-21,70.73986053466797,77.7750015258789,78.5,75.5999984741211,75.9000015258789,548462
2011-04-25,73.05919647216797,80.32499694824219,81.5,77.69999694824219,78.0,875240
2011-04-26,74.17339324951172,81.55000305175781,82.25,80.625,80.9000015258789,530486
2011-04-27,73.4912338256836,80.80000305175781,82.4000015258789,80.05000305175781,82.25,784584
2011-04-28,71.7403564453125,78.875,81.0,78.625,81.0,67346
2011-04-29,71.60393524169922,78.7249984741211,79.5,77.5,79.4000015258789,61448
2011-05-02,70.12591552734375,77.0999984741211,79.5,75.625,79.5,127156
2011-05-03,70.14867401123047,77.125,79.44999694824219,76.9000015258789,78.19999694824219,144244
2011-05-04,70.35330200195312,77.3499984741211,78.0,76.5999984741211,77.0,40928
2011-05-05,69.8530502319336,76.80000305175781,77.69999694824219,76.55000305175781,77.0250015258789,46032
2011-05-06,69.2618637084961,76.1500015258789,77.19999694824219,75.80000305175781,76.80000305175781,120002
2011-05-09,68.89803314208984,75.75,77.67500305175781,75.5999984741211,75.5999984741211,145546
2011-05-10,68.80709075927734,75.6500015258789,76.92500305175781,75.55000305175781,76.0,53084
2011-05-11,68.69339752197266,75.5250015258789,76.0250015258789,75.0,75.55000305175781,25224
2011-05-12,69.78484344482422,76.7249984741211,77.4749984741211,74.75,75.0999984741211,270528
2011-05-13,70.671630859375,77.69999694824219,78.25,76.0999984741211,77.0999984741211,91666
2011-05-16,71.17189025878906,78.25,79.5,77.0250015258789,77.0250015258789,68318
2011-05-17,71.7403564453125,78.875,79.94999694824219,75.9000015258789,78.7750015258789,95390
2011-05-18,70.76261138916016,77.80000305175781,80.9000015258789,77.05000305175781,79.75,189448
2011-05-19,69.58018493652344,76.5,78.30000305175781,76.125,77.80000305175781,113528
2011-05-20,69.28460693359375,76.17500305175781,76.5,73.6500015258789,76.07499694824219,199948
2011-05-23,68.69339752197266,75.5250015258789,77.25,75.05000305175781,76.0,68636
2011-05-24,69.83031463623047,76.7750015258789,77.4749984741211,75.5250015258789,76.94999694824219,354572
2011-05-25,68.39778137207031,75.19999694824219,77.5,74.5,76.69999694824219,1086212
2011-05-26,68.32957458496094,75.125,76.0,74.25,75.69999694824219,653770
2011-05-27,67.62466430664062,74.3499984741211,75.94999694824219,73.2750015258789,75.875,124454
2011-05-30,68.71612548828125,75.55000305175781,76.25,73.7750015258789,74.5,199492
2011-05-31,68.53421783447266,75.3499984741211,76.0999984741211,73.9000015258789,76.0,1453814
2011-06-01,70.23960876464844,77.2249984741211,77.67500305175781,74.42500305175781,75.8499984741211,177762
2011-06-02,72.49072265625,79.69999694824219,80.19999694824219,76.25,77.4749984741211,682860
2011-06-03,71.17189025878906,78.25,80.75,77.6500015258789,80.42500305175781,335614
2011-06-06,74.44625854492188,81.8499984741211,82.69999694824219,78.05000305175781,78.05000305175781,403348
2011-06-07,74.76460266113281,82.19999694824219,87.4000015258789,81.0250015258789,82.5,1538766
2011-06-08,74.19613647460938,81.57499694824219,82.8499984741211,81.125,81.625,205928
2011-06-09,73.28657531738281,80.57499694824219,82.125,80.2750015258789,81.5,145140
2011-06-10,72.37704467773438,79.57499694824219,81.9000015258789,79.0,81.9000015258789,120212
2011-06-13,71.46751403808594,78.57499694824219,79.75,77.5999984741211,78.55000305175781,109062
2011-06-14,72.9909896850586,80.25,81.19999694824219,78.375,78.5,246196
2011-06-15,73.10468292236328,80.375,81.5,79.0,80.5,126390
2011-06-16,72.3315658569336,79.5250015258789,81.92500305175781,78.80000305175781,81.92500305175781,161670
2011-06-17,71.46751403808594,78.57499694824219,80.9749984741211,76.125,80.0,104636
2011-06-20,71.3992919921875,78.5,82.44999694824219,76.5,76.5,284200
2011-06-21,72.468017578125,79.67500305175781,80.875,78.57499694824219,78.80000305175781,257986
2011-06-22,71.37654113769531,78.4749984741211,82.0,78.0,82.0,279138
2011-06-23,72.17239379882812,79.3499984741211,81.5,78.25,78.25,303904
2011-06-24,73.62767028808594,80.94999694824219,81.3499984741211,79.4000015258789,80.0,133722
2011-06-27,74.28710174560547,81.67500305175781,83.1500015258789,80.0,80.0,350204
2011-06-28,74.42350769042969,81.82499694824219,82.5250015258789,81.5,82.0,211786
2011-06-29,75.19664001464844,82.67500305175781,83.0,81.19999694824219,82.25,296966
2011-06-30,75.21936798095703,82.69999694824219,84.25,82.32499694824219,83.4749984741211,412318
2011-07-01,77.19762420654297,84.875,86.19999694824219,83.0,84.4000015258789,439860
2011-07-04,76.35629272460938,83.94999694824219,85.9000015258789,83.5999984741211,85.2750015258789,125626
2011-07-05,77.65242767333984,85.375,86.0,83.375,83.9749984741211,364646
2011-07-06,77.5159912109375,85.2249984741211,85.9749984741211,84.67500305175781,85.625,196808
2011-07-07,77.97074890136719,85.7249984741211,86.125,84.44999694824219,85.5,278030
2011-07-08,78.40721893310547,85.32499694824219,86.0250015258789,84.5999984741211,86.0,201196
2011-07-11,78.22347259521484,85.125,86.125,84.55000305175781,85.0,486172
2011-07-12,77.02885437011719,83.82499694824219,85.25,83.0,85.19999694824219,161118
2011-07-13,78.75181579589844,85.69999694824219,87.0,83.5250015258789,83.94999694824219,429678
2011-07-14,78.17752075195312,85.07499694824219,88.17500305175781,84.07499694824219,85.8499984741211,646592
2011-07-15,78.10859680175781,85.0,86.67500305175781,84.5,86.0,1300770
2011-07-18,80.91130828857422,88.05000305175781,88.94999694824219,85.0,85.5,1237598
2011-07-19,82.63427734375,89.92500305175781,91.69999694824219,88.19999694824219,88.625,1784808
2011-07-20,82.95591735839844,90.2750015258789,91.0999984741211,89.0250015258789,90.5,626216
2011-07-21,80.31401824951172,87.4000015258789,90.4749984741211,86.75,90.0,131576
2011-07-22,80.8423843383789,87.9749984741211,89.0,87.2249984741211,88.0999984741211,104122
2011-07-25,81.60050201416016,88.80000305175781,89.44999694824219,86.625,88.0,91136
2011-07-26,79.09642791748047,86.07499694824219,90.9749984741211,79.625,89.8499984741211,2036004
2011-07-27,80.47481536865234,87.57499694824219,88.75,85.9749984741211,86.0,248894
2011-07-28,80.86537170410156,88.0,90.5,85.5,87.57499694824219,317060
2011-07-29,78.91265869140625,85.875,89.0,85.4000015258789,89.0,171852
2011-08-01,78.26940155029297,85.17500305175781,87.5,84.94999694824219,86.17500305175781,100908
2011-08-02,79.25725555419922,86.25,87.0,83.05000305175781,85.0,165920
2011-08-03,78.20047760009766,85.0999984741211,87.4000015258789,84.75,85.0999984741211,123510
2011-08-04,79.37210845947266,86.375,87.3499984741211,85.5250015258789,85.5250015258789,85092
2011-08-05,79.0045394897461,85.9749984741211,86.5,82.55000305175781,82.55000305175781,215594
2011-08-08,78.10859680175781,85.0,86.125,83.07499694824219,83.125,2232682
2011-08-09,76.27072143554688,83.0,84.05000305175781,82.5,83.4000015258789,666174
2011-08-10,77.87884521484375,84.75,86.0,83.75,85.44999694824219,220298
2011-08-11,77.55724334716797,84.4000015258789,85.4749984741211,83.69999694824219,84.5,1499258
2011-08-12,77.62615203857422,84.4749984741211,85.4000015258789,83.19999694824219,85.4000015258789,180038
2011-08-16,78.03965759277344,84.92500305175781,85.69999694824219,83.5250015258789,84.1500015258789,98444
2011-08-17,77.2585678100586,84.07499694824219,85.19999694824219,83.57499694824219,84.2750015258789,129136
2011-08-18,74.7545166015625,81.3499984741211,84.75,80.75,83.05000305175781,120514
2011-08-19,73.88153076171875,80.4000015258789,81.75,78.5,81.0,247998
2011-08-22,74.43289947509766,81.0,81.5,79.0,79.5999984741211,137828
2011-08-23,73.58287811279297,80.07499694824219,81.94999694824219,79.5,81.94999694824219,110404
2011-08-24,72.98558044433594,79.42500305175781,82.19999694824219,78.625,80.75,173866
2011-08-25,73.16935729980469,79.625,80.4000015258789,79.375,79.42500305175781,35594
2011-08-26,71.79098510742188,78.125,80.9749984741211,77.55000305175781,80.9749984741211,100974
2011-08-29,73.00855255126953,79.44999694824219,80.2750015258789,78.05000305175781,79.4000015258789,813322
2011-08-30,75.0761489868164,81.69999694824219,81.9749984741211,79.625,79.94999694824219,724020
2011-09-02,76.47749328613281,83.2249984741211,84.5,81.7750015258789,82.69999694824219,289110
2011-09-05,77.1436996459961,83.94999694824219,84.4000015258789,82.32499694824219,82.5,162278
2011-09-06,79.30319213867188,86.30000305175781,87.19999694824219,83.07499694824219,83.9749984741211,289874
2011-09-07,78.6139907836914,85.55000305175781,86.0,84.75,86.0,609544
2011-09-08,76.73017883300781,83.5,86.0250015258789,83.19999694824219,85.94999694824219,88026
2011-09-09,76.4315414428711,83.17500305175781,84.19999694824219,82.75,83.5,39500
2011-09-12,75.65046691894531,82.32499694824219,83.07499694824219,81.05000305175781,83.07499694824219,95060
2011-09-13,74.7545166015625,81.3499984741211,82.94999694824219,81.07499694824219,82.94999694824219,80000
2011-09-14,75.81126403808594,82.5,82.9000015258789,81.125,82.0999984741211,143560
2011-09-15,76.29370880126953,83.0250015258789,83.5,82.5,82.94999694824219,77036
2011-09-16,76.06399536132812,82.7750015258789,83.5,82.0,83.0250015258789,81470
2011-09-19,75.99504852294922,82.69999694824219,83.5,81.55000305175781,82.5,114860
2011-09-20,75.78829193115234,82.4749984741211,82.94999694824219,81.0250015258789,82.7750015258789,47840
2011-09-21,76.5004653930664,83.25,83.94999694824219,81.625,82.05000305175781,266380
2011-09-22,76.68425750732422,83.44999694824219,83.94999694824219,80.0,82.5,148782
2011-09-23,76.22478485107422,82.94999694824219,83.94999694824219,82.0,83.0,55186
2011-09-26,75.97209930419922,82.67500305175781,83.4749984741211,81.5,82.125,433626
2011-09-27,76.10993194580078,82.82499694824219,84.44999694824219,81.9000015258789,82.67500305175781,293434
2011-09-28,76.13289642333984,82.8499984741211,84.44999694824219,81.875,83.3499984741211,132364
2011-09-29,77.58021545410156,84.42500305175781,85.55000305175781,82.25,82.55000305175781,75584
2011-09-30,75.37479400634766,82.0250015258789,84.4749984741211,81.5,83.5,145438
2011-10-03,74.80048370361328,81.4000015258789,82.4749984741211,81.0999984741211,82.4749984741211,61584
2011-10-04,73.8125991821289,80.32499694824219,82.4749984741211,77.5,77.5,88806
2011-10-05,75.23694610595703,81.875,82.5,79.05000305175781,79.05000305175781,42788
2011-10-07,75.97209930419922,82.67500305175781,83.32499694824219,82.0,82.67500305175781,41982
2011-10-10,75.67343139648438,82.3499984741211,83.1500015258789,81.75,82.67500305175781,18428
2011-10-11,74.70857238769531,81.30000305175781,82.9749984741211,80.8499984741211,82.5,56494
2011-10-12,74.40990447998047,80.9749984741211,81.80000305175781,80.6500015258789,81.30000305175781,1001968
2011-10-13,74.18019104003906,80.7249984741211,82.25,80.57499694824219,81.57499694824219,46528
2011-10-14,74.27207946777344,80.82499694824219,81.9749984741211,78.17500305175781,80.0,35870
2011-10-17,74.22611999511719,80.7750015258789,82.0,80.5,80.55000305175781,37004
2011-10-18,73.33019256591797,79.80000305175781,81.0,79.5,80.1500015258789,243610
2011-10-19,73.8125991821289,80.32499694824219,81.125,79.25,80.25,63122
2011-10-20,72.87073516845703,79.30000305175781,80.2750015258789,79.17500305175781,79.5,54058
2011-10-21,72.36530303955078,78.75,79.94999694824219,77.55000305175781,77.55000305175781,47888
2011-10-24,72.13557434082031,78.5,81.0,78.07499694824219,80.0,29370
2011-10-25,71.28557586669922,77.57499694824219,79.5,77.19999694824219,78.0999984741211,39848
2011-10-28,73.67477416992188,80.17500305175781,81.9749984741211,79.7249984741211,81.0,154136
2011-10-31,74.47884368896484,81.05000305175781,81.25,80.0250015258789,81.0,77108
2011-11-01,74.0882797241211,80.625,81.19999694824219,80.125,80.69999694824219,131210
2011-11-02,73.28423309326172,79.75,80.94999694824219,78.82499694824219,79.75,233040
2011-11-03,74.43289947509766,81.0,81.1500015258789,79.94999694824219,80.4000015258789,419042
2011-11-04,77.09777069091797,83.9000015258789,84.3499984741211,72.5,72.5,446426
2011-11-08,77.51127624511719,84.3499984741211,85.375,82.75,83.44999694824219,217936
2011-11-09,77.0748062133789,83.875,84.75,81.1500015258789,82.5999984741211,192720
2011-11-11,74.66261291503906,81.25,83.44999694824219,81.0,83.44999694824219,380124
2011-11-14,74.91532135009766,81.5250015258789,82.5,81.0,81.2750015258789,46818
2011-11-15,75.37479400634766,82.0250015258789,82.5,81.0250015258789,81.0250015258789,93450
2011-11-16,74.3869400024414,80.94999694824219,82.5,79.5,81.94999694824219,300218
2011-11-17,74.84638977050781,81.44999694824219,82.44999694824219,80.5999984741211,80.5999984741211,78044
2011-11-18,74.93830871582031,81.55000305175781,81.875,80.0,80.5999984741211,51170
2011-11-21,74.27207946777344,80.82499694824219,81.55000305175781,79.67500305175781,81.5,79020
2011-11-22,73.76667022705078,80.2750015258789,80.9749984741211,79.5,80.82499694824219,38988
2011-11-23,72.84774017333984,79.2750015258789,80.4749984741211,79.0250015258789,79.5999984741211,59136
2011-11-24,71.10179138183594,77.375,83.5,76.0,81.1500015258789,199956
2011-11-25,71.17070007324219,77.44999694824219,78.9749984741211,76.5250015258789,77.4749984741211,30312
2011-11-28,70.91800689697266,77.17500305175781,78.9749984741211,76.80000305175781,78.0,61388
2011-11-29,70.52745819091797,76.75,77.7249984741211,76.5,77.05000305175781,78426
2011-11-30,70.75718688964844,77.0,77.4000015258789,75.0,76.5,952282
2011-12-01,71.33152770996094,77.625,79.0,77.05000305175781,77.5999984741211,546040
2011-12-02,72.06665802001953,78.42500305175781,78.625,76.625,78.0,49386
2011-12-05,71.14774322509766,77.42500305175781,78.7750015258789,77.0999984741211,78.0,417522
2011-12-07,69.2639389038086,75.375,77.75,75.0999984741211,77.0250015258789,90788
2011-12-08,68.85042572021484,74.92500305175781,76.4000015258789,74.625,75.94999694824219,58486
2011-12-09,68.39096069335938,74.42500305175781,74.9749984741211,73.5,74.5,22306
2011-12-12,65.03688049316406,70.7750015258789,76.19999694824219,70.32499694824219,76.19999694824219,90472
2011-12-13,64.34770202636719,70.0250015258789,71.44999694824219,69.5,70.7750015258789,69486
2011-12-14,66.46121978759766,72.32499694824219,72.75,69.5999984741211,70.0,117292
2011-12-15,64.78418731689453,70.5,74.8499984741211,70.0999984741211,72.5,549564
2011-12-16,64.71527862548828,70.42500305175781,71.94999694824219,69.69999694824219,71.94999694824219,71354
2011-12-19,63.589569091796875,69.19999694824219,71.0,68.75,70.5,44440
2011-12-20,62.62469482421875,68.1500015258789,69.75,67.5999984741211,69.5,40756
2011-12-21,64.00309753417969,69.6500015258789,70.0,68.7750015258789,69.0,73898
2011-12-22,64.11795043945312,69.7750015258789,70.44999694824219,69.0,69.5,59544
2011-12-23,64.71527862548828,70.42500305175781,71.44999694824219,68.6500015258789,69.5999984741211,66420
2011-12-26,63.86524963378906,69.5,70.8499984741211,69.32499694824219,70.25,49374
2011-12-27,63.819313049316406,69.44999694824219,70.4749984741211,69.07499694824219,70.4749984741211,12764
2011-12-28,64.32471466064453,70.0,70.4000015258789,69.5,70.2750015258789,57990
2011-12-29,64.37066650390625,70.05000305175781,70.80000305175781,69.5,70.25,22488
2011-12-30,66.27743530273438,72.125,73.25,69.80000305175781,69.80000305175781,77758
2012-01-02,64.78418731689453,70.5,71.92500305175781,69.75,71.5,72006
2012-01-03,65.3585205078125,71.125,71.5,70.125,71.5,74414
2012-01-04,65.24366760253906,71.0,72.0999984741211,70.5,71.25,359714
2012-01-05,65.51931762695312,71.30000305175781,71.94999694824219,70.5,70.5,14376
2012-01-06,65.74905395507812,71.55000305175781,72.1500015258789,70.75,71.0,26578
2012-01-09,65.95581817626953,71.7750015258789,72.125,70.0999984741211,70.75,18992
2012-01-10,66.36931610107422,72.2249984741211,73.5,71.5,71.5250015258789,438166
2012-01-11,66.85175323486328,72.75,74.0,72.5,73.5,714760
2012-01-12,66.9896011352539,72.9000015258789,74.0,72.5250015258789,73.375,14922
2012-01-13,67.42609405517578,73.375,74.75,71.32499694824219,74.75,28092
2012-01-16,67.0125732421875,72.92500305175781,73.94999694824219,72.2249984741211,73.94999694824219,402142
2012-01-17,67.44906616210938,73.4000015258789,74.0,72.67500305175781,73.5,54436
2012-01-18,67.05852508544922,72.9749984741211,74.4000015258789,72.80000305175781,74.4000015258789,21860
2012-01-19,67.24229431152344,73.17500305175781,73.5999984741211,72.5999984741211,72.5999984741211,167576
2012-01-20,66.59904479980469,72.4749984741211,74.1500015258789,72.07499694824219,73.0250015258789,111132
2012-01-23,66.69093322753906,72.57499694824219,73.0,71.5,72.5,61930
2012-01-24,64.50849914550781,70.19999694824219,73.9000015258789,69.57499694824219,72.0,268054
2012-01-25,64.34770202636719,70.0250015258789,71.0250015258789,69.75,70.0,498244
2012-01-27,62.877410888671875,68.42500305175781,71.0,67.80000305175781,70.0,169670
2012-01-30,62.8084831237793,68.3499984741211,69.5250015258789,67.9749984741211,68.42500305175781,183230
2012-01-31,61.981449127197266,67.44999694824219,69.0,67.25,69.0,275204
2012-02-01,61.65983963012695,67.0999984741211,67.94999694824219,66.9000015258789,67.94999694824219,179542
2012-02-02,62.00442886352539,67.4749984741211,68.19999694824219,66.82499694824219,67.69999694824219,961882
2012-02-03,62.739585876464844,68.2750015258789,69.69999694824219,67.5,67.5,476412
2012-02-06,66.73690032958984,72.625,73.5,68.2750015258789,69.25,1659430
2012-02-07,65.86392974853516,71.67500305175781,73.94999694824219,70.94999694824219,73.94999694824219,802018
2012-02-08,67.2193374633789,73.1500015258789,73.7249984741211,71.0,72.0,1704270
2012-02-09,67.28825378417969,73.2249984741211,73.94999694824219,72.0999984741211,73.94999694824219,226040
2012-02-10,65.93283081054688,71.75,73.75,71.5,73.75,129200
2012-02-13,66.11662292480469,71.94999694824219,72.67500305175781,69.5,71.75,356446
2012-02-14,66.34634399414062,72.19999694824219,72.75,70.5,71.5,59282
2012-02-15,68.52880096435547,74.57499694824219,77.3499984741211,71.25,71.5,839184
2012-02-16,69.67745971679688,75.82499694824219,76.5,74.2750015258789,74.75,166834
2012-02-17,67.90853118896484,73.9000015258789,76.875,73.5,76.875,136864
2012-02-21,68.39096069335938,74.42500305175781,75.875,73.5,74.5,156876
2012-02-22,68.94232177734375,75.0250015258789,76.0,74.0,75.0,1445456
2012-02-23,69.01123809814453,75.0999984741211,75.75,74.0,74.5,95442
2012-02-24,68.94232177734375,75.0250015258789,76.7249984741211,73.55000305175781,75.7249984741211,74020
2012-02-27,69.05718231201172,75.1500015258789,76.0,74.5250015258789,75.5,158348
2012-02-28,69.44772338867188,75.57499694824219,76.25,74.30000305175781,74.9749984741211,289988
2012-02-29,69.8382797241211,76.0,76.57499694824219,74.5250015258789,75.5,134962
2012-03-01,69.49366760253906,75.625,76.69999694824219,75.05000305175781,75.05000305175781,54900
2012-03-02,70.34367370605469,76.55000305175781,76.7750015258789,75.1500015258789,75.8499984741211,86564
2012-03-05,70.25177764892578,76.44999694824219,77.44999694824219,74.80000305175781,75.5250015258789,379874
2012-03-06,70.89501953125,77.1500015258789,78.94999694824219,75.32499694824219,75.5,199752
2012-03-07,70.80313873291016,77.05000305175781,77.5,76.05000305175781,77.125,64492
2012-03-09,72.04368591308594,78.4000015258789,79.57499694824219,76.0,76.5,183692
2012-03-12,72.7328872680664,79.1500015258789,79.5,78.0,78.5,52548
2012-03-13,72.87073516845703,79.30000305175781,79.75,78.5,79.19999694824219,152434
2012-03-14,72.91666412353516,79.3499984741211,79.9749984741211,78.375,79.9749984741211,52118
2012-03-15,73.10044860839844,79.55000305175781,79.80000305175781,78.5,78.5,94214
2012-03-16,73.07746124267578,79.5250015258789,79.9749984741211,79.2750015258789,79.55000305175781,42586
2012-03-19,72.20449829101562,78.57499694824219,79.5999984741211,78.5,78.75,93740
2012-03-20,71.49232482910156,77.80000305175781,78.5,77.5,78.0,17788
2012-03-21,71.65313720703125,77.9749984741211,79.3499984741211,76.80000305175781,79.3499984741211,63610
2012-03-22,72.11259460449219,78.4749984741211,79.375,77.55000305175781,77.55000305175781,98320
2012-03-23,72.48017120361328,78.875,79.75,77.5,79.7249984741211,42916
2012-03-26,73.46803283691406,79.94999694824219,80.5,77.55000305175781,78.5,223760
2012-03-27,75.09911346435547,81.7249984741211,82.375,79.5,81.4000015258789,148480
2012-03-28,75.81126403808594,82.5,82.7249984741211,80.5,80.5,122758
2012-03-29,78.63697814941406,85.57499694824219,87.19999694824219,81.25,82.44999694824219,260108
2012-03-30,81.27886962890625,88.44999694824219,89.8499984741211,84.0,87.0,836072
2012-04-02,79.28022766113281,86.2750015258789,90.0,85.67500305175781,90.0,104494
2012-04-03,76.70721435546875,83.4749984741211,87.19999694824219,82.82499694824219,86.0,631580
2012-04-04,75.81126403808594,82.5,84.30000305175781,81.92500305175781,83.2750015258789,395936
2012-04-09,77.8099365234375,84.67500305175781,85.5,82.3499984741211,82.5,71552
2012-04-10,77.97074127197266,84.8499984741211,85.4749984741211,82.75,84.94999694824219,113048
2012-04-11,78.95858764648438,85.92500305175781,86.25,83.2249984741211,84.0,2307666
2012-04-12,79.62481689453125,86.6500015258789,87.55000305175781,86.25,86.5,69268
2012-04-13,78.65992736816406,85.5999984741211,87.5,85.05000305175781,87.30000305175781,63022
2012-04-16,78.91265869140625,85.875,86.875,82.5,85.5,80880
2012-04-17,78.26940155029297,85.17500305175781,87.44999694824219,84.75,86.5,80840
2012-04-18,81.09508514404297,88.25,88.75,85.0,86.0,209984
2012-04-19,80.31401824951172,87.4000015258789,89.44999694824219,85.55000305175781,89.44999694824219,1402932
2012-04-20,79.39508056640625,86.4000015258789,88.69999694824219,86.05000305175781,87.3499984741211,137374
2012-04-23,79.69374084472656,86.7249984741211,89.0,86.25,87.7249984741211,131670
2012-04-24,79.28022766113281,86.2750015258789,87.80000305175781,85.7750015258789,87.80000305175781,78540
2012-04-25,79.28022766113281,86.2750015258789,87.5,86.125,87.44999694824219,57194
2012-04-26,79.53292846679688,86.55000305175781,87.3499984741211,86.0,86.2249984741211,81180
2012-04-27,79.25725555419922,86.25,87.4000015258789,86.0,86.25,60060
2012-04-30,83.62213134765625,91.0,93.0,85.69999694824219,86.375,325778
2012-05-02,82.74915313720703,90.05000305175781,93.7249984741211,89.2750015258789,90.0,354374
2012-05-03,79.96940612792969,87.0250015258789,90.8499984741211,86.5999984741211,89.0250015258789,89830
2012-05-04,79.8315658569336,86.875,87.4000015258789,85.8499984741211,87.0250015258789,80696
2012-05-07,80.77347564697266,87.9000015258789,88.4000015258789,84.625,86.0,359242
2012-05-08,79.67074584960938,86.69999694824219,88.07499694824219,86.5,88.0,97982
2012-05-09,81.37077331542969,88.55000305175781,89.92500305175781,85.875,86.0,172772
2012-05-10,79.44102478027344,86.44999694824219,91.0,86.0999984741211,89.0,168526
2012-05-11,81.43968200683594,88.625,90.5,86.125,89.0,429056
2012-05-14,82.56538391113281,89.8499984741211,90.375,87.80000305175781,89.0,415364
2012-05-15,82.54239654541016,89.82499694824219,90.0,87.75,87.75,238202
2012-05-16,80.63563537597656,87.75,89.80000305175781,87.5,88.0250015258789,2818296
2012-05-17,80.038330078125,87.0999984741211,89.0,86.55000305175781,87.4000015258789,1211132
2012-05-18,80.10723114013672,87.17500305175781,88.0,85.80000305175781,86.5250015258789,149630
2012-05-21,78.2464370727539,85.1500015258789,89.0999984741211,84.19999694824219,87.75,160394
2012-05-22,78.06262969970703,84.94999694824219,86.92500305175781,84.57499694824219,85.5,453366
2012-05-23,78.10859680175781,85.0,85.44999694824219,82.75,84.57499694824219,160818
2012-05-24,77.23560333251953,84.05000305175781,86.67500305175781,83.2750015258789,85.0999984741211,59206
2012-05-25,78.154541015625,85.05000305175781,86.0250015258789,84.2750015258789,84.6500015258789,124472
2012-05-28,75.88018798828125,82.57499694824219,85.9749984741211,82.19999694824219,84.75,104806
2012-05-29,75.48965454101562,82.1500015258789,82.9000015258789,81.3499984741211,82.25,95694
2012-05-30,74.68559265136719,81.2750015258789,83.7249984741211,81.0,83.7249984741211,28564
2012-05-31,76.36262512207031,83.0999984741211,85.875,79.30000305175781,81.7750015258789,410924
2012-06-01,76.8450698852539,83.625,85.05000305175781,82.5999984741211,83.7750015258789,65326
2012-06-04,76.73017883300781,83.5,84.75,81.625,83.25,146148
2012-06-05,75.85722351074219,82.55000305175781,84.25,81.875,83.9749984741211,446112
2012-06-06,77.64913177490234,84.5,85.0,82.55000305175781,85.0,703232
2012-06-07,80.038330078125,87.0999984741211,89.0,84.5,84.5,1097274
2012-06-08,80.13021087646484,87.19999694824219,90.0,86.5,87.0,1447830
2012-06-11,77.64913177490234,84.5,87.9000015258789,84.0,87.0,95788
2012-06-12,77.37344360351562,84.19999694824219,86.375,83.80000305175781,85.125,70578
2012-06-13,75.90316009521484,82.5999984741211,85.7249984741211,81.7750015258789,84.2750015258789,153058
2012-06-14,74.59370422363281,81.17500305175781,83.44999694824219,80.8499984741211,82.2750015258789,89882
2012-06-15,74.57073211669922,81.1500015258789,82.5,80.625,81.17500305175781,432882
2012-06-18,74.91532135009766,81.5250015258789,82.5999984741211,80.5250015258789,82.0,37500
2012-06-19,73.49099731445312,79.9749984741211,81.75,79.55000305175781,81.17500305175781,126262
2012-06-20,73.90451049804688,80.42500305175781,81.5,79.0,79.0,179384
2012-06-21,75.00721740722656,81.625,81.9000015258789,80.125,80.5,290042
2012-06-22,74.96127319335938,81.57499694824219,81.9000015258789,80.7750015258789,81.0,79836
2012-06-25,74.47884368896484,81.05000305175781,82.44999694824219,80.5999984741211,82.25,56052
2012-06-26,75.88018798828125,82.57499694824219,83.44999694824219,80.9000015258789,81.3499984741211,781254
2012-06-27,76.36262512207031,83.0999984741211,83.9000015258789,82.3499984741211,82.3499984741211,81830
2012-06-28,75.81126403808594,82.5,83.69999694824219,82.25,83.375,182302
2012-06-29,76.20182037353516,82.92500305175781,83.6500015258789,82.375,83.44999694824219,41646
2012-07-02,76.54641723632812,83.30000305175781,86.0,83.0,86.0,36720
2012-07-03,76.06399536132812,82.7750015258789,84.0,82.125,84.0,39878
2012-07-04,76.61532592773438,83.375,84.2249984741211,82.7750015258789,83.44999694824219,642620
2012-07-05,78.6139907836914,85.55000305175781,88.25,83.3499984741211,83.8499984741211,1042518
2012-07-06,78.75337219238281,84.75,86.4749984741211,84.30000305175781,85.57499694824219,236330
2012-07-09,77.61506652832031,83.5250015258789,85.5,83.125,85.4749984741211,38512
2012-07-10,76.01213073730469,81.80000305175781,84.5,81.0,84.44999694824219,418344
2012-07-11,74.64147186279297,80.32499694824219,83.2750015258789,80.125,83.2750015258789,522640
2012-07-12,75.4081039428711,81.1500015258789,81.94999694824219,80.19999694824219,80.375,69810
2012-07-13,75.50102996826172,81.25,82.2750015258789,80.75,81.0250015258789,72144
2012-07-16,75.15254974365234,80.875,81.94999694824219,80.0,81.25,49524
2012-07-17,75.54750061035156,81.30000305175781,81.7249984741211,80.625,81.7249984741211,52902
2012-07-18,74.92025756835938,80.625,82.0,79.875,81.19999694824219,69964
2012-07-19,75.33841705322266,81.07499694824219,82.1500015258789,76.7750015258789,81.5,1223692
2012-07-20,74.64147186279297,80.32499694824219,81.4000015258789,80.07499694824219,80.80000305175781,59466
2012-07-23,73.85163879394531,79.4749984741211,80.5,79.0,79.0999984741211,62616
2012-07-24,75.8959732055664,81.67500305175781,83.5,78.19999694824219,80.5,1841790
2012-07-25,76.63935089111328,82.4749984741211,86.44999694824219,82.125,82.75,557880
2012-07-26,76.3141098022461,82.125,83.3499984741211,81.05000305175781,83.3499984741211,135458
2012-07-27,77.35952758789062,83.25,84.05000305175781,82.125,82.5250015258789,134586
2012-07-30,78.5443115234375,84.5250015258789,85.0,83.4000015258789,84.5,144794
2012-07-31,77.68473815917969,83.5999984741211,85.0,83.2249984741211,84.32499694824219,94848
2012-08-01,78.28874969482422,84.25,85.0,83.1500015258789,83.75,58532
2012-08-02,79.35739135742188,85.4000015258789,85.8499984741211,83.875,84.55000305175781,95374
2012-08-03,79.8917007446289,85.9749984741211,86.5,84.07499694824219,84.07499694824219,100956
2012-08-06,83.35311889648438,89.69999694824219,91.5,85.75,86.55000305175781,838254
2012-08-07,83.63191986083984,90.0,90.4749984741211,88.6500015258789,89.0999984741211,494216
2012-08-08,83.91069030761719,90.30000305175781,93.9749984741211,89.0,90.0250015258789,456242
2012-08-09,83.09759521484375,89.42500305175781,91.9000015258789,89.0999984741211,90.5250015258789,346306
2012-08-10,81.84310913085938,88.07499694824219,89.4000015258789,87.875,88.05000305175781,116906
2012-08-13,83.9803695678711,90.375,91.75,88.4000015258789,88.4000015258789,417782
2012-08-14,82.5168228149414,88.80000305175781,90.5,88.2750015258789,89.5250015258789,59154
2012-08-16,83.6551513671875,90.0250015258789,90.80000305175781,88.0999984741211,89.375,212094
2012-08-17,83.21375274658203,89.55000305175781,92.25,88.0,89.9749984741211,151796
2012-08-21,83.63191986083984,90.0,91.3499984741211,89.42500305175781,90.0,249860
2012-08-22,86.11764526367188,92.67500305175781,94.0,88.9749984741211,90.0,552700
2012-08-23,88.69629669189453,95.44999694824219,96.19999694824219,93.25,94.0,1304702
2012-08-24,88.13875579833984,94.8499984741211,96.75,93.80000305175781,95.32499694824219,251482
2012-08-27,88.58012390136719,95.32499694824219,96.875,90.0,94.80000305175781,418620
2012-08-28,86.51256561279297,93.0999984741211,95.82499694824219,92.4000015258789,94.55000305175781,93140
2012-08-29,86.3034896850586,92.875,94.30000305175781,92.5,94.30000305175781,104588
2012-08-30,86.44287872314453,93.0250015258789,94.42500305175781,92.0,94.42500305175781,194884
2012-08-31,88.23165893554688,94.94999694824219,97.32499694824219,92.25,92.25,691000
2012-09-03,92.69204711914062,99.75,101.19999694824219,94.5,95.19999694824219,1167640
2012-09-04,92.39002990722656,99.42500305175781,102.7249984741211,98.0999984741211,100.0,637840
2012-09-05,90.62447357177734,97.5250015258789,100.4000015258789,97.05000305175781,99.4749984741211,440818
2012-09-06,91.62340545654297,98.5999984741211,100.0,97.44999694824219,100.0,378280
2012-09-07,92.34357452392578,99.375,102.0,99.0250015258789,99.75,1605702
2012-09-10,96.98978424072266,104.375,104.9000015258789,98.7750015258789,101.94999694824219,1386000
2012-09-11,94.22528076171875,101.4000015258789,105.19999694824219,100.8499984741211,103.5,656768
2012-09-12,96.03732299804688,103.3499984741211,103.75,101.55000305175781,102.42500305175781,1254032
2012-09-13,96.75748443603516,104.125,106.0,103.5,103.8499984741211,2394716
2012-09-14,95.61915588378906,102.9000015258789,106.44999694824219,100.5,106.44999694824219,291080
2012-09-17,95.80500793457031,103.0999984741211,104.82499694824219,101.2750015258789,104.82499694824219,1685288
2012-09-18,94.45760345458984,101.6500015258789,104.0,99.5,104.0,319246
2012-09-20,93.73743438720703,100.875,102.5,99.8499984741211,100.6500015258789,454728
2012-09-21,94.80606079101562,102.0250015258789,102.69999694824219,100.5999984741211,100.625,243324
2012-09-24,94.10913848876953,101.2750015258789,104.92500305175781,100.75,104.92500305175781,1119586
2012-09-25,94.62020874023438,101.82499694824219,102.94999694824219,101.25,101.92500305175781,92318
2012-09-26,95.15453338623047,102.4000015258789,103.5,99.75,103.5,584068
2012-09-27,93.85358428955078,101.0,104.125,100.57499694824219,102.9749984741211,395474
2012-09-28,95.78176879882812,103.07499694824219,106.0,101.25,102.0,1597526
2012-10-01,98.22103881835938,105.69999694824219,111.94999694824219,103.44999694824219,103.5250015258789,618334
2012-10-03,97.87257385253906,105.32499694824219,109.57499694824219,104.75,106.5,395452
2012-10-04,96.64132690429688,104.0,107.32499694824219,103.75,106.67500305175781,947162
2012-10-05,96.50193786621094,103.8499984741211,105.7249984741211,102.5999984741211,105.42500305175781,112282
2012-10-08,94.55052185058594,101.75,104.9749984741211,100.94999694824219,104.80000305175781,1446420
2012-10-09,92.64556121826172,99.69999694824219,103.0,99.2750015258789,101.75,435418
2012-10-10,91.53048706054688,98.5,103.0999984741211,98.25,100.30000305175781,366568
2012-10-11,92.99403381347656,100.07499694824219,100.94999694824219,97.5250015258789,99.7249984741211,390670
2012-10-12,93.38896179199219,100.5,101.94999694824219,100.1500015258789,100.625,297058
2012-10-15,93.34251403808594,100.44999694824219,102.0999984741211,100.0,100.5,155708
2012-10-16,91.94863891601562,98.94999694824219,101.4000015258789,98.5,101.375,155320
2012-10-17,92.66880798339844,99.7249984741211,100.7249984741211,97.67500305175781,100.4749984741211,294710
2012-10-18,94.48081970214844,101.67500305175781,103.3499984741211,99.125,99.92500305175781,690042
2012-10-19,93.01726531982422,100.0999984741211,102.30000305175781,100.05000305175781,102.30000305175781,151360
2012-10-22,92.41326904296875,99.44999694824219,101.375,99.05000305175781,99.9000015258789,92612
2012-10-23,91.29816436767578,98.25,100.69999694824219,97.82499694824219,100.0,362564
2012-10-25,90.6709213256836,97.57499694824219,99.25,97.5,98.2750015258789,1714124
2012-10-29,91.60017395019531,98.57499694824219,99.92500305175781,97.0,97.25,207892
2012-10-30,89.9043197631836,96.75,99.875,96.0,99.44999694824219,190828
2012-10-31,89.34675598144531,96.1500015258789,98.0,94.5,96.94999694824219,279122
2012-11-01,89.83462524414062,96.67500305175781,97.5,95.67500305175781,96.5999984741211,294904
2012-11-02,88.9053726196289,95.67500305175781,97.80000305175781,95.125,97.5,175484
2012-11-05,88.02259063720703,94.7249984741211,96.5250015258789,94.30000305175781,95.5250015258789,317112
2012-11-06,88.58012390136719,95.32499694824219,96.25,95.0,95.30000305175781,240782
2012-11-07,93.29605865478516,100.4000015258789,101.0,95.05000305175781,95.4749984741211,1813630
2012-11-08,95.92115020751953,103.2249984741211,103.7249984741211,98.0250015258789,99.42500305175781,850318
2012-11-09,96.17668914794922,103.5,104.75,102.2750015258789,102.5,368644
2012-11-12,96.87364196777344,104.25,105.6500015258789,103.5,104.4000015258789,224872
2012-11-15,94.85252380371094,102.07499694824219,105.07499694824219,101.0,104.0,861172
2012-11-16,93.90005493164062,101.05000305175781,103.94999694824219,100.55000305175781,102.5250015258789,129954
2012-11-19,92.71526336669922,99.7750015258789,101.8499984741211,99.2750015258789,101.17500305175781,333354
2012-11-20,94.29496765136719,101.4749984741211,102.0250015258789,100.4749984741211,101.4000015258789,89866
2012-11-21,95.27069091796875,102.5250015258789,102.7249984741211,100.4749984741211,102.4749984741211,66096
2012-11-22,95.52623748779297,102.80000305175781,103.32499694824219,100.80000305175781,102.5,48864
2012-11-23,94.6899185180664,101.9000015258789,103.0,101.0,102.7750015258789,80850
2012-11-26,94.38790130615234,101.57499694824219,103.0,99.5250015258789,101.07499694824219,123048
2012-11-27,96.36254119873047,103.69999694824219,105.0,102.3499984741211,102.9749984741211,331074
2012-11-29,98.49980926513672,106.0,107.44999694824219,103.5250015258789,104.2750015258789,372778
2012-11-30,99.68460083007812,107.2750015258789,108.8499984741211,104.05000305175781,106.0,270506
2012-12-03,100.03305053710938,107.6500015258789,112.3499984741211,107.125,108.0250015258789,835734
2012-12-04,98.011962890625,105.4749984741211,109.19999694824219,105.05000305175781,108.2249984741211,221722
2012-12-05,98.011962890625,105.4749984741211,106.9000015258789,104.0250015258789,106.82499694824219,242704
2012-12-06,97.73318481445312,105.17500305175781,107.0,104.2750015258789,106.0250015258789,135346
2012-12-07,98.36041259765625,105.8499984741211,107.25,105.32499694824219,106.17500305175781,302244
2012-12-10,98.40689086914062,105.9000015258789,109.92500305175781,105.17500305175781,105.9749984741211,252960
2012-12-11,98.87149810791016,106.4000015258789,107.3499984741211,105.0,105.92500305175781,159562
2012-12-12,99.31289672851562,106.875,108.625,105.55000305175781,105.57499694824219,999698
2012-12-13,98.77859497070312,106.30000305175781,107.4000015258789,105.25,107.25,394296
2012-12-14,98.73211669921875,106.25,108.2750015258789,106.0,106.7249984741211,634548
2012-12-17,99.77752685546875,107.375,109.0,106.05000305175781,106.5250015258789,387562
2012-12-18,97.91902160644531,105.375,108.3499984741211,105.125,107.92500305175781,185620
2012-12-19,97.80287170410156,105.25,106.5,104.5,105.5250015258789,394576
2012-12-20,97.68671417236328,105.125,106.75,104.80000305175781,105.0250015258789,169080
2012-12-21,96.54840087890625,103.9000015258789,105.9749984741211,102.5250015258789,105.9749984741211,108812
2012-12-24,98.6856460571289,106.19999694824219,106.9749984741211,103.0,103.07499694824219,175072
2012-12-26,99.70781707763672,107.30000305175781,107.94999694824219,106.2750015258789,106.9749984741211,166478
2012-12-27,100.42797088623047,108.07499694824219,109.4000015258789,106.92500305175781,109.4000015258789,159794
2012-12-28,99.84720611572266,107.44999694824219,109.0,107.0,107.0250015258789,670872
2012-12-31,101.333984375,109.05000305175781,110.75,106.0250015258789,108.4749984741211,349420
2013-01-01,105.30651092529297,113.32499694824219,114.5,108.55000305175781,109.05000305175781,611386
2013-01-02,107.2811508178711,115.44999694824219,117.5,113.5,114.875,504564
2013-01-03,105.91051483154297,113.9749984741211,116.4000015258789,113.375,116.375,131848
2013-01-04,107.67610168457031,115.875,117.67500305175781,114.0999984741211,114.94999694824219,240734
2013-01-07,106.07315063476562,114.1500015258789,117.3499984741211,113.75,116.0,111226
2013-01-08,106.39836120605469,114.5,116.5,114.125,114.9749984741211,200322
2013-01-09,105.51559448242188,113.55000305175781,119.8499984741211,112.5,114.07499694824219,921078
2013-01-10,106.51454162597656,114.625,116.75,114.1500015258789,114.8499984741211,202090
2013-01-11,103.95909881591797,111.875,115.6500015258789,111.375,115.0,157566
2013-01-14,100.98551940917969,108.67500305175781,112.75,108.32499694824219,111.875,450834
2013-01-15,101.05522918701172,108.75,109.8499984741211,107.55000305175781,109.2249984741211,292112
2013-01-16,101.14816284179688,108.8499984741211,111.2249984741211,108.375,109.375,916456
2013-01-17,101.84508514404297,109.5999984741211,110.9749984741211,108.9749984741211,109.125,346392
2013-01-18,101.40370178222656,109.125,110.44999694824219,108.55000305175781,109.94999694824219,79326
2013-01-21,101.82186126708984,109.57499694824219,110.0,109.1500015258789,109.4749984741211,116044
2013-01-22,100.89260864257812,108.57499694824219,110.0250015258789,107.67500305175781,109.625,89152
2013-01-23,99.68460083007812,107.2750015258789,109.5,106.94999694824219,108.8499984741211,86570
2013-01-24,98.87149810791016,106.4000015258789,108.0,106.0,107.82499694824219,145154
2013-01-25,98.98766326904297,106.5250015258789,107.92500305175781,106.0250015258789,106.44999694824219,126680
2013-01-28,99.08057403564453,106.625,106.94999694824219,105.55000305175781,106.07499694824219,184464
2013-01-29,100.38153076171875,108.0250015258789,109.25,106.6500015258789,106.8499984741211,166312
2013-01-30,106.21253204345703,114.30000305175781,117.3499984741211,109.05000305175781,109.05000305175781,3229210
2013-01-31,108.00132751464844,116.2249984741211,116.92500305175781,112.55000305175781,114.625,1689614
2013-02-01,114.55248260498047,123.2750015258789,131.39999389648438,116.0,116.80000305175781,5554026
2013-02-04,112.57786560058594,121.1500015258789,125.75,120.0999984741211,123.42500305175781,1406870
2013-02-05,111.83444213867188,120.3499984741211,123.44999694824219,119.07499694824219,120.69999694824219,386704
2013-02-06,109.2093505859375,117.5250015258789,122.375,116.32499694824219,122.375,496434
2013-02-07,109.72041320800781,118.07499694824219,119.0,116.80000305175781,117.5250015258789,245988
2013-02-08,109.88304138183594,118.25,119.3499984741211,116.3499984741211,117.875,150690
2013-02-11,110.57997131347656,119.0,120.80000305175781,117.5,118.42500305175781,331420
2013-02-12,113.43739318847656,122.07499694824219,123.1500015258789,118.19999694824219,119.0,337406
2013-02-13,116.80590057373047,125.69999694824219,127.44999694824219,121.5,121.625,1237484
2013-02-14,118.455322265625,127.4749984741211,129.39999389648438,125.9749984741211,126.0,790082
2013-02-15,119.47747039794922,128.5749969482422,129.9499969482422,122.5,122.5,1219288
2013-02-18,117.94422912597656,126.92500305175781,130.47500610351562,125.5,130.47500610351562,1025198
2013-02-19,118.40884399414062,127.42500305175781,128.5,125.32499694824219,127.0,141934
2013-02-20,121.21980285644531,130.4499969482422,132.47500610351562,127.4000015258789,128.14999389648438,672604
2013-02-21,117.78160858154297,126.75,131.72500610351562,126.0,129.85000610351562,174540
2013-02-22,117.59576416015625,126.55000305175781,128.5,126.0,128.0,243338
2013-02-25,115.92312622070312,124.75,129.75,122.55000305175781,129.75,121014
2013-02-26,113.43739318847656,122.07499694824219,126.0,120.57499694824219,126.0,183976
2013-02-27,115.22618103027344,124.0,125.25,121.75,124.75,109850
2013-02-28,112.06676483154297,120.5999984741211,125.625,119.57499694824219,124.625,124634
2013-03-01,116.10896301269531,124.94999694824219,125.5,119.0250015258789,120.5250015258789,259240
2013-03-04,113.43739318847656,122.07499694824219,124.9000015258789,121.07499694824219,124.3499984741211,114180
2013-03-05,116.08573150634766,124.92500305175781,125.5,122.0250015258789,122.30000305175781,253460
2013-03-06,118.4785385131836,127.5,129.0,124.5250015258789,124.92500305175781,276632
2013-03-07,120.24410247802734,129.39999389648438,130.22500610351562,127.5250015258789,128.125,245666
2013-03-08,118.80377197265625,127.8499984741211,130.0,125.55000305175781,129.5,117356
2013-03-11,118.19977569580078,127.19999694824219,129.85000610351562,126.7249984741211,127.5999984741211,104596
2013-03-12,117.03819274902344,125.94999694824219,129.5,125.19999694824219,126.94999694824219,319128
2013-03-13,117.10791015625,126.0250015258789,128.0,125.0,125.0,89188
2013-03-14,116.68974304199219,125.57499694824219,126.9000015258789,124.5250015258789,126.7249984741211,91750
2013-03-15,115.99280548095703,124.82499694824219,127.44999694824219,124.0999984741211,126.3499984741211,119196
2013-03-18,121.312744140625,130.5500030517578,131.89999389648438,123.25,126.94999694824219,1607994
2013-03-19,122.86921691894531,132.22500610351562,136.9499969482422,130.0,132.22500610351562,1707592
2013-03-20,123.19444274902344,132.5749969482422,134.97500610351562,131.75,132.5,396216
2013-03-21,122.3581314086914,131.6750030517578,134.5,130.625,133.02499389648438,262220
2013-03-22,122.89246368408203,132.25,134.0,129.0,130.85000610351562,422548
2013-03-25,119.84919738769531,128.97500610351562,134.9499969482422,127.625,134.9499969482422,154468
2013-03-26,119.22193908691406,128.3000030517578,132.0,126.30000305175781,131.0,551028
2013-03-28,122.56721496582031,131.89999389648438,133.0,125.30000305175781,128.3249969482422,182370
2013-04-01,122.520751953125,131.85000610351562,134.1999969482422,130.3000030517578,132.47500610351562,167566
2013-04-02,125.79634094238281,135.375,137.6999969482422,130.5,130.5,608564
2013-04-03,125.33172607421875,134.875,138.4499969482422,133.0749969482422,135.4250030517578,196228
2013-04-04,122.03289794921875,131.3249969482422,134.47500610351562,129.25,132.52499389648438,141544
2013-04-05,120.59257507324219,129.77499389648438,132.39999389648438,128.5749969482422,131.0,127756
2013-04-08,120.17439270019531,129.3249969482422,131.8000030517578,129.0,130.0,74612
2013-04-09,117.82807922363281,126.80000305175781,130.8000030517578,126.30000305175781,130.1750030517578,100134
2013-04-10,116.92205810546875,125.82499694824219,129.14999389648438,125.05000305175781,127.3499984741211,166792
2013-04-11,116.41098022460938,125.2750015258789,127.44999694824219,124.67500305175781,126.0,251870
2013-04-12,116.06250762939453,124.9000015258789,125.69999694824219,123.5,125.2750015258789,136166
2013-04-15,117.10791015625,126.0250015258789,129.6999969482422,124.5,124.5,494212
2013-04-16,117.5028305053711,126.44999694824219,128.64999389648438,126.0,126.0,141290
2013-04-17,116.41098022460938,125.2750015258789,128.0,125.0,127.5,235208
2013-04-18,116.43421173095703,125.30000305175781,126.7750015258789,123.625,125.2750015258789,207472
2013-04-22,116.87559509277344,125.7750015258789,127.5,125.1500015258789,125.375,139504
2013-04-23,116.64327239990234,125.5250015258789,127.44999694824219,124.5999984741211,126.0,222860
2013-04-25,116.87559509277344,125.7750015258789,126.5,124.6500015258789,124.6500015258789,567196
2013-04-26,116.201904296875,125.05000305175781,125.9000015258789,124.625,125.75,149718
2013-04-29,116.17867279052734,125.0250015258789,125.8499984741211,124.69999694824219,125.8499984741211,118572
2013-04-30,115.78373718261719,124.5999984741211,128.625,124.125,125.05000305175781,333898
2013-05-02,116.201904296875,125.05000305175781,126.1500015258789,124.0250015258789,125.19999694824219,584348
2013-05-03,115.24942016601562,124.0250015258789,125.67500305175781,123.5,125.67500305175781,166526
2013-05-06,117.0149917602539,125.92500305175781,126.8499984741211,123.5,124.5,295296
2013-05-07,120.59257507324219,129.77499389648438,130.375,126.42500305175781,126.5,404300
2013-05-08,124.14691162109375,133.60000610351562,134.14999389648438,130.39999389648438,130.39999389648438,715882
2013-05-09,127.93360137939453,137.6750030517578,139.8000030517578,134.375,134.375,1352422
2013-05-10,131.9525909423828,142.0,143.0,138.125,138.14999389648438,688786
2013-05-13,133.04446411132812,143.1750030517578,145.5,140.25,144.0,346094
2013-05-14,133.27674865722656,143.4250030517578,148.4250030517578,139.3000030517578,144.0,1584162
2013-05-15,135.92506408691406,146.27499389648438,148.0,143.64999389648438,144.0,945328
2013-05-16,133.13735961914062,143.27499389648438,146.5500030517578,142.875,146.0,168708
2013-05-17,131.44146728515625,141.4499969482422,145.5,140.5,143.875,199588
2013-05-20,132.905029296875,143.02499389648438,144.9250030517578,141.72500610351562,141.8249969482422,396218
2013-05-21,130.0708770751953,139.97500610351562,143.5,139.3249969482422,143.02499389648438,119306
2013-05-22,128.514404296875,138.3000030517578,141.52499389648438,137.5500030517578,140.25,104974
2013-05-23,127.95683288574219,137.6999969482422,138.6999969482422,136.14999389648438,137.5,151650
2013-05-24,130.9768524169922,140.9499969482422,143.9499969482422,138.125,138.125,104176
2013-05-27,134.1827392578125,144.39999389648438,145.0,141.25,141.5,318926
2013-05-28,135.36756896972656,145.6750030517578,148.4499969482422,144.5749969482422,145.625,453594
2013-05-29,136.9240264892578,147.35000610351562,147.85000610351562,145.5,146.97500610351562,846538
2013-05-30,132.9747314453125,143.10000610351562,147.35000610351562,142.625,146.97500610351562,233746
2013-05-31,132.55654907226562,142.64999389648438,143.47500610351562,140.60000610351562,143.22500610351562,169998
2013-06-03,132.4636688232422,142.5500030517578,143.5749969482422,141.0,142.64999389648438,87054
2013-06-04,131.18594360351562,141.1750030517578,142.875,139.52499389648438,142.875,190764
2013-06-05,130.51226806640625,140.4499969482422,141.9250030517578,140.0,140.52499389648438,123302
2013-06-06,130.4193115234375,140.35000610351562,141.60000610351562,140.02499389648438,140.25,79046
2013-06-07,130.37283325195312,140.3000030517578,141.27499389648438,139.5500030517578,140.10000610351562,79934
2013-06-10,130.2567138671875,140.1750030517578,141.1999969482422,139.9250030517578,141.0,88284
2013-06-11,127.93360137939453,137.6750030517578,140.02499389648438,137.10000610351562,140.0,146956
2013-06-12,128.30528259277344,138.0749969482422,139.1750030517578,137.125,137.97500610351562,170194
2013-06-13,125.63372802734375,135.1999969482422,137.625,134.5749969482422,137.125,145544
2013-06-14,126.65589141845703,136.3000030517578,137.10000610351562,135.125,136.4499969482422,83184
2013-06-17,130.326416015625,140.25,142.5500030517578,135.52499389648438,136.0,192858
2013-06-18,130.00115966796875,139.89999389648438,142.0500030517578,139.125,140.0,86894
2013-06-19,127.7245101928711,137.4499969482422,141.3000030517578,136.25,140.0,158428
2013-06-20,126.65589141845703,136.3000030517578,138.6999969482422,135.6999969482422,136.0,100234
2013-06-21,125.42464447021484,134.97500610351562,137.875,134.25,136.0,90756
2013-06-24,122.86921691894531,132.22500610351562,134.27499389648438,130.5,132.0500030517578,217124
2013-06-25,123.3338394165039,132.72500610351562,133.97500610351562,129.60000610351562,132.22500610351562,119382
2013-06-26,123.96109008789062,133.39999389648438,136.47500610351562,131.625,132.72500610351562,150878
2013-06-27,123.77519989013672,133.1999969482422,135.0749969482422,131.02499389648438,133.4250030517578,234638
2013-06-28,124.14691162109375,133.60000610351562,135.6999969482422,132.22500610351562,133.22500610351562,260494
2013-07-01,122.91568756103516,132.27499389648438,134.0,131.75,133.60000610351562,216852
2013-07-02,123.93783569335938,133.375,137.0,132.3000030517578,132.85000610351562,1365138
2013-07-03,124.774169921875,134.27499389648438,135.75,132.5,133.0,844460
2013-07-04,124.98324584960938,134.5,135.47500610351562,133.5500030517578,134.85000610351562,77736
2013-07-05,125.26473236083984,133.5,135.9499969482422,132.77499389648438,135.9499969482422,543786
2013-07-08,124.37335205078125,132.5500030517578,133.5,131.625,132.85000610351562,162906
2013-07-09,124.09186553955078,132.25,133.375,131.5,133.375,315198
2013-07-10,123.81037139892578,131.9499969482422,132.875,131.25,132.85000610351562,358010
2013-07-11,127.79816436767578,136.1999969482422,138.6999969482422,132.3000030517578,132.8000030517578,163512
2013-07-12,132.6774444580078,141.39999389648438,142.22500610351562,138.14999389648438,138.6999969482422,337580
2013-07-15,138.04925537109375,147.125,147.875,142.3000030517578,142.3000030517578,668922
2013-07-16,135.3985137939453,144.3000030517578,145.85000610351562,142.5749969482422,145.625,128420
2013-07-17,138.7295379638672,147.85000610351562,148.97500610351562,144.3000030517578,144.3000030517578,296774
2013-07-18,135.98497009277344,144.9250030517578,148.9499969482422,144.5,148.14999389648438,230930
2013-07-19,137.29859924316406,146.3249969482422,151.4250030517578,144.64999389648438,145.125,347748
2013-07-22,136.99363708496094,146.0,147.35000610351562,144.6999969482422,146.5,107656
2013-07-23,135.93804931640625,144.875,146.8000030517578,144.0500030517578,146.1999969482422,85388
2013-07-24,138.70608520507812,147.8249969482422,148.5,142.5,144.47500610351562,242316
2013-07-25,134.69479370117188,143.5500030517578,149.1999969482422,142.625,148.0,133560
2013-07-26,130.35507202148438,138.9250030517578,145.0,138.14999389648438,144.25,133438
2013-07-29,127.28209686279297,135.64999389648438,138.9499969482422,134.0500030517578,138.9499969482422,120868
2013-07-30,126.97714233398438,135.3249969482422,137.77499389648438,134.72500610351562,136.0,79886
2013-07-31,125.8746337890625,134.14999389648438,135.97500610351562,132.125,135.0,275204
2013-08-01,126.64875030517578,134.97500610351562,137.35000610351562,132.3249969482422,134.5,189594
2013-08-02,128.43154907226562,136.875,139.47500610351562,133.72500610351562,135.0,359960
2013-08-05,126.10922241210938,134.39999389648438,137.375,134.0,137.375,196626
2013-08-06,120.85469055175781,128.8000030517578,134.02499389648438,128.0,134.0,221130
2013-08-07,118.34467315673828,126.125,129.77499389648438,124.5,129.375,497182
2013-08-08,117.21870422363281,124.92500305175781,127.0,124.4000015258789,126.5,247804
2013-08-12,117.92243194580078,125.67500305175781,128.0,125.0999984741211,125.8499984741211,331016
2013-08-13,118.18047332763672,125.94999694824219,127.0,125.57499694824219,126.5,393998
2013-08-14,119.30644989013672,127.1500015258789,132.5,126.6500015258789,132.0,1004550
2013-08-16,117.05451202392578,124.75,128.22500610351562,124.1500015258789,126.875,402042
2013-08-19,112.64444732666016,120.05000305175781,124.9749984741211,116.0999984741211,124.07499694824219,498336
2013-08-20,110.32211303710938,117.57499694824219,119.69999694824219,116.2249984741211,117.25,292472
2013-08-21,109.92333221435547,117.1500015258789,119.94999694824219,115.7750015258789,118.8499984741211,308722
2013-08-22,108.16399383544922,115.2750015258789,116.32499694824219,112.69999694824219,115.30000305175781,714250
2013-08-23,107.03800201416016,114.07499694824219,117.44999694824219,110.5,115.2750015258789,967034
2013-08-26,107.4367904663086,114.5,115.5,113.5250015258789,113.5250015258789,225782
2013-08-27,105.74784088134766,112.69999694824219,114.9749984741211,112.5,114.5,511958
2013-08-28,105.04409790039062,111.94999694824219,112.67500305175781,109.875,112.0,539090
2013-08-29,104.8329849243164,111.7249984741211,114.75,111.25,112.5,1728744
2013-08-30,105.41941833496094,112.3499984741211,114.5,110.125,111.5,810142
2013-09-02,107.74175262451172,114.82499694824219,115.69999694824219,113.0,113.0,274402
2013-09-03,105.18486022949219,112.0999984741211,115.8499984741211,111.25,115.375,207938
2013-09-04,104.4342041015625,111.30000305175781,113.9000015258789,109.69999694824219,110.5250015258789,566628
2013-09-05,106.02933502197266,113.0,113.4000015258789,112.0250015258789,112.0250015258789,806442
2013-09-06,106.07624816894531,113.05000305175781,113.75,112.57499694824219,113.7249984741211,776528
2013-09-10,110.15790557861328,117.4000015258789,120.0,113.0,113.75,1582728
2013-09-11,110.62705993652344,117.9000015258789,118.6500015258789,115.5,117.0,1604306
2013-09-12,112.19873809814453,119.57499694824219,121.44999694824219,118.2750015258789,119.0,568468
2013-09-13,112.15182495117188,119.5250015258789,121.5999984741211,119.0999984741211,119.57499694824219,134230
2013-09-16,114.09881591796875,121.5999984741211,122.25,116.625,120.125,392128
2013-09-17,112.4567642211914,119.8499984741211,122.25,117.0250015258789,120.5250015258789,379922
2013-09-18,114.77909851074219,122.32499694824219,122.82499694824219,119.05000305175781,119.05000305175781,173960
2013-09-19,117.52365112304688,125.25,126.5,122.0999984741211,122.6500015258789,2711632
2013-09-20,117.75824737548828,125.5,126.5,122.57499694824219,125.0250015258789,184098
2013-09-23,117.17178344726562,124.875,127.44999694824219,124.05000305175781,124.92500305175781,134182
2013-09-24,121.20653533935547,129.1750030517578,130.0,124.92500305175781,125.0,556846
2013-09-25,121.06578826904297,129.02499389648438,130.0,127.19999694824219,129.5500030517578,330420
2013-09-26,119.79907989501953,127.67500305175781,129.9250030517578,127.5,129.25,114664
2013-09-27,119.44721221923828,127.30000305175781,129.875,126.0,127.5,172890
2013-09-30,117.75824737548828,125.5,128.0,123.5250015258789,126.0,356706
2013-10-01,121.69915008544922,129.6999969482422,131.0,125.125,127.375,204374
2013-10-03,124.6313705444336,132.8249969482422,133.4250030517578,129.625,129.625,419622
2013-10-04,125.7339096069336,134.0,135.89999389648438,131.0500030517578,132.5,514920
2013-10-07,125.6869888305664,133.9499969482422,134.85000610351562,133.0500030517578,133.875,182352
2013-10-08,125.24128723144531,133.47500610351562,134.97500610351562,132.60000610351562,134.5,143104
2013-10-09,125.78079986572266,134.0500030517578,135.5,132.5749969482422,133.3000030517578,277484
2013-10-10,124.27951049804688,132.4499969482422,134.5,131.27499389648438,134.0500030517578,168454
2013-10-11,122.87202453613281,130.9499969482422,134.14999389648438,130.6999969482422,133.0749969482422,126850
2013-10-14,123.55232238769531,131.6750030517578,132.10000610351562,129.25,131.0,134064
2013-10-15,121.11270141601562,129.0749969482422,132.27499389648438,128.75,130.25,159698
2013-10-17,119.02494812011719,126.8499984741211,129.85000610351562,126.2750015258789,129.85000610351562,135360
2013-10-18,119.3533706665039,127.19999694824219,129.0,126.07499694824219,126.07499694824219,95274
2013-10-21,118.90765380859375,126.7249984741211,128.47500610351562,126.30000305175781,127.7249984741211,186840
2013-10-22,124.70174407958984,132.89999389648438,134.39999389648438,126.5250015258789,126.5250015258789,573304
2013-10-23,126.55493927001953,134.875,135.89999389648438,133.02499389648438,134.3000030517578,507500
2013-10-24,124.27951049804688,132.4499969482422,137.5,132.0,135.9499969482422,304262
2013-10-25,124.0214614868164,132.1750030517578,135.5,130.47500610351562,132.5,187072
2013-10-28,123.41157531738281,131.52499389648438,134.89999389648438,131.02499389648438,133.0,174088
2013-10-29,124.32644653320312,132.5,133.22500610351562,131.0749969482422,131.375,290156
2013-10-30,131.1057586669922,139.72500610351562,141.1999969482422,134.5749969482422,135.5,1613478
2013-10-31,135.3985137939453,144.3000030517578,145.25,139.10000610351562,141.39999389648438,832916
2013-11-01,135.68002319335938,144.60000610351562,146.0,142.5500030517578,143.5749969482422,473870
2013-11-05,135.4454345703125,144.35000610351562,148.0,140.60000610351562,148.0,3433316
2013-11-06,132.93545532226562,141.6750030517578,146.0,141.0749969482422,143.5,94664
2013-11-07,131.621826171875,140.27499389648438,143.875,139.6750030517578,141.52499389648438,157720
2013-11-08,133.40460205078125,142.1750030517578,142.875,136.72500610351562,139.0500030517578,216904
2013-11-11,137.0874786376953,146.10000610351562,146.9499969482422,140.0,142.5,539808
2013-11-12,137.4158935546875,146.4499969482422,148.47500610351562,143.5,146.89999389648438,2516218
2013-11-13,134.3898468017578,143.22500610351562,146.97500610351562,142.8249969482422,144.0,151462
2013-11-14,133.63917541503906,142.4250030517578,148.64999389648438,141.60000610351562,146.9499969482422,1051646
2013-11-18,134.88246154785156,143.75,144.72500610351562,142.5500030517578,142.5500030517578,388618
2013-11-19,132.88851928710938,141.625,146.27499389648438,141.5,144.0,234734
2013-11-20,134.13180541992188,142.9499969482422,143.4250030517578,141.6999969482422,141.75,436296
2013-11-21,131.129150390625,139.75,142.9250030517578,137.25,142.02499389648438,175250
2013-11-22,131.80946350097656,140.47500610351562,141.5,139.0,139.52499389648438,117996
2013-11-25,133.1465301513672,141.89999389648438,142.47500610351562,140.02499389648438,140.0500030517578,130308
2013-11-26,136.92327880859375,145.9250030517578,147.1999969482422,141.6750030517578,141.6750030517578,284482
2013-11-27,140.34814453125,149.5749969482422,152.39999389648438,146.0500030517578,147.3000030517578,1117768
2013-11-28,138.04925537109375,147.125,151.5,146.0749969482422,149.6750030517578,168542
2013-11-29,141.1691436767578,150.4499969482422,151.89999389648438,147.5,147.5,337748
2013-12-02,144.59397888183594,154.10000610351562,154.9499969482422,150.47500610351562,150.875,722998
2013-12-03,144.19520568847656,153.6750030517578,157.35000610351562,153.0,155.4250030517578,400396
2013-12-04,140.25428771972656,149.47500610351562,153.35000610351562,148.75,153.35000610351562,202190
2013-12-05,138.56532287597656,147.6750030517578,152.375,146.02499389648438,150.25,277066
2013-12-06,136.94674682617188,145.9499969482422,148.35000610351562,145.60000610351562,147.0,139986
2013-12-09,136.47756958007812,145.4499969482422,149.5,143.60000610351562,147.5500030517578,303868
2013-12-10,135.28123474121094,144.1750030517578,148.35000610351562,143.52499389648438,145.4499969482422,222634
2013-12-11,136.21954345703125,145.1750030517578,146.9250030517578,143.5,144.0,207204
2013-12-12,138.2134552001953,147.3000030517578,149.89999389648438,145.52499389648438,145.52499389648438,686060
2013-12-13,135.35159301757812,144.25,148.0,143.75,146.25,119836
2013-12-16,133.66262817382812,142.4499969482422,145.875,141.64999389648438,143.5,113564
2013-12-17,137.6035614013672,146.64999389648438,147.4499969482422,143.35000610351562,143.97500610351562,2513878
2013-12-18,136.12571716308594,145.0749969482422,150.6750030517578,144.4250030517578,147.25,501614
2013-12-19,135.65652465820312,144.5749969482422,147.1999969482422,143.9250030517578,145.0749969482422,208924
2013-12-20,135.609619140625,144.52499389648438,145.0,142.0500030517578,144.47500610351562,262072
2013-12-23,135.70347595214844,144.625,146.9499969482422,143.0,143.0,295830
2013-12-24,134.92935180664062,143.8000030517578,146.25,143.125,145.5,145252
2013-12-26,136.80596923828125,145.8000030517578,148.4499969482422,144.0,144.0,388802
2013-12-27,135.65652465820312,144.5749969482422,147.0,144.0500030517578,146.0500030517578,224222
2013-12-30,134.74169921875,143.60000610351562,146.39999389648438,142.5,146.39999389648438,152566
2013-12-31,134.0614013671875,142.875,145.89999389648438,141.625,144.0,238956
2014-01-01,134.2725372314453,143.10000610351562,144.25,142.8249969482422,143.14999389648438,139260
2014-01-02,133.68606567382812,142.47500610351562,144.85000610351562,142.0749969482422,143.8249969482422,129528
2014-01-03,132.25515747070312,140.9499969482422,142.75,139.02499389648438,141.75,367716
2014-01-06,133.9676055908203,142.77499389648438,143.75,140.39999389648438,140.75,245466
2014-01-07,132.93545532226562,141.6750030517578,143.9499969482422,141.0,143.35000610351562,129546
2014-01-08,134.1552734375,142.97500610351562,143.47500610351562,141.875,142.6750030517578,400766
2014-01-09,136.82945251464844,145.8249969482422,146.5,142.625,143.60000610351562,565360
2014-01-10,134.01451110839844,142.8249969482422,146.85000610351562,142.125,146.0,328984
2014-01-13,134.08486938476562,142.89999389648438,145.47500610351562,142.3000030517578,142.8249969482422,188744
2014-01-14,132.16134643554688,140.85000610351562,143.3000030517578,140.5500030517578,142.5,122762
2014-01-15,133.0996551513672,141.85000610351562,142.5,140.8000030517578,141.25,71786
2014-01-16,132.1378936767578,140.8249969482422,142.125,140.14999389648438,142.0,78786
2014-01-17,132.32554626464844,141.02499389648438,144.9499969482422,140.625,140.75,352302
2014-01-20,133.19349670410156,141.9499969482422,142.64999389648438,139.5500030517578,140.75,227072
2014-01-21,132.63047790527344,141.35000610351562,142.75,140.97500610351562,141.1750030517578,93816
2014-01-22,132.32554626464844,141.02499389648438,142.4499969482422,140.75,141.02499389648438,135064
2014-01-23,132.72430419921875,141.4499969482422,142.5,140.0,141.02499389648438,300520
2014-01-24,131.78602600097656,140.4499969482422,141.89999389648438,140.02499389648438,140.77499389648438,73472
2014-01-27,129.15872192382812,137.64999389648438,140.35000610351562,136.5,139.5,221002
2014-01-28,131.8329315185547,140.5,141.5,138.5,138.5,1637904
2014-01-29,133.85028076171875,142.64999389648438,144.9499969482422,134.8000030517578,137.47500610351562,1374716
2014-01-30,131.22303771972656,139.85000610351562,142.0749969482422,139.0,142.0,1124874
2014-01-31,131.29339599609375,139.9250030517578,141.6999969482422,139.25,139.25,309140
2014-02-03,129.5810089111328,138.10000610351562,140.5,137.5,140.35000610351562,147532
2014-02-04,129.2525634765625,137.75,138.9499969482422,136.3000030517578,137.5,601666
2014-02-05,129.41677856445312,137.9250030517578,138.89999389648438,137.625,138.0,986170
2014-02-06,128.36119079589844,136.8000030517578,138.375,136.25,138.0,320598
2014-02-07,129.22911071777344,137.72500610351562,140.85000610351562,136.8000030517578,136.8000030517578,387520
2014-02-10,128.9945526123047,137.47500610351562,138.77499389648438,136.75,138.22500610351562,400696
2014-02-11,128.26730346679688,136.6999969482422,138.47500610351562,136.3249969482422,138.10000610351562,787742
2014-02-12,131.90330505371094,140.5749969482422,141.0,135.875,137.02499389648438,367632
2014-02-13,128.54884338378906,137.0,142.39999389648438,136.52499389648438,139.0,176160
2014-02-14,128.1500701904297,136.5749969482422,139.1999969482422,135.5500030517578,137.6999969482422,117950
2014-02-17,129.13525390625,137.625,138.5,136.8249969482422,137.0,50050
2014-02-18,129.2525634765625,137.75,139.1750030517578,135.75,136.5749969482422,198316
2014-02-19,131.15264892578125,139.77499389648438,140.85000610351562,137.25,137.25,107478
2014-02-20,129.3229522705078,137.8249969482422,139.5,137.27499389648438,139.47500610351562,74632
2014-02-21,130.07359313964844,138.625,139.72500610351562,137.4499969482422,137.4499969482422,527498
2014-02-24,131.69216918945312,140.35000610351562,140.75,137.60000610351562,137.60000610351562,338108
2014-02-25,133.75648498535156,142.5500030517578,142.85000610351562,139.125,139.125,183520
2014-02-26,134.6713409423828,143.52499389648438,144.5,142.0500030517578,144.0,158658
2014-02-28,134.3429412841797,143.1750030517578,144.4499969482422,142.25,143.0,1338328
2014-03-03,134.99974060058594,143.875,144.9499969482422,142.5500030517578,142.625,289570
2014-03-04,135.35159301757812,144.25,145.5,143.77499389648438,144.8249969482422,273852
2014-03-05,135.58619689941406,144.5,145.5,143.875,144.89999389648438,142888
2014-03-06,136.52450561523438,145.5,146.5,144.25,144.875,437336
2014-03-07,134.10833740234375,142.9250030517578,146.0749969482422,142.0500030517578,146.0,537136
2014-03-10,132.27862548828125,140.97500610351562,144.4499969482422,139.9250030517578,142.9250030517578,191282
2014-03-11,132.23170471191406,140.9250030517578,142.5,139.5,141.8249969482422,396350
2014-03-12,131.26991271972656,139.89999389648438,141.97500610351562,139.0,141.4499969482422,156142
2014-03-13,131.31686401367188,139.9499969482422,142.0,139.47500610351562,139.89999389648438,349744
2014-03-14,132.09095764160156,140.77499389648438,141.5,139.5,141.35000610351562,354026
2014-03-18,131.9267578125,140.60000610351562,141.375,140.1750030517578,140.39999389648438,234616
2014-03-19,131.621826171875,140.27499389648438,141.3000030517578,139.75,141.3000030517578,1133418
2014-03-20,132.34902954101562,141.0500030517578,143.25,140.3000030517578,140.3000030517578,541450
2014-03-21,136.7590789794922,145.75,146.5,141.5,141.875,967236
2014-03-24,133.73300170898438,142.52499389648438,147.1750030517578,141.85000610351562,145.0749969482422,236894
2014-03-25,135.9615020751953,144.89999389648438,145.3000030517578,142.14999389648438,142.5,186378
2014-03-26,141.05184936523438,150.3249969482422,151.39999389648438,144.5500030517578,144.5500030517578,859088
2014-03-27,143.491455078125,152.9250030517578,153.97500610351562,150.5,150.75,978360
2014-03-28,142.71734619140625,152.10000610351562,154.6999969482422,150.52499389648438,152.9250030517578,331230
2014-03-31,144.05447387695312,153.52499389648438,155.0,150.0,152.125,517018
2014-04-01,143.96058654785156,153.4250030517578,154.5,152.0,152.5,175568
2014-04-02,144.68780517578125,154.1999969482422,154.9499969482422,150.52499389648438,154.9499969482422,192324
2014-04-03,148.27687072753906,158.02499389648438,159.125,153.5,155.0,678468
2014-04-04,147.0335693359375,156.6999969482422,160.9499969482422,154.9499969482422,157.27499389648438,494136
2014-04-07,148.65219116210938,158.4250030517578,159.0,154.60000610351562,156.125,130944
2014-04-09,150.13002014160156,160.0,160.85000610351562,155.75,157.0,527794
2014-04-10,152.8276824951172,162.875,163.4499969482422,160.625,162.1750030517578,535324
2014-04-11,153.9770965576172,164.10000610351562,165.02499389648438,161.0,161.52499389648438,305826
2014-04-15,151.959716796875,161.9499969482422,164.60000610351562,160.0,164.0,378950
2014-04-16,151.18563842773438,161.125,163.6999969482422,159.60000610351562,161.5,331270
2014-04-17,153.78944396972656,163.89999389648438,164.9499969482422,160.125,161.0500030517578,364838
2014-04-21,156.22906494140625,166.5,169.0,163.5,164.5,259512
2014-04-22,158.55137634277344,168.97500610351562,169.64999389648438,166.0500030517578,167.5,351288
2014-04-23,158.87977600097656,169.3249969482422,170.5500030517578,167.3000030517578,168.0,734652
2014-04-24,158.87977600097656,169.3249969482422,169.3249969482422,169.3249969482422,169.3249969482422,0
2014-04-25,154.56356811523438,164.72500610351562,169.9250030517578,163.0749969482422,169.5,343196
2014-04-28,150.59921264648438,160.5,163.5,160.0500030517578,163.5,132124
2014-04-29,147.59658813476562,157.3000030517578,160.5,156.5,160.5,186138
2014-04-30,149.42626953125,159.25,160.10000610351562,157.0749969482422,157.0749969482422,132908
2014-05-02,145.6260986328125,155.1999969482422,160.0,153.0500030517578,159.0,216752
2014-05-05,144.7816162109375,154.3000030517578,157.39999389648438,153.89999389648438,156.25,98934
2014-05-06,140.8407440185547,150.10000610351562,155.25,149.5,154.89999389648438,667646
2014-05-07,140.74691772460938,150.0,151.375,149.39999389648438,150.0,190700
2014-05-08,140.67652893066406,149.9250030517578,155.4499969482422,148.25,149.125,369030
2014-05-09,140.74691772460938,150.0,151.875,148.75,148.75,316930
2014-05-12,146.1656494140625,155.77499389648438,157.1999969482422,148.5500030517578,148.5500030517578,350262
2014-05-13,147.24468994140625,156.9250030517578,160.5,155.97500610351562,157.0,227840
2014-05-14,146.07183837890625,155.6750030517578,158.6999969482422,152.5749969482422,157.4499969482422,223256
2014-05-15,142.7642822265625,152.14999389648438,158.125,150.75,156.375,402654
2014-05-16,146.07183837890625,155.6750030517578,157.875,146.0,153.4499969482422,1631696
2014-05-19,150.9744873046875,160.89999389648438,163.39999389648438,155.8000030517578,156.0,766706
2014-05-20,151.93626403808594,161.9250030517578,165.0,160.8249969482422,162.3000030517578,445354
2014-05-21,149.1448211669922,158.9499969482422,164.5,157.64999389648438,162.0,306868
2014-05-22,153.1795196533203,163.25,164.875,159.5,159.5,654694
2014-05-23,154.751220703125,164.9250030517578,166.6999969482422,159.4499969482422,163.27499389648438,538740
2014-05-26,153.74253845214844,163.85000610351562,167.77499389648438,162.0,166.5,487158
2014-05-27,151.1621551513672,161.10000610351562,165.5,160.0,164.5,152538
2014-05-28,152.61654663085938,162.64999389648438,165.4499969482422,161.14999389648438,161.14999389648438,407026
2014-05-29,144.80508422851562,154.3249969482422,158.4250030517578,153.64999389648438,158.0,553214
2014-05-30,142.03707885742188,151.375,154.35000610351562,149.5,153.0500030517578,349576
2014-06-02,141.21604919433594,150.5,152.35000610351562,149.875,151.9499969482422,301636
2014-06-03,142.083984375,151.4250030517578,152.125,149.5500030517578,151.02499389648438,346716
2014-06-04,139.4097900390625,148.5749969482422,151.9250030517578,147.125,151.89999389648438,518690
2014-06-05,137.83810424804688,146.89999389648438,149.97500610351562,146.25,148.5,647716
2014-06-06,139.80859375,149.0,152.9499969482422,147.5,147.5,2412134
2014-06-09,137.97889709472656,147.0500030517578,152.0,146.0500030517578,151.5,1404970
2014-06-10,136.6652374267578,145.64999389648438,148.60000610351562,144.5500030517578,147.0,1988178
2014-06-11,139.92587280273438,149.125,153.60000610351562,146.0,147.0,1525542
2014-06-12,140.2308349609375,149.4499969482422,151.8249969482422,149.0,150.75,1022120
2014-06-13,136.6652374267578,145.64999389648438,151.39999389648438,144.0,150.89999389648438,640280
2014-06-16,139.2690887451172,148.4250030517578,149.85000610351562,142.72500610351562,145.64999389648438,634676
2014-06-17,140.81724548339844,150.0749969482422,151.0,146.27499389648438,148.72500610351562,1017968
2014-06-18,142.6938934326172,152.0749969482422,154.5,150.0,150.9499969482422,1153930
2014-06-19,145.01622009277344,154.5500030517578,155.75,152.25,152.25,1073864
2014-06-20,145.08657836914062,154.625,155.25,152.125,154.5500030517578,505966
2014-06-23,147.33856201171875,157.02499389648438,157.47500610351562,153.5,155.0,485354
2014-06-24,147.76077270507812,157.47500610351562,158.8249969482422,156.52499389648438,156.52499389648438,495290
2014-06-25,150.5053253173828,160.39999389648438,161.0,157.5,157.5,586944
2014-06-26,151.42019653320312,161.375,162.47500610351562,159.27499389648438,160.75,555584
2014-06-27,150.5053253173828,160.39999389648438,163.3249969482422,158.25,162.22500610351562,265868
2014-06-30,152.85110473632812,162.89999389648438,163.6999969482422,160.5,160.5,295970
2014-07-01,152.2412567138672,162.25,164.47500610351562,160.125,164.47500610351562,182424
2014-07-02,152.85110473632812,162.89999389648438,164.39999389648438,161.5,162.5,225370
2014-07-03,154.77467346191406,164.9499969482422,167.10000610351562,162.8249969482422,164.39999389648438,431914
2014-07-04,156.08831787109375,166.35000610351562,167.3249969482422,165.0,165.6999969482422,323716
2014-07-07,155.17344665527344,165.375,168.25,163.8000030517578,167.0,316952
2014-07-08,154.1412811279297,164.27499389648438,167.0,162.52499389648438,165.875,303310
2014-07-09,156.7216796875,167.02499389648438,169.125,162.6999969482422,164.8249969482422,545340
2014-07-10,154.51663208007812,164.6750030517578,167.85000610351562,164.0,167.0,239606
2014-07-11,154.37588500976562,164.52499389648438,167.5500030517578,163.5,164.5,178810
2014-07-14,154.9388885498047,165.125,165.75,163.75,165.75,220820
2014-07-15,155.47842407226562,165.6999969482422,166.0,165.0,165.0,97944
2014-07-16,160.47491455078125,171.02499389648438,173.5,165.25,166.0,608276
2014-07-17,163.97012329101562,174.75,175.89999389648438,172.8000030517578,172.85000610351562,525222
2014-07-18,163.94667053222656,174.72500610351562,177.4499969482422,174.0,174.0,273728
2014-07-21,164.1812744140625,174.97500610351562,176.8000030517578,173.5500030517578,175.22500610351562,429898
2014-07-22,166.03445434570312,176.9499969482422,178.89999389648438,175.0,175.0,277262
2014-07-23,165.40103149414062,176.27499389648438,178.8249969482422,171.8000030517578,176.5500030517578,148796
2014-07-24,168.2394561767578,179.3000030517578,181.4499969482422,175.75,176.0,349314
2014-07-25,173.4705352783203,184.875,185.875,180.0,180.75,429014
2014-07-28,170.86671447753906,182.10000610351562,184.85000610351562,180.02499389648438,183.0500030517578,123468
2014-07-30,168.82591247558594,179.9250030517578,183.22500610351562,178.5,182.5,133662
2014-07-31,174.66690063476562,186.14999389648438,187.5,179.375,180.0,369844
2014-08-01,171.28897094726562,182.5500030517578,193.6999969482422,182.0,187.5,1058620
2014-08-04,175.25335693359375,186.77499389648438,190.0,182.8249969482422,184.22500610351562,947656
2014-08-05,172.22731018066406,183.5500030517578,187.47500610351562,182.125,186.97500610351562,213594
2014-08-06,172.8606414794922,184.22500610351562,186.47500610351562,182.0,186.47500610351562,233538
2014-08-07,168.26290893554688,179.3249969482422,184.875,178.35000610351562,184.0,247154
2014-08-08,172.11001586914062,183.4250030517578,184.5500030517578,176.25,177.5,229156
2014-08-11,173.56439208984375,184.97500610351562,186.0,183.5,184.35000610351562,125260
2014-08-12,173.35328674316406,184.75,187.5,182.625,184.27499389648438,102772
2014-08-13,173.79893493652344,185.22500610351562,185.60000610351562,182.89999389648438,183.0,199150
2014-08-14,173.37672424316406,184.77499389648438,186.35000610351562,184.0500030517578,185.22500610351562,71092
2014-08-18,173.4940185546875,184.89999389648438,186.35000610351562,183.0,184.39999389648438,236556
2014-08-19,172.8606414794922,184.22500610351562,185.5,183.5,183.77499389648438,272542
2014-08-20,172.0630645751953,183.375,186.9250030517578,183.0500030517578,184.0500030517578,282226
2014-08-21,176.00401306152344,187.5749969482422,191.4499969482422,183.39999389648438,183.39999389648438,425020
2014-08-22,181.07089233398438,192.97500610351562,195.9499969482422,189.0500030517578,190.4499969482422,1023330
2014-08-25,185.3871307373047,197.5749969482422,199.39999389648438,194.0500030517578,194.0500030517578,707052
2014-08-26,193.66769409179688,206.39999389648438,211.5,197.5,197.5,1520428
2014-08-27,192.07260131835938,204.6999969482422,207.72500610351562,203.8249969482422,207.3249969482422,225792
2014-08-28,192.58865356445312,205.25,206.0,203.4499969482422,205.5,279812
2014-09-01,192.00222778320312,204.625,207.27499389648438,203.75,206.0,117554
2014-09-02,188.5304718017578,200.9250030517578,205.52499389648438,200.0500030517578,203.27499389648438,234242
2014-09-03,186.7241973876953,199.0,202.5,198.47500610351562,200.5,288894
2014-09-04,184.77720642089844,196.9250030517578,200.0,196.14999389648438,199.125,250344
2014-09-05,184.073486328125,196.1750030517578,197.75,195.25,196.9250030517578,312034
2014-09-08,183.0648193359375,195.10000610351562,198.89999389648438,194.14999389648438,197.5,397260
2014-09-09,186.6079864501953,197.5,199.35000610351562,193.5,196.6999969482422,1028350
2014-09-10,185.78123474121094,196.625,200.25,195.25,198.0,511766
2014-09-11,185.89935302734375,196.75,198.89999389648438,195.75,198.0,261102
2014-09-12,189.30079650878906,200.35000610351562,202.5,198.14999389648438,199.89999389648438,1215686
2014-09-15,188.14337158203125,199.125,202.39999389648438,197.5,200.4250030517578,366368
2014-09-16,182.9939422607422,193.6750030517578,201.25,191.5,200.0,423468
2014-09-17,182.35614013671875,193.0,197.5,190.77499389648438,194.0500030517578,400830
2014-09-18,188.35598754882812,199.35000610351562,201.0,191.75,191.75,320908
2014-09-19,186.46627807617188,197.35000610351562,200.60000610351562,196.5500030517578,197.6750030517578,181576
2014-09-22,186.41900634765625,197.3000030517578,199.27499389648438,196.0500030517578,198.0,165254
2014-09-23,186.93865966796875,197.85000610351562,203.1999969482422,197.25,201.1999969482422,1083086
2014-09-24,187.29296875,198.22500610351562,198.97500610351562,195.0,198.0,366180
2014-09-25,186.30088806152344,197.1750030517578,199.8249969482422,196.0,198.27499389648438,190678
2014-09-26,188.3795928955078,199.375,201.0,194.5,197.0,245380
2014-09-29,189.39529418945312,200.4499969482422,201.4499969482422,198.5,201.4499969482422,447118
2014-09-30,187.60006713867188,198.5500030517578,201.0500030517578,197.5,200.5,436816
2014-10-01,187.24578857421875,198.1750030517578,200.0,197.6999969482422,198.6750030517578,101360
2014-10-07,186.77333068847656,197.6750030517578,201.0,195.125,198.27499389648438,426360
2014-10-08,184.81277465820312,195.60000610351562,198.0749969482422,193.8000030517578,196.35000610351562,194512
2014-10-09,184.8363800048828,195.625,197.9499969482422,194.3249969482422,196.02499389648438,343706
2014-10-10,183.34825134277344,194.0500030517578,196.0,193.4250030517578,195.625,694676
2014-10-13,182.16720581054688,192.8000030517578,195.0,192.125,194.5,130098
2014-10-14,181.83648681640625,192.4499969482422,194.5,192.0,192.52499389648438,213248
2014-10-15,181.83648681640625,192.4499969482422,192.4499969482422,192.4499969482422,192.4499969482422,0
2014-10-16,180.37197875976562,190.89999389648438,197.9250030517578,188.75,192.0,754352
2014-10-17,183.6553192138672,194.375,195.5749969482422,190.0,191.5,142606
2014-10-20,184.1513671875,194.89999389648438,197.39999389648438,193.5,196.0,115418
2014-10-21,188.73390197753906,199.75,201.5,195.5,195.5,387602
2014-10-22,193.29283142089844,204.5749969482422,206.75,201.8000030517578,203.0,615782
2014-10-27,194.75732421875,206.125,211.0,205.5,209.85000610351562,214730
2014-10-28,192.60780334472656,203.85000610351562,208.0,203.25,207.0,165894
2014-10-29,195.22975158691406,206.625,209.77499389648438,203.5,204.5,420792
2014-10-30,195.60769653320312,207.02499389648438,208.0,204.5,207.25,210202
2014-10-31,195.67855834960938,207.10000610351562,208.35000610351562,206.0749969482422,207.85000610351562,146172
2014-11-03,194.19041442871094,205.52499389648438,209.97500610351562,202.1999969482422,209.97500610351562,418744
2014-11-05,189.37168884277344,200.4250030517578,208.0,199.5500030517578,204.4499969482422,690702
2014-11-07,188.89926147460938,199.9250030517578,201.5,197.9250030517578,201.5,586034
2014-11-10,191.7338104248047,202.9250030517578,203.9499969482422,200.14999389648438,201.0,784706
2014-11-11,192.7022705078125,203.9499969482422,204.64999389648438,203.0500030517578,204.5,370188
2014-11-12,192.4188232421875,203.64999389648438,204.9499969482422,202.0749969482422,204.9499969482422,277094
2014-11-13,189.7732391357422,200.85000610351562,203.5,199.5,202.6999969482422,316630
2014-11-14,195.84388732910156,207.27499389648438,207.97500610351562,199.60000610351562,200.52499389648438,1313488
2014-11-17,204.4893035888672,216.4250030517578,217.0,208.0500030517578,208.0500030517578,1587124
2014-11-18,203.14288330078125,215.0,220.97500610351562,213.5500030517578,218.3249969482422,2344054
2014-11-19,199.812255859375,211.47500610351562,218.0,210.75,216.0749969482422,1550750
2014-11-20,199.9539794921875,211.625,212.875,210.02499389648438,212.875,392182
2014-11-21,208.24505615234375,220.39999389648438,222.0,212.10000610351562,213.5,4116282
2014-11-24,213.13465881347656,225.5749969482422,226.5500030517578,221.52499389648438,222.89999389648438,1253960
2014-11-25,207.65452575683594,219.77499389648438,226.8249969482422,216.25,226.5,521306
2014-11-26,207.70176696777344,219.8249969482422,222.5,216.625,220.89999389648438,748998
2014-11-27,204.37118530273438,216.3000030517578,222.60000610351562,215.5,221.6750030517578,331926
2014-11-28,217.45736694335938,230.14999389648438,231.1750030517578,216.5,216.9499969482422,1547080
2014-12-01,224.73269653320312,237.85000610351562,252.9499969482422,230.0500030517578,232.39999389648438,3390740
2014-12-02,227.1657257080078,240.4250030517578,243.0,232.47500610351562,239.6999969482422,752718
2014-12-03,230.567138671875,244.02499389648438,245.4499969482422,239.02499389648438,241.5,642720
2014-12-04,226.173583984375,239.375,245.0,237.25,244.89999389648438,730872
2014-12-05,226.48068237304688,239.6999969482422,245.0,237.5,241.4250030517578,743216
2014-12-08,228.559326171875,241.89999389648438,249.0,238.0749969482422,240.0,1117892
2014-12-09,228.98455810546875,242.35000610351562,248.47500610351562,241.5,242.3249969482422,495082
2014-12-10,233.51980590820312,247.14999389648438,249.75,242.4499969482422,243.5,634968
2014-12-11,229.38609313964844,242.77499389648438,248.9499969482422,241.14999389648438,246.75,399806
2014-12-12,226.38616943359375,239.60000610351562,246.5,238.77499389648438,243.0500030517578,279230
2014-12-15,221.30763244628906,234.22500610351562,240.47500610351562,231.0,237.5,399024
2014-12-16,220.81158447265625,233.6999969482422,237.0,230.0,233.35000610351562,283122
2014-12-17,215.99285888671875,228.60000610351562,235.5,204.89999389648438,232.5500030517578,377524
2014-12-18,221.40211486816406,234.3249969482422,239.9499969482422,230.0,230.0,726604
2014-12-19,233.89776611328125,247.5500030517578,251.1999969482422,234.60000610351562,237.0,1083208
2014-12-22,240.606201171875,254.64999389648438,257.5,248.0,249.6750030517578,995776
2014-12-23,238.8345947265625,252.77499389648438,257.1499938964844,251.0749969482422,256.8999938964844,370406
2014-12-24,236.21263122558594,250.0,254.39999389648438,246.85000610351562,254.39999389648438,154488
2014-12-26,241.3856964111328,255.47500610351562,257.70001220703125,247.52499389648438,250.9499969482422,509694
2014-12-29,246.08631896972656,260.45001220703125,263.67498779296875,256.5,257.4750061035156,729302
2014-12-30,251.35386657714844,266.0249938964844,267.79998779296875,257.1499938964844,261.1499938964844,685728
2014-12-31,256.5505065917969,271.5249938964844,274.1000061035156,263.25,265.875,1487942
2015-01-01,259.4795837402344,274.625,277.3500061035156,267.4750061035156,271.95001220703125,345212
2015-01-02,264.5109558105469,279.95001220703125,284.8500061035156,279.0,279.0,935902
2015-01-05,260.6843566894531,275.8999938964844,282.79998779296875,275.0,281.25,377842
2015-01-06,248.7791290283203,263.29998779296875,276.0,262.5,275.95001220703125,819348
2015-01-07,245.6375274658203,259.9750061035156,266.8500061035156,259.5,264.04998779296875,1221380
2015-01-08,245.5666961669922,259.8999938964844,263.95001220703125,259.57501220703125,262.5,952086
2015-01-09,246.72402954101562,261.125,264.3500061035156,259.0249938964844,264.3500061035156,2101544
2015-01-12,248.3539581298828,262.8500061035156,267.0,260.5249938964844,261.45001220703125,617090
2015-01-13,254.42465209960938,269.2749938964844,272.0,262.5,262.57501220703125,1113122
2015-01-14,268.00689697265625,283.6499938964844,288.4750061035156,272.5,272.9750061035156,3088486
2015-01-15,276.8883972167969,293.04998779296875,297.4750061035156,278.0,286.4750061035156,1279266
2015-01-16,272.0460510253906,287.92498779296875,303.5,286.32501220703125,293.32501220703125,2027708
2015-01-19,272.8964538574219,288.82501220703125,295.0,287.54998779296875,290.42498779296875,684778
2015-01-20,273.3924560546875,289.3500061035156,292.5,286.54998779296875,289.92498779296875,650212
2015-01-21,276.6758728027344,292.82501220703125,295.1000061035156,288.9750061035156,290.7250061035156,1108404
2015-01-22,273.48699951171875,289.45001220703125,294.20001220703125,287.5,292.75,508870
2015-01-23,269.1878967285156,284.8999938964844,292.8999938964844,283.25,290.5,944376
2015-01-27,271.9515686035156,287.82501220703125,291.0,284.0,286.0,1030366
2015-01-28,271.6917419433594,287.54998779296875,291.7250061035156,285.04998779296875,290.3999938964844,1080540
2015-01-29,272.0697326660156,287.95001220703125,292.25,286.5,289.5,528730
2015-01-30,269.61309814453125,285.3500061035156,291.75,283.25,289.5,698892
2015-02-02,257.44818115234375,272.4750061035156,285.3500061035156,270.07501220703125,283.75,630038
2015-02-03,255.51121520996094,270.42498779296875,273.4750061035156,268.0,272.4750061035156,698158
2015-02-04,254.3773651123047,269.2250061035156,276.875,267.0,272.5,417452
2015-02-05,253.4798126220703,268.2749938964844,277.25,264.0,270.5,345576
2015-02-06,252.41683959960938,267.1499938964844,272.25,265.3500061035156,266.8999938964844,448070
2015-02-09,256.4324035644531,271.3999938964844,272.375,264.5,267.5,275278
2015-02-10,260.5189208984375,275.7250061035156,278.0,269.0249938964844,271.3999938964844,860198
2015-02-11,268.59735107421875,284.2749938964844,287.75,277.4750061035156,277.4750061035156,682212
2015-02-12,273.1090087890625,289.04998779296875,292.75,285.0,287.0249938964844,643884
2015-02-13,271.0776062011719,286.8999938964844,290.375,285.0,289.9750061035156,305526
2015-02-16,273.5342712402344,289.5,293.92498779296875,287.57501220703125,293.92498779296875,283496
2015-02-18,274.1719665527344,290.17498779296875,295.92498779296875,287.04998779296875,288.0,491364
2015-02-19,274.8333740234375,290.875,294.8500061035156,288.57501220703125,291.4750061035156,196234
2015-02-20,269.1406555175781,284.8500061035156,291.25,284.0,290.25,243300
2015-02-23,267.6525573730469,283.2749938964844,287.5,280.2749938964844,286.8500061035156,221192
2015-02-24,266.093505859375,281.625,284.5,278.375,281.07501220703125,499184
2015-02-25,261.0149841308594,276.25,285.0,275.5,282.5,280388
2015-02-26,255.72373962402344,270.6499938964844,277.9750061035156,268.5249938964844,276.7749938964844,228776
2015-02-27,262.1724548339844,277.4750061035156,278.4750061035156,271.0,271.0,210270
2015-03-02,275.1640930175781,291.2250061035156,292.3500061035156,282.0,282.0,744292
2015-03-03,283.2425537109375,299.7749938964844,300.8500061035156,289.5,291.9750061035156,856418
2015-03-04,279.3214111328125,295.625,307.0,292.95001220703125,307.0,914734
2015-03-05,285.5101623535156,302.17498779296875,313.3999938964844,298.42498779296875,298.42498779296875,2362086
2015-03-09,277.69158935546875,293.8999938964844,304.17498779296875,292.04998779296875,302.4750061035156,440838
2015-03-10,272.140625,288.0249938964844,296.20001220703125,285.54998779296875,295.0,667518
2015-03-11,273.6287536621094,289.6000061035156,292.5,287.5,288.5,335078
2015-03-12,273.557861328125,289.5249938964844,293.75,288.0,291.0,330962
2015-03-13,282.9355163574219,299.45001220703125,304.125,288.5,290.5,1835528
2015-03-16,291.43914794921875,308.45001220703125,309.9750061035156,293.54998779296875,305.0,1287908
2015-03-17,293.9902648925781,311.1499938964844,314.0,306.0,310.0,2192690
2015-03-18,295.9035339355469,313.17498779296875,315.7250061035156,300.5,313.4750061035156,1019226
2015-03-19,296.44683837890625,313.75,318.0,310.5249938964844,315.5,1256858
2015-03-20,293.5178527832031,310.6499938964844,319.0,303.42498779296875,317.5,6650374
2015-03-23,288.25030517578125,305.07501220703125,312.3999938964844,302.5,310.75,671764
2015-03-24,285.4866027832031,302.1499938964844,307.4750061035156,300.57501220703125,304.5,542130
2015-03-25,283.5732421875,300.125,304.8500061035156,299.0,302.25,479770
2015-03-26,282.7465515136719,299.25,304.3500061035156,291.0,299.79998779296875,726924
2015-03-27,283.1244812011719,299.6499938964844,300.70001220703125,294.375,298.70001220703125,644000
2015-03-30,281.1639404296875,297.57501220703125,304.95001220703125,295.45001220703125,304.95001220703125,605028
2015-03-31,283.3843078613281,299.92498779296875,303.5,297.5,302.45001220703125,621234
2015-04-01,284.6361999511719,301.25,305.8500061035156,297.82501220703125,300.0,370378
2015-04-06,278.6128234863281,294.875,301.9750061035156,293.4750061035156,300.2749938964844,524474
2015-04-07,275.47119140625,291.54998779296875,296.5,290.04998779296875,296.45001220703125,418412
2015-04-08,271.6209411621094,287.4750061035156,293.82501220703125,285.54998779296875,292.5,955930
2015-04-09,281.14031982421875,297.54998779296875,300.5,286.1499938964844,289.3999938964844,1726116
2015-04-10,281.2347412109375,297.6499938964844,300.95001220703125,296.04998779296875,299.375,514656
2015-04-13,279.4631652832031,295.7749938964844,299.17498779296875,293.0249938964844,297.9750061035156,867554
2015-04-15,278.7073059082031,294.9750061035156,297.0,292.25,297.0,1759846
2015-04-16,281.18756103515625,297.6000061035156,298.8999938964844,294.04998779296875,295.0,1354444
2015-04-17,279.72296142578125,296.04998779296875,299.5,291.375,297.5,435726
2015-04-20,276.91217041015625,293.07501220703125,297.5,291.5,297.5,205852
2015-04-21,272.8492431640625,288.7749938964844,294.0,283.0,294.0,537742
2015-04-22,272.94366455078125,288.875,292.42498779296875,283.1499938964844,287.0249938964844,540428
2015-04-23,270.13275146484375,285.8999938964844,290.2749938964844,284.04998779296875,289.7250061035156,683226
2015-04-24,264.5581359863281,280.0,285.95001220703125,278.5,285.92498779296875,930730
2015-04-27,256.9993591308594,272.0,280.0,268.5,280.0,752466
2015-04-28,264.67626953125,280.125,281.5,272.0249938964844,273.45001220703125,853864
2015-04-29,261.9361877441406,277.2250061035156,280.9750061035156,271.5,280.9750061035156,565600
2015-04-30,267.8887023925781,283.5249938964844,285.25,273.25,278.5,455550
2015-05-04,273.2272033691406,289.17498779296875,290.5,282.5249938964844,285.0,189488
2015-05-05,275.6128845214844,291.70001220703125,296.5,285.54998779296875,287.5249938964844,462576
2015-05-06,269.8257141113281,285.57501220703125,292.4750061035156,279.9750061035156,292.0,912666
2015-05-07,267.085693359375,282.67498779296875,289.9750061035156,280.04998779296875,286.75,1099870
2015-05-08,270.4398193359375,286.2250061035156,287.54998779296875,281.5,284.0,1054250
2015-05-11,276.2979431152344,292.42498779296875,293.6499938964844,286.2250061035156,286.54998779296875,268018
2015-05-12,278.42376708984375,294.67498779296875,298.0,287.5,292.5,948132
2015-05-13,276.15625,292.2749938964844,299.45001220703125,290.54998779296875,296.0,284916
2015-05-14,280.9985046386719,297.3999938964844,298.70001220703125,286.04998779296875,293.0,431370
2015-05-15,281.40008544921875,297.82501220703125,301.0,295.04998779296875,298.5,207284
2015-05-18,283.10089111328125,299.625,305.0,296.0,297.29998779296875,470650
2015-05-19,282.156005859375,298.625,305.9750061035156,296.1499938964844,301.5,619996
2015-05-20,267.6525573730469,283.2749938964844,297.375,280.5,289.625,1879960
2015-05-21,259.92840576171875,275.1000061035156,288.0,267.625,287.5,2758624
2015-05-22,260.07012939453125,275.25,279.0,272.25,277.0,806780
2015-05-25,260.3063049316406,275.5,277.7749938964844,273.20001220703125,275.7250061035156,260990
2015-05-26,259.2906494140625,274.42498779296875,277.25,273.5,273.75,673068
2015-05-27,259.9520263671875,275.125,277.2250061035156,272.6499938964844,273.20001220703125,529582
2015-05-28,260.5189208984375,275.7250061035156,282.29998779296875,275.0,275.4750061035156,411214
2015-05-29,260.8023681640625,276.0249938964844,282.20001220703125,275.0249938964844,277.95001220703125,922116
2015-06-01,261.7236022949219,277.0,282.2749938964844,274.6499938964844,276.25,770262
2015-06-02,258.3930358886719,273.4750061035156,279.29998779296875,272.57501220703125,277.25,874414
2015-06-03,256.00726318359375,270.95001220703125,273.92498779296875,267.5,273.6499938964844,769340
2015-06-04,254.80258178710938,269.67498779296875,273.25,265.04998779296875,271.2749938964844,525198
2015-06-05,256.0544738769531,271.0,275.0,267.54998779296875,269.5,241326
2015-06-08,253.4798126220703,268.2749938964844,273.45001220703125,265.75,271.32501220703125,176816
2015-06-09,253.5506134033203,268.3500061035156,270.79998779296875,260.7749938964844,266.9750061035156,335568
2015-06-10,259.810302734375,274.9750061035156,278.0,267.3999938964844,267.5,479304
2015-06-11,254.80258178710938,269.67498779296875,276.0,266.57501220703125,275.125,1160992
2015-06-12,254.07029724121094,268.8999938964844,270.95001220703125,267.6000061035156,269.6499938964844,525930
2015-06-15,252.88926696777344,267.6499938964844,273.1499938964844,265.67498779296875,265.67498779296875,186676
2015-06-16,248.4248046875,262.92498779296875,268.7749938964844,260.54998779296875,267.6499938964844,687774
2015-06-17,251.87353515625,266.57501220703125,268.25,261.0,264.0,500372
2015-06-18,256.2671203613281,271.2250061035156,272.0,267.0,269.9750061035156,260870
2015-06-19,261.7945251464844,277.07501220703125,279.0,271.2749938964844,271.54998779296875,674712
2015-06-22,260.07012939453125,275.25,280.8999938964844,271.0,278.5,840524
2015-06-23,259.8575439453125,275.0249938964844,278.0,273.54998779296875,275.70001220703125,509306
2015-06-24,257.2119445800781,272.2250061035156,277.5,270.5,275.0,239152
2015-06-25,262.1015625,277.3999938964844,279.75,269.70001220703125,272.2250061035156,758328
2015-06-26,266.1643981933594,281.70001220703125,283.92498779296875,277.5,278.8999938964844,762544
2015-06-29,262.24322509765625,277.54998779296875,279.8500061035156,270.2749938964844,277.0,383670
2015-06-30,260.0228576660156,275.20001220703125,280.79998779296875,274.25,274.25,498720
2015-07-01,262.0543212890625,277.3500061035156,283.3999938964844,275.5,275.5,399638
2015-07-02,257.3064270019531,272.32501220703125,280.9750061035156,271.17498779296875,278.04998779296875,479688
2015-07-03,257.6370849609375,272.67498779296875,275.54998779296875,271.3999938964844,273.95001220703125,257488
2015-07-06,255.3458709716797,270.25,273.875,267.67498779296875,270.54998779296875,603436
2015-07-07,267.3691711425781,282.9750061035156,287.25,272.5,272.5,1698542
2015-07-08,265.904541015625,281.42498779296875,289.0,277.29998779296875,283.3500061035156,1022954
2015-07-09,258.13323974609375,273.20001220703125,281.70001220703125,272.5,281.42498779296875,674036
2015-07-10,257.7080383300781,272.75,276.875,271.25,275.0249938964844,360280
2015-07-13,260.42449951171875,275.625,278.07501220703125,271.9750061035156,273.9750061035156,412138
2015-07-14,259.55047607421875,274.70001220703125,277.5,273.5,277.5,553312
2015-07-15,260.28271484375,275.4750061035156,277.0,274.1000061035156,275.95001220703125,346112
2015-07-16,264.8415832519531,280.29998779296875,282.45001220703125,275.17498779296875,275.92498779296875,987506
2015-07-17,264.7471618652344,280.20001220703125,284.2250061035156,277.5,282.5,490124
2015-07-20,264.9596862792969,280.42498779296875,282.0,277.5,282.0,348874
2015-07-21,257.56622314453125,272.6000061035156,280.5,271.6000061035156,280.5,369002
2015-07-22,259.07806396484375,274.20001220703125,275.20001220703125,270.5,272.5,276490
2015-07-23,259.10162353515625,274.2250061035156,277.54998779296875,272.75,273.95001220703125,334000
2015-07-24,257.44818115234375,272.4750061035156,274.625,271.0,274.0,340350
2015-07-27,254.471923828125,269.32501220703125,273.20001220703125,265.5,273.0,344784
2015-07-28,256.1726379394531,271.125,274.375,269.1000061035156,270.75,704722
2015-07-29,264.20379638671875,279.625,282.67498779296875,275.20001220703125,282.4750061035156,1653738
2015-07-30,263.9439392089844,279.3500061035156,283.375,277.17498779296875,279.9750061035156,778982
2015-07-31,263.6841735839844,279.07501220703125,283.0,278.25,281.95001220703125,540088
2015-08-03,261.5346374511719,276.79998779296875,281.8999938964844,275.67498779296875,279.7250061035156,570176
2015-08-04,279.5576171875,295.875,298.25,275.5249938964844,277.0,2337916
2015-08-05,283.0772705078125,299.6000061035156,303.8999938964844,296.5,298.25,1846164
2015-08-06,280.9277648925781,297.32501220703125,302.3999938964844,293.0249938964844,300.4750061035156,507120
2015-08-07,280.1009216308594,296.45001220703125,305.3999938964844,295.25,297.4750061035156,1220214
2015-08-10,282.6284484863281,299.125,302.2749938964844,297.0,297.45001220703125,1086122
2015-08-11,278.0695495605469,294.29998779296875,300.5,290.1499938964844,299.5,732966
2015-08-12,271.3138122558594,287.1499938964844,294.95001220703125,285.0,294.0,549592
2015-08-13,269.6367492675781,285.375,292.20001220703125,282.75,288.95001220703125,831502
2015-08-14,274.3138732910156,288.8500061035156,293.5,285.625,285.95001220703125,750188
2015-08-17,276.5218811035156,291.17498779296875,297.3500061035156,285.5,290.0,928826
2015-08-18,275.71466064453125,290.32501220703125,293.3999938964844,288.54998779296875,292.92498779296875,846040
2015-08-19,272.43829345703125,286.875,291.5,285.04998779296875,290.5,475494
2015-08-20,269.5417785644531,283.82501220703125,290.0249938964844,282.70001220703125,288.45001220703125,617760
2015-08-21,268.4734191894531,282.70001220703125,283.5,275.3500061035156,282.5,590340
2015-08-24,260.5436096191406,274.3500061035156,279.8999938964844,268.17498779296875,270.29998779296875,1479270
2015-08-25,256.81610107421875,270.42498779296875,278.8999938964844,253.64999389648438,275.5,1206920
2015-08-26,261.18463134765625,275.0249938964844,279.5,264.04998779296875,265.0,594336
2015-08-27,269.8741760253906,284.17498779296875,285.5,276.20001220703125,278.5,620492
2015-08-28,269.4942626953125,283.7749938964844,290.0,281.0,285.25,508304
2015-08-31,271.0612487792969,285.42498779296875,286.7250061035156,281.0,283.0,413278
2015-09-01,262.7990417480469,276.7250061035156,285.32501220703125,274.0,283.9750061035156,808954
2015-09-02,265.2919616699219,279.3500061035156,281.0,273.3500061035156,277.5,421870
2015-09-03,263.392578125,277.3500061035156,283.07501220703125,275.79998779296875,280.1000061035156,403942
2015-09-04,265.6243896484375,279.70001220703125,281.5,271.0249938964844,277.5,517406
2015-09-07,263.4400939941406,277.3999938964844,280.3999938964844,273.5,279.9750061035156,378032
2015-09-08,261.4932556152344,275.3500061035156,279.6000061035156,271.0,277.75,552442
2015-09-09,263.7487487792969,277.7250061035156,279.8999938964844,276.07501220703125,277.04998779296875,286284
2015-09-10,268.9244079589844,283.17498779296875,285.5,273.29998779296875,275.0,410718
2015-09-11,269.2568359375,283.5249938964844,287.07501220703125,281.75,285.07501220703125,302878
2015-09-14,271.0374755859375,285.3999938964844,286.25,281.5,283.5,296560
2015-09-15,270.111572265625,284.42498779296875,288.4750061035156,281.5249938964844,287.5,263992
2015-09-16,266.33660888671875,280.45001220703125,285.0,279.3999938964844,284.57501220703125,264942
2015-09-18,265.50567626953125,279.57501220703125,284.45001220703125,278.5,281.67498779296875,251078
2015-09-21,266.66900634765625,280.79998779296875,281.9750061035156,277.5,280.04998779296875,198204
2015-09-22,262.3716735839844,276.2749938964844,283.8500061035156,273.5,282.0,264134
2015-09-23,263.3451232910156,277.29998779296875,281.5,274.2250061035156,275.0,490006
2015-09-24,263.4400939941406,277.3999938964844,281.3500061035156,275.1499938964844,276.54998779296875,536136
2015-09-28,263.01275634765625,276.95001220703125,280.75,276.5,277.07501220703125,240980
2015-09-29,264.15234375,278.1499938964844,280.25,273.25,273.25,351984
2015-09-30,269.63671875,283.92498779296875,285.5,278.20001220703125,278.7250061035156,374856
2015-10-01,275.4059753417969,290.0,291.6000061035156,283.5,284.625,670136
2015-10-05,274.93115234375,289.5,292.75,287.5,292.45001220703125,582834
2015-10-06,275.2398376464844,289.82501220703125,290.67498779296875,286.2749938964844,289.8500061035156,723084
2015-10-07,271.8447570800781,286.25,291.70001220703125,285.375,290.5,459268
2015-10-08,272.9843444824219,287.45001220703125,289.25,281.5,287.6000061035156,555068
2015-10-09,274.8598937988281,289.42498779296875,291.7749938964844,285.25,288.0,780312
2015-10-12,272.48577880859375,286.92498779296875,291.1000061035156,286.5,289.7749938964844,199600
2015-10-13,273.3642272949219,287.8500061035156,289.29998779296875,285.25,286.8999938964844,292984
2015-10-14,274.38507080078125,288.92498779296875,290.95001220703125,286.75,287.5,211964
2015-10-15,275.2635803222656,289.8500061035156,294.95001220703125,288.5249938964844,289.9750061035156,857006
2015-10-16,275.0736389160156,289.6499938964844,291.2250061035156,289.29998779296875,291.20001220703125,407140
2015-10-19,274.81243896484375,289.375,293.2749938964844,288.0,289.5,281766
2015-10-20,274.5750732421875,289.125,291.82501220703125,287.75,289.75,347694
2015-10-21,272.41448974609375,286.8500061035156,290.9750061035156,286.25,289.0,165920
2015-10-23,271.0850524902344,285.45001220703125,289.0,284.3999938964844,287.70001220703125,222394
2015-10-26,271.9634704589844,286.375,288.0,284.5249938964844,285.5,269736
2015-10-27,270.72882080078125,285.07501220703125,288.8999938964844,283.0249938964844,285.6499938964844,402068
2015-10-28,267.9035949707031,282.1000061035156,287.45001220703125,279.0,285.67498779296875,503174
2015-10-29,270.3965148925781,284.7250061035156,288.8999938964844,283.1000061035156,287.5,843304
2015-10-30,266.66900634765625,280.79998779296875,286.95001220703125,277.5,286.95001220703125,346936
2015-11-02,272.3670654296875,286.79998779296875,288.3999938964844,277.82501220703125,282.67498779296875,688548
2015-11-03,270.491455078125,284.82501220703125,289.95001220703125,284.0,289.0,477434
2015-11-04,266.8351745605469,280.9750061035156,287.125,279.625,286.0,311398
2015-11-05,259.8313293457031,273.6000061035156,280.17498779296875,272.54998779296875,279.75,386222
2015-11-06,256.5074768066406,270.1000061035156,275.42498779296875,268.20001220703125,274.0,489842
2015-11-09,259.5227355957031,273.2749938964844,274.5,265.0,267.5,388940
2015-11-10,252.09144592285156,265.45001220703125,274.5,264.9750061035156,273.7250061035156,423448
2015-11-13,252.04400634765625,265.3999938964844,268.42498779296875,261.5249938964844,268.42498779296875,360988
2015-11-16,253.04116821289062,266.45001220703125,270.9750061035156,265.32501220703125,266.75,272824
2015-11-17,254.67933654785156,268.17498779296875,269.125,264.67498779296875,268.95001220703125,242202
2015-11-18,253.5397491455078,266.9750061035156,270.67498779296875,265.54998779296875,268.5,212892
2015-11-19,255.15420532226562,268.67498779296875,270.0,266.6000061035156,268.0,306158
2015-11-20,262.039306640625,275.92498779296875,277.0,268.0,269.0,1134448
2015-11-23,258.3830871582031,272.07501220703125,278.70001220703125,270.25,278.0,695280
2015-11-24,257.78948974609375,271.45001220703125,272.82501220703125,269.375,271.1000061035156,306460
2015-11-26,255.36788940429688,268.8999938964844,272.5,267.57501220703125,272.5,1561410
2015-11-27,261.0422058105469,274.875,276.125,268.04998779296875,271.5,1151912
2015-11-30,264.9595947265625,279.0,281.04998779296875,272.17498779296875,274.9750061035156,501172
2015-12-01,262.87030029296875,276.79998779296875,282.42498779296875,275.82501220703125,282.0,532132
2015-12-02,261.9681396484375,275.8500061035156,277.5,274.0,276.95001220703125,334676
2015-12-03,261.8730773925781,275.75,279.2749938964844,274.7749938964844,275.8500061035156,532446
2015-12-04,262.609130859375,276.5249938964844,278.20001220703125,274.1000061035156,274.8500061035156,203004
2015-12-07,264.128662109375,278.125,279.625,275.1499938964844,277.5,463770
2015-12-08,259.5701904296875,273.32501220703125,278.0,272.0,277.7749938964844,321522
2015-12-09,254.2994384765625,267.7749938964844,276.3999938964844,264.9750061035156,270.0,1173692
2015-12-10,254.08580017089844,267.54998779296875,270.5,265.57501220703125,268.45001220703125,796872
2015-12-11,250.4295654296875,263.70001220703125,268.25,263.04998779296875,267.5,1143446
2015-12-14,252.3763427734375,265.75,267.4750061035156,260.1499938964844,262.04998779296875,1001160
2015-12-15,255.51026916503906,269.04998779296875,269.75,264.25,268.0,866244
2015-12-16,258.8341369628906,272.54998779296875,275.7250061035156,268.8500061035156,269.04998779296875,694702
2015-12-17,258.2168884277344,271.8999938964844,274.5,270.25,273.5,1208196
2015-12-18,256.436279296875,270.0249938964844,275.0,269.25,272.04998779296875,486730
2015-12-21,257.36212158203125,271.0,272.0,268.0,270.04998779296875,785074
2015-12-22,257.1960144042969,270.82501220703125,272.4750061035156,270.0,271.0,143768
2015-12-23,260.8522033691406,274.67498779296875,276.7250061035156,271.04998779296875,272.0,1157250
2015-12-24,262.77532958984375,276.70001220703125,278.5,274.7250061035156,275.54998779296875,391736
2015-12-28,263.392578125,277.3500061035156,281.1499938964844,276.6000061035156,277.0,514586
2015-12-29,260.87603759765625,274.70001220703125,277.29998779296875,274.0,277.0,1569188
2015-12-30,261.3507995605469,275.20001220703125,275.9750061035156,272.5249938964844,275.0,1460364
2015-12-31,262.32421875,276.2250061035156,280.3500061035156,275.1000061035156,276.0,455252
2016-01-01,263.7725524902344,277.75,279.9750061035156,276.125,276.45001220703125,209484
2016-01-04,264.7696228027344,278.79998779296875,282.0,275.1000061035156,277.7250061035156,1470636
2016-01-05,269.51800537109375,283.79998779296875,285.5,277.125,279.6499938964844,710696
2016-01-06,267.28631591796875,281.45001220703125,285.3999938964844,280.75,284.25,813686
2016-01-07,264.34228515625,278.3500061035156,281.20001220703125,277.0,281.0,587942
2016-01-08,264.55596923828125,278.57501220703125,282.0,277.32501220703125,281.0,378104
2016-01-11,262.039306640625,275.92498779296875,280.9750061035156,274.75,278.45001220703125,288250
2016-01-12,259.2852783203125,273.0249938964844,278.42498779296875,270.7749938964844,275.625,1941432
2016-01-13,260.8997497558594,274.7250061035156,275.95001220703125,268.32501220703125,274.5,531670
2016-01-14,264.4609680175781,278.4750061035156,279.5,270.7250061035156,274.45001220703125,2332898
2016-01-15,263.9861755371094,277.9750061035156,280.95001220703125,276.5,279.0,1148430
2016-01-18,256.15130615234375,269.7250061035156,277.375,267.5249938964844,276.0,1079134
2016-01-19,256.2937927246094,269.875,272.07501220703125,265.79998779296875,271.95001220703125,709744
2016-01-20,253.91957092285156,267.375,268.9750061035156,264.25,267.54998779296875,1306836
2016-01-21,251.78285217285156,265.125,271.6000061035156,264.625,270.0,967494
2016-01-22,256.5074768066406,270.1000061035156,272.5,267.0,268.0,634956
2016-01-25,258.3356018066406,272.0249938964844,274.0,269.20001220703125,274.0,494610
2016-01-27,267.594970703125,281.7749938964844,282.7250061035156,272.54998779296875,274.42498779296875,1552734
2016-01-28,264.3897705078125,278.3999938964844,287.95001220703125,277.04998779296875,284.5,767206
2016-01-29,268.8769836425781,283.125,285.8999938964844,278.0249938964844,280.95001220703125,411022
2016-02-01,270.5389404296875,284.875,290.0,283.42498779296875,290.0,783450
2016-02-02,270.77630615234375,285.125,292.92498779296875,284.07501220703125,284.95001220703125,1342874
2016-02-03,269.233154296875,283.5,287.3999938964844,279.0,284.70001220703125,401190
2016-02-04,276.5693359375,291.2250061035156,293.25,284.0,287.45001220703125,737542
2016-02-05,283.45458984375,298.4750061035156,299.0,292.5,292.75,898710
2016-02-08,285.3775634765625,300.5,306.5,298.3500061035156,299.3500061035156,1211138
2016-02-09,273.6965637207031,288.20001220703125,299.875,286.7749938964844,297.5,1065536
2016-02-10,279.323486328125,294.125,297.95001220703125,285.5,289.5,1344638
2016-02-11,275.4059753417969,290.0,297.0,287.3999938964844,294.95001220703125,1131352
2016-02-12,276.7118225097656,291.375,295.5,284.1000061035156,291.45001220703125,924082
2016-02-15,279.9407043457031,294.7749938964844,299.8999938964844,293.04998779296875,294.5,1114560
2016-02-16,275.1686096191406,289.75,297.5,288.17498779296875,292.75,795580
2016-02-17,285.1402282714844,300.25,301.5,290.32501220703125,293.5,1641832
2016-02-18,294.8980712890625,310.5249938964844,312.45001220703125,303.95001220703125,304.5,2176530
2016-02-19,297.3672790527344,313.125,315.5,309.1000061035156,309.9750061035156,1179474
2016-02-22,301.92572021484375,317.92498779296875,324.0,313.0,313.0,1740688
2016-02-23,290.6957702636719,306.1000061035156,319.2749938964844,304.5,318.5,1543660
2016-02-24,287.53814697265625,302.7749938964844,307.70001220703125,301.6000061035156,305.79998779296875,2414188
2016-02-25,284.99774169921875,300.1000061035156,304.5,294.5249938964844,304.5,1195298
2016-02-26,276.3556823730469,291.0,309.5,289.5,309.5,1092196
2016-02-29,278.5636901855469,293.32501220703125,296.375,290.04998779296875,293.0,794454
2016-03-01,277.7802429199219,292.5,297.3999938964844,291.5249938964844,296.25,997278
2016-03-02,284.9028015136719,300.0,304.0,293.54998779296875,294.75,2222396
2016-03-03,286.6122131347656,301.79998779296875,305.0,299.54998779296875,304.2250061035156,777336
2016-03-04,283.45458984375,298.4750061035156,303.79998779296875,297.32501220703125,303.79998779296875,734312
2016-03-08,282.4811096191406,297.45001220703125,303.2749938964844,296.20001220703125,300.0,498270
2016-03-09,284.9502258300781,300.04998779296875,301.8500061035156,295.20001220703125,297.5,376002
2016-03-10,286.2085266113281,301.375,302.875,298.20001220703125,301.0,652318
2016-03-11,286.96832275390625,302.17498779296875,304.20001220703125,298.92498779296875,301.45001220703125,535928
2016-03-14,284.99774169921875,300.1000061035156,304.0,299.0,302.9750061035156,340874
2016-03-15,284.07183837890625,299.125,301.0,297.54998779296875,299.95001220703125,582306
2016-03-16,279.2996826171875,294.1000061035156,299.7250061035156,293.1000061035156,299.0,401530
2016-03-17,282.8609619140625,297.8500061035156,300.20001220703125,295.45001220703125,296.95001220703125,995614
2016-03-18,283.3387145996094,296.5249938964844,300.0,295.2749938964844,299.0,364548
2016-03-21,283.98370361328125,297.20001220703125,298.0,294.29998779296875,297.25,309364
2016-03-22,283.7926025390625,297.0,302.25,295.92498779296875,298.25,1079834
2016-03-23,286.5636291503906,299.8999938964844,301.6000061035156,298.04998779296875,299.3500061035156,405066
2016-03-28,276.0050354003906,288.8500061035156,301.3999938964844,281.2250061035156,300.0,942860
2016-03-29,284.4375915527344,297.67498779296875,301.1499938964844,282.7749938964844,286.0,1333890
2016-03-30,284.77203369140625,298.0249938964844,303.3999938964844,297.54998779296875,300.9750061035156,3000524
2016-03-31,281.547119140625,294.6499938964844,300.2250061035156,292.5,300.0,948290
2016-04-01,281.3560791015625,294.45001220703125,298.875,293.17498779296875,294.0,426482
2016-04-04,280.5437927246094,293.6000061035156,296.7250061035156,292.6499938964844,295.0,515632
2016-04-05,281.8815612792969,295.0,296.4750061035156,291.20001220703125,293.7250061035156,319680
2016-04-06,286.3725891113281,299.70001220703125,302.45001220703125,294.7250061035156,296.45001220703125,1336616
2016-04-07,283.57757568359375,296.7749938964844,302.5,295.9750061035156,300.95001220703125,353816
2016-04-08,285.0108947753906,298.2749938964844,302.25,296.375,297.29998779296875,452748
2016-04-11,288.4747314453125,301.8999938964844,304.5,299.125,299.125,612642
2016-04-12,288.7852783203125,302.2250061035156,305.8999938964844,301.0,304.0,514576
2016-04-13,293.49127197265625,307.1499938964844,309.0,304.07501220703125,304.5,691422
2016-04-18,298.961669921875,312.875,313.8500061035156,307.7749938964844,308.0,1113554
2016-04-20,296.4772644042969,310.2749938964844,316.875,309.0,314.8999938964844,937664
2016-04-21,289.5497131347656,303.0249938964844,312.45001220703125,302.0,312.3999938964844,613318
2016-04-22,286.1097717285156,299.42498779296875,303.1000061035156,298.1499938964844,302.25,462958
2016-04-25,287.82977294921875,301.2250061035156,304.20001220703125,293.5,299.5,887708
2016-04-26,289.4541015625,302.92498779296875,305.5,297.54998779296875,301.45001220703125,1352150
2016-04-27,289.71685791015625,303.20001220703125,306.9750061035156,301.57501220703125,302.82501220703125,513580
2016-04-28,286.65924072265625,300.0,304.92498779296875,298.70001220703125,303.25,418400
2016-04-29,288.1164245605469,301.5249938964844,303.20001220703125,299.54998779296875,300.04998779296875,226490
2016-05-02,288.5224914550781,301.95001220703125,304.82501220703125,297.6000061035156,300.7749938964844,290994
2016-05-03,285.3691711425781,298.6499938964844,305.5,297.5249938964844,302.32501220703125,529624
2016-05-04,280.5915832519531,293.6499938964844,301.1499938964844,292.57501220703125,297.5,868634
2016-05-05,281.4754638671875,294.57501220703125,297.0,291.625,296.17498779296875,507338
2016-05-06,283.5298156738281,296.7250061035156,297.79998779296875,291.82501220703125,294.5,676936
2016-05-09,285.9903259277344,299.29998779296875,301.54998779296875,293.92498779296875,297.07501220703125,568032
2016-05-10,285.0825500488281,298.3500061035156,301.25,296.20001220703125,299.5,440226
2016-05-11,287.423583984375,300.79998779296875,302.3999938964844,296.07501220703125,297.5,567826
2016-05-12,289.0480651855469,302.5,304.5249938964844,300.17498779296875,300.17498779296875,608430
2016-05-13,290.0274963378906,303.5249938964844,304.67498779296875,297.7250061035156,301.25,581882
2016-05-16,289.38250732421875,302.8500061035156,305.75,301.25,305.75,299122
2016-05-17,289.931884765625,303.42498779296875,304.95001220703125,302.5,303.2250061035156,380360
2016-05-18,290.7918395996094,304.32501220703125,304.95001220703125,300.0249938964844,303.42498779296875,494640
2016-05-19,294.5661926269531,308.2749938964844,310.4750061035156,305.4750061035156,306.9750061035156,1267616
2016-05-20,312.31524658203125,326.8500061035156,328.375,314.0249938964844,315.3500061035156,6080798
2016-05-23,311.09686279296875,325.57501220703125,329.875,322.04998779296875,329.875,1872846
2016-05-24,314.05902099609375,328.67498779296875,330.4750061035156,323.0,323.6000061035156,1192136
2016-05-25,325.6687316894531,340.82501220703125,342.1499938964844,329.57501220703125,329.625,2659996
2016-05-26,325.19097900390625,340.32501220703125,346.75,337.8500061035156,342.07501220703125,3316306
2016-05-27,331.87969970703125,347.32501220703125,354.5,340.0,340.75,1664134
2016-05-30,332.19024658203125,347.6499938964844,354.32501220703125,345.67498779296875,349.25,709930
2016-05-31,337.4217834472656,353.125,354.5,344.67498779296875,346.54998779296875,2333880
2016-06-01,342.8682861328125,358.82501220703125,361.45001220703125,353.6000061035156,357.0,1737174
2016-06-02,342.29498291015625,358.2250061035156,360.625,355.29998779296875,359.0,3327136
2016-06-03,339.2372741699219,355.0249938964844,362.375,353.0249938964844,357.67498779296875,789642
2016-06-06,339.1416931152344,354.92498779296875,361.7250061035156,352.6499938964844,354.5,627712
2016-06-07,339.3567199707031,355.1499938964844,358.875,353.1499938964844,355.95001220703125,349378
2016-06-08,336.6334533691406,352.29998779296875,357.3500061035156,351.57501220703125,354.04998779296875,740938
2016-06-09,335.51068115234375,351.125,353.92498779296875,348.25,353.92498779296875,530976
2016-06-10,332.6202697753906,348.1000061035156,355.0,347.0249938964844,351.45001220703125,808560
2016-06-13,334.1729431152344,349.7250061035156,350.3999938964844,344.0,344.8500061035156,491412
2016-06-14,330.87640380859375,346.2749938964844,351.25,344.17498779296875,348.1000061035156,606776
2016-06-15,331.8558044433594,347.29998779296875,349.2250061035156,346.2749938964844,347.25,359274
2016-06-16,333.86236572265625,349.3999938964844,350.25,345.0,347.875,604922
2016-06-17,335.29571533203125,350.8999938964844,358.0,349.5,352.5,1087288
2016-06-20,334.1490783691406,349.70001220703125,352.5,348.07501220703125,348.95001220703125,508982
2016-06-21,330.7330627441406,346.125,351.42498779296875,344.9750061035156,351.0,575318
2016-06-22,328.5592041015625,343.8500061035156,347.75,342.0,346.5,467756
2016-06-23,328.0337219238281,343.29998779296875,345.6000061035156,339.45001220703125,344.7250061035156,439286
2016-06-24,329.39532470703125,344.7250061035156,346.95001220703125,333.2749938964844,338.29998779296875,806078
2016-06-27,337.30230712890625,353.0,355.0,338.0249938964844,338.0249938964844,713610
2016-06-28,337.9950866699219,353.7250061035156,356.9750061035156,353.0,353.7749938964844,1513770
2016-06-29,345.4960021972656,361.57501220703125,366.0,354.92498779296875,355.0,1370668
2016-06-30,343.9432373046875,359.95001220703125,366.75,357.57501220703125,362.5,1351904
2016-07-01,343.9671325683594,359.9750061035156,362.875,358.5,359.5,649942
2016-07-04,343.5132751464844,359.5,362.25,359.04998779296875,360.4750061035156,453036
2016-07-05,341.07672119140625,356.95001220703125,362.20001220703125,355.6499938964844,359.8999938964844,359486
2016-07-07,340.2883605957031,356.125,359.67498779296875,355.0,356.25,255148
2016-07-08,348.5537109375,364.7749938964844,369.5,356.42498779296875,356.4750061035156,1612962
2016-07-11,345.5199279785156,361.6000061035156,368.5,360.92498779296875,367.4750061035156,1140528
2016-07-12,344.77935791015625,360.82501220703125,365.3500061035156,359.5249938964844,362.5,1223670
2016-07-13,342.10382080078125,358.0249938964844,362.29998779296875,356.5,360.0,290830
2016-07-14,342.0322570800781,357.95001220703125,360.5,356.07501220703125,357.5,306340
2016-07-15,343.2982482910156,359.2749938964844,361.75,357.95001220703125,357.95001220703125,567390
2016-07-18,340.93328857421875,356.79998779296875,363.57501220703125,355.5,358.0,613498
2016-07-19,345.94989013671875,362.04998779296875,364.3999938964844,356.79998779296875,356.79998779296875,880600
2016-07-20,347.8370666503906,364.0249938964844,367.25,362.57501220703125,363.0249938964844,520334
2016-07-21,348.5298156738281,364.75,366.79998779296875,361.54998779296875,364.0,530512
2016-07-22,349.5570068359375,365.82501220703125,369.0,363.0,364.25,1069468
2016-07-25,351.2052917480469,367.54998779296875,372.3999938964844,365.54998779296875,365.54998779296875,1061824
2016-07-26,346.7381896972656,362.875,369.70001220703125,362.0,366.0,435670
2016-07-27,349.1270446777344,365.375,368.125,363.1499938964844,364.3500061035156,627014
2016-07-28,359.08843994140625,375.79998779296875,379.0,366.1499938964844,366.54998779296875,2426844
2016-07-29,349.1509094238281,365.3999938964844,384.6499938964844,363.70001220703125,379.5,3332904
2016-08-01,350.3930969238281,366.70001220703125,373.82501220703125,364.82501220703125,367.5,1468356
2016-08-02,353.40301513671875,369.8500061035156,374.0,366.875,369.5,1435802
2016-08-03,343.2744140625,359.25,372.92498779296875,357.0,370.1499938964844,1370386
2016-08-04,340.9811096191406,356.8500061035156,364.5,354.6000061035156,361.75,1366358
2016-08-05,347.0965270996094,363.25,365.1000061035156,358.5,358.5,1295392
2016-08-08,348.60150146484375,364.82501220703125,369.1000061035156,362.5,367.0,766024
2016-08-09,345.591552734375,361.67498779296875,369.0,360.5,365.0,1113858
2016-08-10,337.87567138671875,353.6000061035156,364.625,351.5249938964844,362.5,1308010
2016-08-11,339.21337890625,355.0,357.5,349.57501220703125,353.8500061035156,1127940
2016-08-12,339.42840576171875,355.2250061035156,356.5,350.625,352.0249938964844,915842
2016-08-16,339.5239562988281,355.32501220703125,360.625,354.0,356.8999938964844,1089946
2016-08-17,338.1145324707031,353.8500061035156,357.70001220703125,351.5,355.0249938964844,962856
2016-08-18,338.7117919921875,354.4750061035156,357.2250061035156,354.0,354.7749938964844,1008854
2016-08-19,334.3640441894531,349.92498779296875,356.95001220703125,349.3500061035156,355.0,952248
2016-08-22,337.25457763671875,352.95001220703125,354.3999938964844,347.1499938964844,351.0,847734
2016-08-23,335.940673828125,351.57501220703125,354.8999938964844,350.625,354.8999938964844,587930
2016-08-24,332.90472412109375,348.1499938964844,352.0249938964844,347.5,351.95001220703125,904510
2016-08-25,328.3388366699219,343.375,350.29998779296875,342.0,348.9750061035156,943086
2016-08-26,327.7650451660156,342.7749938964844,345.75,340.54998779296875,343.1000061035156,1537816
2016-08-29,325.9721984863281,340.8999938964844,344.92498779296875,339.3500061035156,342.75,720550
2016-08-30,333.6219177246094,348.8999938964844,349.75,341.75,342.0,1516594
2016-08-31,333.9804992675781,349.2749938964844,353.75,347.6499938964844,350.0,1011752
2016-09-01,332.7373962402344,347.9750061035156,353.5,346.2250061035156,349.5,702724
2016-09-02,333.1915588378906,348.45001220703125,350.6499938964844,346.2749938964844,349.0,380014
2016-09-06,343.54254150390625,359.2749938964844,360.75,350.54998779296875,351.45001220703125,2493186
2016-09-07,341.94091796875,357.6000061035156,362.7250061035156,355.0,361.4750061035156,1187864
2016-09-08,342.56243896484375,358.25,361.79998779296875,355.54998779296875,357.7749938964844,713530
2016-09-09,339.956787109375,355.5249938964844,360.625,353.8999938964844,358.5,682152
2016-09-12,335.9884948730469,351.375,355.17498779296875,343.04998779296875,351.9750061035156,852366
2016-09-14,338.92889404296875,354.45001220703125,357.04998779296875,349.7250061035156,351.0249938964844,612274
2016-09-15,341.86920166015625,357.5249938964844,358.54998779296875,353.1000061035156,354.5,821840
2016-09-16,341.7735900878906,357.42498779296875,362.25,355.125,360.0,764324
2016-09-19,338.2117004394531,353.70001220703125,359.67498779296875,351.5,357.42498779296875,498674
2016-09-20,340.1241455078125,355.70001220703125,357.92498779296875,353.25,354.9750061035156,630306
2016-09-21,338.02044677734375,353.5,357.42498779296875,351.5,356.95001220703125,623400
2016-09-22,337.6141052246094,353.07501220703125,356.82501220703125,352.125,355.79998779296875,630032
2016-09-23,336.44268798828125,351.8500061035156,354.875,350.875,353.5,973962
2016-09-26,332.1158752441406,347.32501220703125,353.8500061035156,346.2749938964844,352.04998779296875,767088
2016-09-27,332.7851257324219,348.0249938964844,350.0,342.79998779296875,347.32501220703125,819968
2016-09-28,329.5819091796875,344.67498779296875,349.92498779296875,343.75,348.25,2063734
2016-09-29,318.5137939453125,333.1000061035156,348.54998779296875,324.1000061035156,346.7250061035156,2885314
2016-09-30,325.8765869140625,340.79998779296875,343.0,330.04998779296875,331.0,1703482
2016-10-03,346.2677917480469,362.125,363.3500061035156,342.5,342.5,4116470
2016-10-04,353.5110778808594,369.70001220703125,371.75,363.0,363.0,3775566
2016-10-05,350.785888671875,366.8500061035156,374.5,364.3500061035156,370.5,1176684
2016-10-06,348.84954833984375,364.82501220703125,369.95001220703125,360.8500061035156,365.75,492910
2016-10-07,343.6142578125,359.3500061035156,368.3999938964844,357.0,366.3999938964844,465134
2016-10-10,348.9451599121094,364.92498779296875,366.5,360.32501220703125,361.1499938964844,349996
2016-10-13,347.0088195800781,362.8999938964844,365.92498779296875,359.04998779296875,365.92498779296875,1273444
2016-10-14,347.8694152832031,363.79998779296875,366.3500061035156,356.6000061035156,362.7749938964844,919978
2016-10-17,343.399169921875,359.125,367.3999938964844,357.6499938964844,367.3999938964844,731000
2016-10-18,344.6661071777344,360.45001220703125,362.0,356.125,360.0,1194842
2016-10-19,343.18402099609375,358.8999938964844,363.5,357.8500061035156,362.5,2238858
2016-10-20,341.43890380859375,357.07501220703125,360.75,355.79998779296875,360.0,1291104
2016-10-21,341.5584716796875,357.20001220703125,359.4750061035156,354.7749938964844,357.75,449712
2016-10-24,341.056396484375,356.67498779296875,360.8500061035156,355.5,357.0,306300
2016-10-25,340.9847412109375,356.6000061035156,358.75,355.0,356.42498779296875,390546
2016-10-26,338.7854309082031,354.29998779296875,358.0,351.5,358.0,570514
2016-10-27,338.97662353515625,354.5,358.0,349.0,351.54998779296875,466822
2016-10-28,343.6620788574219,359.3999938964844,361.375,355.04998779296875,355.04998779296875,1173416
2016-11-01,340.1241455078125,355.70001220703125,363.4750061035156,352.82501220703125,362.70001220703125,1069226
2016-11-02,336.6100158691406,352.0249938964844,357.07501220703125,351.2749938964844,355.0,380812
2016-11-03,328.91253662109375,343.9750061035156,353.70001220703125,342.54998779296875,352.4750061035156,754936
2016-11-04,331.90069580078125,347.1000061035156,351.67498779296875,338.7749938964844,343.7749938964844,1416486
2016-11-07,331.7333679199219,346.92498779296875,352.45001220703125,345.17498779296875,350.5,285368
2016-11-08,330.56201171875,345.70001220703125,349.8999938964844,344.0,348.3999938964844,297844
2016-11-09,324.1793212890625,339.0249938964844,346.0,319.5,335.0,1157902
2016-11-10,318.2268981933594,332.79998779296875,349.5,331.6000061035156,349.5,1180174
2016-11-11,315.3104553222656,329.75,334.8999938964844,317.79998779296875,331.25,1770688
2016-11-15,295.0387878417969,308.54998779296875,325.0,291.82501220703125,325.0,2694898
2016-11-16,298.31378173828125,311.9750061035156,314.5,301.54998779296875,308.7250061035156,1391326
2016-11-17,294.5846252441406,308.07501220703125,318.1499938964844,306.0,314.4750061035156,616746
2016-11-18,293.9869689941406,307.45001220703125,312.875,305.125,305.125,1486642
2016-11-21,288.8951416015625,302.125,308.2250061035156,297.3999938964844,307.5,781406
2016-11-22,293.53277587890625,306.9750061035156,308.67498779296875,298.54998779296875,307.0,559358
2016-11-23,294.751953125,308.25,308.7250061035156,303.5249938964844,308.0,861818
2016-11-24,292.6482238769531,306.04998779296875,308.54998779296875,302.70001220703125,305.54998779296875,1740892
2016-11-25,300.6325988769531,314.3999938964844,317.5,304.29998779296875,310.9750061035156,553222
2016-11-28,299.07879638671875,312.7749938964844,315.32501220703125,308.32501220703125,314.8999938964844,723798
2016-11-29,300.8956298828125,314.67498779296875,315.95001220703125,310.5249938964844,312.5,913042
2016-11-30,306.17864990234375,320.20001220703125,322.3999938964844,315.17498779296875,316.0,1139128
2016-12-01,306.9674987792969,321.0249938964844,322.20001220703125,315.625,321.5,428994
2016-12-02,303.16656494140625,317.04998779296875,321.0249938964844,312.8500061035156,317.04998779296875,865152
2016-12-05,303.74029541015625,317.6499938964844,319.75,314.2250061035156,317.5,347780
2016-12-06,304.29010009765625,318.2250061035156,323.9750061035156,316.6000061035156,318.92498779296875,520046
2016-12-07,306.3220520019531,320.3500061035156,321.8999938964844,317.29998779296875,319.0,524134
2016-12-08,308.0910949707031,322.20001220703125,323.45001220703125,320.1499938964844,322.5,407028
2016-12-09,306.15472412109375,320.17498779296875,323.92498779296875,318.95001220703125,323.75,495672
2016-12-12,290.4967956542969,303.79998779296875,319.5,302.0249938964844,319.3999938964844,1202158
2016-12-13,292.09844970703125,305.4750061035156,306.95001220703125,299.32501220703125,301.0,1418048
2016-12-14,293.0785217285156,306.5,308.3999938964844,303.9750061035156,305.8500061035156,485480
2016-12-15,292.4570007324219,305.8500061035156,312.45001220703125,302.25,304.125,1061082
2016-12-16,290.2816467285156,303.57501220703125,307.67498779296875,302.75,307.5,394784
2016-12-19,287.9150390625,301.1000061035156,306.375,300.0,305.8999938964844,377656
2016-12-20,286.432861328125,299.54998779296875,301.8500061035156,297.0,300.5,520268
2016-12-21,282.34503173828125,295.2749938964844,299.5,293.625,299.5,1042994
2016-12-22,283.9945373535156,297.0,297.6499938964844,291.1000061035156,295.45001220703125,510418
2016-12-23,280.6478271484375,293.5,298.8999938964844,291.6000061035156,298.2250061035156,1217914
2016-12-26,274.9822998046875,287.57501220703125,295.17498779296875,283.875,293.5,774346
2016-12-27,279.022216796875,291.79998779296875,292.75,286.0,288.5,356590
2016-12-28,281.38885498046875,294.2749938964844,298.5,291.0,292.54998779296875,764880
2016-12-29,281.69964599609375,294.6000061035156,296.20001220703125,292.54998779296875,295.0,643394
2016-12-30,281.98651123046875,294.8999938964844,300.5,293.79998779296875,295.5,756614
2017-01-02,289.01458740234375,302.25,303.5,294.79998779296875,297.4750061035156,655138
2017-01-03,289.92303466796875,303.20001220703125,304.75,299.0249938964844,303.5,647036
2017-01-04,290.3533630371094,303.6499938964844,306.5,302.54998779296875,303.45001220703125,528142
2017-01-05,292.4570007324219,305.8500061035156,308.95001220703125,304.8500061035156,305.0,1100448
2017-01-06,293.8913269042969,307.3500061035156,309.0249938964844,306.625,307.92498779296875,365554
2017-01-09,293.6523132324219,307.1000061035156,309.5,300.82501220703125,307.3500061035156,630742
2017-01-10,301.8757019042969,315.70001220703125,316.45001220703125,304.6499938964844,306.4750061035156,874130
2017-01-11,303.1426696777344,317.0249938964844,321.1000061035156,313.5,317.0,1185082
2017-01-12,303.4295654296875,317.32501220703125,318.7250061035156,314.0,316.5,283146
2017-01-13,306.1308288574219,320.1499938964844,325.3999938964844,317.45001220703125,319.75,717444
2017-01-16,303.88372802734375,317.79998779296875,320.3500061035156,316.67498779296875,320.3500061035156,259800
2017-01-17,299.9632873535156,313.70001220703125,318.875,312.04998779296875,318.0,366818
2017-01-18,303.90765380859375,317.82501220703125,319.4750061035156,312.54998779296875,313.5,379984
2017-01-19,300.8238525390625,314.6000061035156,318.82501220703125,314.04998779296875,317.95001220703125,454614
2017-01-20,299.7242431640625,313.45001220703125,319.07501220703125,312.25,315.04998779296875,588216
2017-01-23,300.9911804199219,314.7749938964844,316.6000061035156,312.5,312.5,269940
2017-01-24,313.85223388671875,328.2250061035156,329.8999938964844,315.92498779296875,317.95001220703125,1271486
2017-01-25,329.7253723144531,344.82501220703125,350.75,330.0,330.0,6289984
2017-01-27,324.5617980957031,339.42498779296875,347.8500061035156,336.25,347.5,1767968
2017-01-30,324.1793212890625,339.0249938964844,343.8500061035156,336.75,339.5,439952
2017-01-31,322.00396728515625,336.75,342.0,335.92498779296875,339.82501220703125,422528
2017-02-01,330.77716064453125,345.92498779296875,347.5,334.79998779296875,339.0,1970518
2017-02-02,323.39044189453125,338.20001220703125,345.0,336.5,343.5,629186
2017-02-03,321.93218994140625,336.67498779296875,340.0,332.5,338.20001220703125,656928
2017-02-06,321.23895263671875,335.95001220703125,340.42498779296875,334.3500061035156,336.0,760242
2017-02-07,322.0995788574219,336.8500061035156,338.8500061035156,333.7250061035156,335.25,805900
2017-02-08,320.5696105957031,335.25,338.5,333.6000061035156,337.0,439622
2017-02-09,317.0316162109375,331.54998779296875,336.29998779296875,331.1000061035156,335.0,703170
2017-02-10,320.9759521484375,335.67498779296875,337.5,331.79998779296875,332.25,453906
2017-02-13,324.633544921875,339.5,341.8999938964844,335.32501220703125,335.79998779296875,705718
2017-02-14,320.9759521484375,335.67498779296875,341.07501220703125,334.04998779296875,340.5,433748
2017-02-15,320.593505859375,335.2749938964844,339.0,332.5,335.5,417114
2017-02-16,320.9042663574219,335.6000061035156,337.2250061035156,332.7749938964844,335.625,436792
2017-02-17,326.832763671875,341.79998779296875,344.5,334.4750061035156,336.5,1011218
2017-02-20,333.6457824707031,348.92498779296875,352.3999938964844,342.5,343.2250061035156,1997322
2017-02-21,334.5303039550781,349.8500061035156,356.0,348.70001220703125,351.54998779296875,1109634
2017-02-22,332.6656494140625,347.8999938964844,353.5,346.1499938964844,351.4750061035156,1108670
2017-02-23,329.0081787109375,344.07501220703125,351.5,343.0249938964844,348.5,1137136
2017-02-27,326.25909423828125,341.20001220703125,345.70001220703125,340.2749938964844,343.6499938964844,549604
2017-02-28,326.1395263671875,341.07501220703125,342.9750061035156,339.04998779296875,342.3500061035156,780102
2017-03-01,329.5102233886719,344.6000061035156,349.25,342.5249938964844,345.0,1068172
2017-03-02,325.80487060546875,340.7250061035156,347.5,338.32501220703125,347.5,446416
2017-03-03,322.9601135253906,337.75,341.25,335.57501220703125,341.25,1098220
2017-03-06,324.4662170410156,339.32501220703125,340.7749938964844,337.6499938964844,338.92498779296875,702074
2017-03-07,321.5019226074219,336.2250061035156,340.7749938964844,334.75,340.125,1276274
2017-03-08,320.593505859375,335.2749938964844,338.5,332.5249938964844,336.2250061035156,502762
2017-03-09,326.306884765625,341.25,342.92498779296875,335.125,336.25,1872700
2017-03-10,326.9283447265625,341.8999938964844,344.82501220703125,340.0,343.5,1013120
2017-03-14,335.5581970214844,350.92498779296875,355.0,342.67498779296875,345.5,1415514
2017-03-15,334.8410339355469,350.17498779296875,352.5,346.92498779296875,351.29998779296875,863678
2017-03-16,334.29132080078125,349.6000061035156,353.25,348.70001220703125,351.04998779296875,537992
2017-03-17,335.5821228027344,350.95001220703125,356.0,349.54998779296875,350.1000061035156,888448
2017-03-20,334.43463134765625,349.75,353.0,348.5,351.5,502764
2017-03-21,334.7454528808594,350.07501220703125,352.32501220703125,347.1000061035156,352.32501220703125,377862
2017-03-22,331.4703674316406,346.6499938964844,348.79998779296875,341.32501220703125,348.5,735082
2017-03-23,331.7333679199219,346.92498779296875,350.45001220703125,346.125,347.04998779296875,444690
2017-03-24,329.05596923828125,344.125,349.95001220703125,343.04998779296875,347.5,569636
2017-03-27,326.4981689453125,341.45001220703125,346.4750061035156,340.125,344.0,682980
2017-03-28,333.0003662109375,348.25,348.875,342.0,342.6000061035156,410406
2017-03-29,329.46240234375,344.54998779296875,350.5,341.95001220703125,350.5,1703538
2017-03-30,330.34686279296875,345.4750061035156,348.67498779296875,344.0,345.0,952076
2017-03-31,334.267333984375,349.57501220703125,351.45001220703125,345.1499938964844,345.5,1876426
2017-04-03,336.0841369628906,351.4750061035156,352.42498779296875,350.07501220703125,350.42498779296875,703662
2017-04-05,341.3432922363281,356.9750061035156,360.5,351.7749938964844,351.7749938964844,1508152
2017-04-06,339.5264892578125,355.07501220703125,359.625,353.5249938964844,359.5,573210
2017-04-07,338.59417724609375,354.1000061035156,359.0,352.54998779296875,356.79998779296875,685912
2017-04-10,336.44268798828125,351.8500061035156,356.1499938964844,350.75,356.0,347664
2017-04-11,337.6141052246094,353.07501220703125,354.45001220703125,351.45001220703125,352.25,259548
2017-04-12,339.1679382324219,354.70001220703125,358.17498779296875,347.7749938964844,354.0,682080
2017-04-13,341.7975158691406,357.45001220703125,359.95001220703125,354.0249938964844,356.04998779296875,1485144
2017-04-17,340.530517578125,356.125,358.5249938964844,354.5,357.45001220703125,671168
2017-04-18,340.79345703125,356.3999938964844,361.17498779296875,355.5,356.4750061035156,1045976
2017-04-19,340.9129943847656,356.5249938964844,357.70001220703125,354.0,356.3999938964844,205132
2017-04-20,342.9688415527344,358.67498779296875,360.07501220703125,356.0249938964844,356.625,555310
2017-04-21,341.39111328125,357.0249938964844,360.5,356.07501220703125,360.0,714784
2017-04-24,342.7059020996094,358.3999938964844,360.0,355.0249938964844,357.0249938964844,509662
2017-04-25,347.654296875,363.57501220703125,365.0,357.54998779296875,358.6000061035156,1630640
2017-04-26,347.2957458496094,363.20001220703125,369.0,361.0,366.5,1039724
2017-04-27,345.5028076171875,361.32501220703125,364.7250061035156,359.6499938964844,363.3999938964844,381338
2017-04-28,344.14013671875,359.8999938964844,363.4750061035156,358.75,361.5,317992
2017-05-02,344.30755615234375,360.07501220703125,363.17498779296875,358.5,359.0,2019280
2017-05-03,349.25592041015625,365.25,366.625,358.0,361.5,1390742
2017-05-04,353.2003173828125,369.375,371.0,363.82501220703125,367.5,1099122
2017-05-05,353.8935852050781,370.1000061035156,373.0,364.2749938964844,370.5,1141040
2017-05-08,355.63861083984375,371.92498779296875,375.8500061035156,370.79998779296875,372.5,724458
2017-05-09,356.0928649902344,372.3999938964844,374.3999938964844,370.79998779296875,371.92498779296875,350562
2017-05-10,356.9295349121094,373.2749938964844,377.0,371.54998779296875,371.79998779296875,325516
2017-05-11,362.64288330078125,379.25,385.0249938964844,371.0,373.6000061035156,733668
2017-05-12,358.5790100097656,375.0,381.5,373.25,381.5,296290
2017-05-15,359.51129150390625,375.9750061035156,377.5249938964844,372.1000061035156,376.4750061035156,221334
2017-05-16,364.02935791015625,380.70001220703125,382.25,373.625,375.45001220703125,680014
2017-05-17,370.2447509765625,387.20001220703125,388.5,378.5249938964844,378.5249938964844,1093460
2017-05-18,370.53167724609375,387.5,391.3999938964844,375.79998779296875,383.25,2303024
2017-05-19,363.9815368652344,380.6499938964844,390.6000061035156,379.9750061035156,387.0,1580220
2017-05-22,353.55889892578125,369.75,385.6499938964844,368.20001220703125,380.54998779296875,611952
2017-05-23,351.6942443847656,367.79998779296875,372.375,364.0,365.07501220703125,562612
2017-05-24,344.5943908691406,360.375,368.5,358.5,368.0,975458
2017-05-25,353.9413757324219,370.1499938964844,371.79998779296875,358.625,363.0,1612724
2017-05-26,365.9657287597656,382.7250061035156,385.70001220703125,369.0,369.0,1232130
2017-05-29,360.77825927734375,377.29998779296875,384.8999938964844,375.0,382.4750061035156,849916
2017-05-30,366.1808776855469,382.95001220703125,388.0,377.95001220703125,378.9750061035156,598356
2017-05-31,368.21282958984375,385.07501220703125,387.20001220703125,381.0,382.95001220703125,733082
2017-06-01,366.0852355957031,382.8500061035156,388.5,381.0,388.5,476146
2017-06-02,378.4442443847656,395.7749938964844,399.0,382.8500061035156,382.8500061035156,1421290
2017-06-05,380.69134521484375,398.125,403.0,395.6499938964844,400.0,841634
2017-06-06,382.19744873046875,399.70001220703125,406.6000061035156,395.95001220703125,405.5,1043788
2017-06-07,383.0819091796875,400.625,404.75,397.5,402.0,810484
2017-06-08,381.0499267578125,398.5,402.5,397.45001220703125,402.0,367702
2017-06-09,384.73138427734375,402.3500061035156,406.3999938964844,400.5,405.0,678078
2017-06-12,384.5161437988281,402.125,403.5,397.6000061035156,401.0,227232
2017-06-13,389.22552490234375,407.04998779296875,412.45001220703125,401.625,402.5,991542
2017-06-14,387.743408203125,405.5,408.5,403.9750061035156,407.5,514100
2017-06-15,391.0901794433594,409.0,410.0,404.79998779296875,404.79998779296875,675070
2017-06-16,390.4685974121094,408.3500061035156,415.2749938964844,407.20001220703125,411.9750061035156,765426
2017-06-19,393.6479797363281,411.67498779296875,414.4750061035156,405.2749938964844,410.0,478194
2017-06-20,388.0780944824219,405.8500061035156,412.67498779296875,404.1000061035156,412.0,396078
2017-06-21,391.137939453125,409.04998779296875,414.0,407.54998779296875,407.54998779296875,639698
2017-06-22,391.2096862792969,409.125,414.0,407.5,410.5,479082
2017-06-23,396.97088623046875,415.1499938964844,419.2749938964844,407.5,408.54998779296875,851398
2017-06-27,385.7353515625,403.3999938964844,418.17498779296875,398.0,415.4750061035156,1637612
2017-06-28,373.73492431640625,390.8500061035156,402.1000061035156,390.04998779296875,402.1000061035156,1179388
2017-06-29,379.51995849609375,396.8999938964844,402.45001220703125,387.5249938964844,389.1000061035156,1230598
2017-06-30,385.16162109375,402.79998779296875,407.75,393.5249938964844,397.70001220703125,1108530
2017-07-03,391.0423889160156,408.95001220703125,412.5249938964844,399.0,406.3500061035156,814458
2017-07-04,392.1658935546875,410.125,414.4750061035156,408.2749938964844,409.1000061035156,578258
2017-07-05,395.94287109375,414.07501220703125,415.8999938964844,409.2250061035156,410.1499938964844,593504
2017-07-06,396.8751525878906,415.04998779296875,417.4750061035156,412.67498779296875,416.0,907578
2017-07-07,388.293212890625,406.07501220703125,417.0,405.0249938964844,414.95001220703125,1158600
2017-07-10,395.2735595703125,413.375,415.875,405.0249938964844,406.0,358516
2017-07-11,389.5841369628906,407.42498779296875,416.8500061035156,405.6000061035156,416.0,722974
2017-07-12,390.3251647949219,408.20001220703125,412.32501220703125,406.5,409.0,388794
2017-07-13,393.2655334472656,411.2749938964844,415.5,409.0,409.0,693894
2017-07-14,385.7353515625,403.3999938964844,413.67498779296875,402.5,411.5,1100882
2017-07-17,386.33294677734375,404.0249938964844,405.8500061035156,401.5,402.5,1151446
2017-07-18,389.53631591796875,407.375,410.0,403.25,404.8999938964844,1484812
2017-07-19,381.480224609375,398.95001220703125,409.0,397.6499938964844,408.1499938964844,1956414
2017-07-20,382.2212829589844,399.7250061035156,400.6000061035156,395.5,400.0,1210378
2017-07-21,384.58795166015625,402.20001220703125,402.875,396.2250061035156,400.2749938964844,1244166
2017-07-24,388.2693176269531,406.04998779296875,408.25,401.2250061035156,402.8999938964844,592756
2017-07-25,395.7994689941406,413.92498779296875,415.5,405.5,408.67498779296875,1498770
2017-07-26,385.1855773925781,402.82501220703125,407.0,398.4750061035156,407.0,1944138
2017-07-27,377.3206787109375,394.6000061035156,405.125,392.5249938964844,403.7749938964844,1760048
2017-07-28,376.6991882324219,393.95001220703125,396.2250061035156,390.5249938964844,395.1000061035156,565088
2017-07-31,380.50006103515625,397.92498779296875,400.5249938964844,393.25,397.5,1183598
2017-08-01,380.5479736328125,397.9750061035156,399.375,394.3500061035156,395.0,908840
2017-08-02,382.48419189453125,400.0,401.45001220703125,395.0,398.5,640716
2017-08-03,385.75927734375,403.42498779296875,404.2749938964844,396.375,399.95001220703125,628052
2017-08-04,386.4286193847656,404.125,405.375,399.2749938964844,403.0,629940
2017-08-07,388.9625549316406,406.7749938964844,407.5249938964844,402.54998779296875,402.54998779296875,502782
2017-08-08,387.4087219238281,405.1499938964844,407.3999938964844,398.1499938964844,407.3999938964844,633368
2017-08-09,380.2132568359375,397.625,404.0,395.0,404.0,802362
2017-08-10,380.26104736328125,397.67498779296875,401.2250061035156,388.0,397.5,1109948
2017-08-11,377.84661865234375,395.1499938964844,396.5,387.6499938964844,392.0,653570
2017-08-14,388.60400390625,406.3999938964844,410.0,395.5,398.5,994828
2017-08-16,391.0423889160156,408.95001220703125,412.0,404.45001220703125,407.5,605170
2017-08-17,391.1858215332031,409.1000061035156,412.95001220703125,406.5249938964844,409.8999938964844,528236
2017-08-18,392.78741455078125,410.7749938964844,412.0,405.0,408.0,471170
2017-08-21,390.37298583984375,408.25,413.9750061035156,401.95001220703125,410.75,1110460
2017-08-22,391.7834167480469,409.7250061035156,412.5,404.04998779296875,408.1499938964844,671330
2017-08-23,392.3363952636719,407.92498779296875,412.0,403.0,407.625,795542
2017-08-24,398.6842041015625,414.5249938964844,416.25,406.0249938964844,409.6499938964844,689150
2017-08-28,402.0985412597656,418.07501220703125,421.8500061035156,414.5,416.5,1185558
2017-08-29,397.8185729980469,413.625,419.8999938964844,410.5,418.07501220703125,591428
2017-08-30,399.7662048339844,415.6499938964844,418.0,413.2250061035156,414.0,456310
2017-08-31,401.97833251953125,417.95001220703125,420.0,410.5,416.0,1134532
2017-09-01,405.7533264160156,421.875,424.70001220703125,418.04998779296875,419.9750061035156,1227196
2017-09-04,402.21881103515625,418.20001220703125,424.75,414.2749938964844,423.67498779296875,632106
2017-09-05,404.9839172363281,421.07501220703125,423.4750061035156,416.17498779296875,420.6499938964844,519254
2017-09-06,403.9499816894531,420.0,423.0,418.1000061035156,420.45001220703125,576476
2017-09-07,406.0178527832031,422.1499938964844,424.67498779296875,420.0,420.0,574792
2017-09-08,405.7052307128906,421.82501220703125,427.5,420.1000061035156,423.20001220703125,757156
2017-09-11,406.9314880371094,423.1000061035156,426.75,420.04998779296875,425.0,603942
2017-09-12,409.0233459472656,425.2749938964844,429.5,423.125,423.45001220703125,954548
2017-09-13,400.17498779296875,416.07501220703125,425.875,414.54998779296875,425.5,611576
2017-09-14,403.3728942871094,419.3999938964844,421.20001220703125,415.0,416.5,413426
2017-09-15,403.060302734375,419.07501220703125,421.3999938964844,416.2749938964844,418.75,398890
2017-09-18,404.1423645019531,420.20001220703125,422.25,417.6499938964844,420.0,332402
2017-09-19,411.7644958496094,428.125,433.0,416.54998779296875,420.25,1145600
2017-09-20,409.3119201660156,425.57501220703125,434.2250061035156,424.5249938964844,433.0,699778
2017-09-21,403.80572509765625,419.8500061035156,427.5,418.7250061035156,426.0,427168
2017-09-22,391.4948425292969,407.04998779296875,419.7250061035156,405.875,418.75,386310
2017-09-25,387.43133544921875,402.82501220703125,407.2250061035156,398.0,406.5249938964844,486792
2017-09-26,381.2037658691406,396.3500061035156,402.3999938964844,392.57501220703125,402.3999938964844,771874
2017-09-27,373.96636962890625,388.82501220703125,398.6000061035156,387.6499938964844,396.125,513802
2017-09-28,373.8220520019531,388.67498779296875,393.3500061035156,387.5,389.32501220703125,775928
2017-09-29,382.0693664550781,397.25,404.0,389.04998779296875,391.0,694546
2017-10-03,379.7129821777344,394.79998779296875,405.67498779296875,393.0,400.0,507300
2017-10-04,382.7185363769531,397.92498779296875,400.70001220703125,391.1499938964844,393.1499938964844,551376
2017-10-05,382.1415100097656,397.32501220703125,403.42498779296875,395.29998779296875,397.7749938964844,291864
2017-10-06,384.8825988769531,400.17498779296875,403.3500061035156,397.20001220703125,399.67498779296875,257842
2017-10-09,387.3832702636719,402.7749938964844,404.0,397.6499938964844,401.95001220703125,359526
2017-10-10,384.8345031738281,400.125,403.5,397.5,403.45001220703125,529580
2017-10-11,387.16680908203125,402.54998779296875,406.5,398.5,400.54998779296875,944712
2017-10-12,387.21484375,402.6000061035156,406.0,399.1000061035156,405.875,562912
2017-10-13,388.97015380859375,404.42498779296875,407.5,400.25,400.25,611692
2017-10-16,389.4029541015625,404.875,408.20001220703125,401.1499938964844,402.5249938964844,686418
2017-10-17,387.1187438964844,402.5,405.67498779296875,401.29998779296875,402.04998779296875,286762
2017-10-18,387.3110656738281,402.70001220703125,403.95001220703125,397.79998779296875,402.5,635290
2017-10-19,385.1470642089844,400.45001220703125,403.625,398.625,402.75,45574
2017-10-23,385.7001037597656,401.0249938964844,404.8500061035156,391.5,400.0,1999654
2017-10-24,384.9547424316406,400.25,404.3500061035156,394.25,404.3500061035156,656608
2017-10-25,385.2673034667969,400.57501220703125,410.4750061035156,391.0,398.0249938964844,1656432
2017-10-26,379.0397644042969,394.1000061035156,402.45001220703125,393.04998779296875,402.42498779296875,733892
2017-10-27,378.1741638183594,393.20001220703125,396.625,392.5,393.29998779296875,651414
2017-10-30,378.3664245605469,393.3999938964844,397.0,392.0,395.0,1074942
2017-10-31,375.9620361328125,390.8999938964844,393.9750061035156,390.0,393.9750061035156,662930
2017-11-01,371.6099548339844,386.375,393.45001220703125,383.75,391.70001220703125,1109976
2017-11-02,367.6666259765625,382.2749938964844,386.7749938964844,381.04998779296875,386.54998779296875,1009686
2017-11-03,370.3115234375,385.0249938964844,387.0,380.0,382.0,832050
2017-11-06,366.99334716796875,381.57501220703125,390.8500061035156,380.67498779296875,383.0,1415088
2017-11-07,364.78118896484375,379.2749938964844,385.5,377.5,383.4750061035156,633108
2017-11-08,369.68634033203125,384.375,385.5,375.6499938964844,379.0,1257754
2017-11-09,390.8456726074219,406.375,408.0,390.5,394.5,3690618
2017-11-10,394.861083984375,410.54998779296875,413.29998779296875,403.0,406.6499938964844,1558194
2017-11-13,398.7322692871094,414.57501220703125,420.6499938964844,409.2250061035156,410.125,1173364
2017-11-14,395.1015319824219,410.79998779296875,418.5,408.70001220703125,416.0,892332
2017-11-15,391.56695556640625,407.125,412.42498779296875,405.5,406.8500061035156,966818
2017-11-16,393.1058654785156,408.7250061035156,411.0,405.57501220703125,407.125,649534
2017-11-17,401.80999755859375,417.7749938964844,420.375,409.5,410.0249938964844,889816
2017-11-20,408.30206298828125,424.5249938964844,425.5,415.04998779296875,416.82501220703125,1062344
2017-11-21,402.916015625,418.92498779296875,427.0,416.6000061035156,425.125,771402
2017-11-22,402.84393310546875,418.8500061035156,422.0,416.875,422.0,578244
2017-11-23,405.68121337890625,421.79998779296875,423.8500061035156,417.0,418.5,424986
2017-11-24,405.0079345703125,421.1000061035156,424.8500061035156,418.04998779296875,423.0,470104
2017-11-27,402.1466369628906,418.125,424.95001220703125,415.75,419.3999938964844,577220
2017-11-28,408.1578063964844,424.375,429.3500061035156,417.0,420.8500061035156,779430
2017-11-29,409.26385498046875,425.5249938964844,429.5,418.0,427.0,896556
2017-11-30,405.0079345703125,421.1000061035156,428.3500061035156,419.25,426.0,933644
2017-12-01,411.3797302246094,427.7250061035156,429.95001220703125,419.125,421.1000061035156,1342680
2017-12-04,403.3728942871094,419.3999938964844,430.0,417.04998779296875,430.0,658714
2017-12-05,400.70391845703125,416.625,420.7250061035156,412.5,419.79998779296875,519664
2017-12-06,401.3291320800781,417.2749938964844,422.0,413.625,416.67498779296875,691880
2017-12-07,408.9753112792969,425.2250061035156,429.8999938964844,415.125,415.125,1078214
2017-12-08,428.4274597167969,445.45001220703125,449.70001220703125,424.04998779296875,424.04998779296875,2239146
2017-12-11,430.06243896484375,447.1499938964844,450.75,441.42498779296875,445.5,1337516
2017-12-12,429.5334777832031,446.6000061035156,453.5,435.67498779296875,446.5,1323188
2017-12-13,420.9494934082031,437.67498779296875,458.45001220703125,433.57501220703125,448.0,2442920
2017-12-14,413.423583984375,429.8500061035156,437.45001220703125,424.8999938964844,436.0,1291076
2017-12-15,414.96246337890625,431.45001220703125,437.0,426.04998779296875,433.07501220703125,1111506
2017-12-18,426.26336669921875,443.20001220703125,445.0,421.3999938964844,431.45001220703125,1169282
2017-12-19,425.469970703125,442.375,447.92498779296875,438.5,443.0,810990
2017-12-20,427.9465637207031,444.95001220703125,448.0,439.125,442.0,625688
2017-12-21,444.5614318847656,462.2250061035156,467.3999938964844,455.0,455.5,3724922
2017-12-22,454.227294921875,472.2749938964844,475.0,458.54998779296875,467.2250061035156,1973470
2017-12-26,445.5952453613281,463.29998779296875,485.8500061035156,457.5,483.6000061035156,4845190
2017-12-27,439.4398498535156,456.8999938964844,465.0,452.5,455.0,1818200
2017-12-28,433.52490234375,450.75,459.0,450.0,457.5,991880
2017-12-29,433.8615417480469,451.1000061035156,457.25,450.0,451.1499938964844,1015750
2018-01-01,432.8035888671875,450.0,454.3999938964844,449.0,452.4750061035156,320954
2018-01-02,427.6099548339844,444.6000061035156,452.45001220703125,438.5,450.5,1289786
2018-01-03,439.51202392578125,456.9750061035156,457.75,444.5,444.8999938964844,1104348
2018-01-04,435.49652099609375,452.79998779296875,459.5,452.0,458.75,908898
2018-01-05,437.7086486816406,455.1000061035156,456.9750061035156,452.0,452.79998779296875,832830
2018-01-08,438.64642333984375,456.07501220703125,458.0,453.75,455.54998779296875,423796
2018-01-09,439.94482421875,457.42498779296875,461.45001220703125,453.125,456.45001220703125,1085686
2018-01-10,438.4540100097656,455.875,461.42498779296875,454.54998779296875,457.54998779296875,899930
2018-01-11,432.5871276855469,449.7749938964844,456.0,448.29998779296875,450.75,869212
2018-01-12,437.6605529785156,455.04998779296875,460.57501220703125,442.5249938964844,451.29998779296875,1339724
2018-01-15,435.0397033691406,452.32501220703125,458.0,451.1000061035156,455.95001220703125,691218
2018-01-16,432.9237976074219,450.125,454.70001220703125,442.6499938964844,451.5,951038
2018-01-17,431.12042236328125,448.25,450.8500061035156,444.0,448.0,1099786
2018-01-18,429.5334777832031,446.6000061035156,451.45001220703125,444.20001220703125,450.0,549474
2018-01-19,428.1629333496094,445.17498779296875,449.0,444.0,446.5,371014
2018-01-22,430.3990783691406,447.5,452.375,443.29998779296875,445.5249938964844,857602
2018-01-23,426.2393493652344,443.17498779296875,451.625,441.1499938964844,450.0,1018262
2018-01-24,421.2861633300781,438.0249938964844,443.17498779296875,435.0249938964844,443.17498779296875,725630
2018-01-25,421.8632507324219,438.625,449.7250061035156,437.5,445.75,1761728
2018-01-29,429.725830078125,446.79998779296875,448.70001220703125,440.04998779296875,440.04998779296875,1202018
2018-01-30,426.0469970703125,442.9750061035156,447.5,442.375,446.82501220703125,469418
2018-01-31,431.0242614746094,448.1499938964844,449.25,440.625,440.625,1418022
2018-02-01,432.3226623535156,449.5,454.5,436.1000061035156,447.0,1941592
2018-02-02,414.91436767578125,431.3999938964844,448.1000061035156,428.67498779296875,448.1000061035156,1585972
2018-02-05,420.87744140625,437.6000061035156,439.5,424.29998779296875,425.0,1048004
2018-02-06,416.693603515625,433.25,435.67498779296875,422.5249938964844,431.5,1004822
2018-02-07,416.0444030761719,432.57501220703125,439.45001220703125,431.04998779296875,437.45001220703125,460782
2018-02-08,425.5420837402344,442.45001220703125,446.3999938964844,433.70001220703125,437.54998779296875,1672240
2018-02-09,422.320068359375,439.1000061035156,442.5,432.5,433.95001220703125,973392
2018-02-12,430.15863037109375,447.25,450.0,437.04998779296875,440.0,1852926
2018-02-14,430.3269958496094,447.42498779296875,453.0,445.0,450.0,1305044
2018-02-15,427.1770935058594,444.1499938964844,451.4750061035156,442.125,449.8999938964844,495024
2018-02-16,428.7881164550781,445.82501220703125,448.5,439.29998779296875,445.0,1782938
2018-02-19,430.92803955078125,448.04998779296875,449.3999938964844,442.5,448.5,673786
2018-02-20,430.01434326171875,447.1000061035156,449.75,444.375,448.82501220703125,349116
2018-02-21,434.318359375,451.57501220703125,455.17498779296875,443.54998779296875,447.54998779296875,1478646
2018-02-22,425.83062744140625,442.75,452.875,441.3500061035156,452.0,1025524
2018-02-23,433.1401672363281,450.3500061035156,453.45001220703125,440.17498779296875,442.5,1803266
2018-02-26,428.7159729003906,445.75,451.8500061035156,444.3999938964844,449.79998779296875,1257640
2018-02-27,425.974853515625,442.8999938964844,448.67498779296875,441.625,446.0249938964844,951096
2018-02-28,433.2604064941406,450.4750061035156,454.3999938964844,437.5,441.125,2240998
2018-03-01,430.11053466796875,447.20001220703125,450.7250061035156,446.125,449.3999938964844,244764
2018-03-05,427.9705505371094,444.9750061035156,448.0,441.0,447.25,379286
2018-03-06,424.1714782714844,441.0249938964844,448.0,438.8500061035156,445.0,592456
2018-03-07,419.0019226074219,435.6499938964844,442.0,434.0249938964844,441.0,572614
2018-03-08,419.4587707519531,436.125,440.0,429.17498779296875,438.2250061035156,796856
2018-03-09,422.5605163574219,439.3500061035156,441.6000061035156,435.625,437.5,476632
2018-03-12,428.1148986816406,445.125,447.5,440.92498779296875,442.8500061035156,1041890
2018-03-13,432.73138427734375,449.92498779296875,452.875,443.04998779296875,443.70001220703125,788750
2018-03-14,435.80914306640625,453.125,455.375,448.6000061035156,449.8500061035156,907616
2018-03-15,437.39605712890625,454.7749938964844,458.7250061035156,450.2749938964844,454.125,871214
2018-03-16,440.6421203613281,458.1499938964844,462.0,454.5,454.9750061035156,1465060
2018-03-19,436.4823913574219,453.82501220703125,461.42498779296875,451.20001220703125,461.0,471440
2018-03-20,434.10198974609375,451.3500061035156,454.8999938964844,449.5,452.8500061035156,481170
2018-03-21,433.9336242675781,451.17498779296875,457.45001220703125,449.1499938964844,451.3500061035156,1071454
2018-03-22,436.69879150390625,454.04998779296875,455.29998779296875,450.875,452.3500061035156,1071152
2018-03-23,433.8615417480469,451.1000061035156,453.0,446.125,451.5,983630
2018-03-26,436.3381042480469,453.67498779296875,456.875,450.7749938964844,451.1000061035156,1061506
2018-03-27,445.4510498046875,463.1499938964844,466.5,455.0,456.5,1782012
2018-03-28,441.36346435546875,458.8999938964844,467.45001220703125,455.125,462.20001220703125,2169278
2018-04-02,452.7125244140625,470.70001220703125,472.3500061035156,459.2250061035156,459.25,1645290
2018-04-03,463.1719055175781,481.57501220703125,482.5,468.6000061035156,470.17498779296875,1540920
2018-04-04,460.23846435546875,478.5249938964844,489.6499938964844,475.25,483.5,1219166
2018-04-05,464.7107849121094,483.17498779296875,488.29998779296875,479.6000061035156,479.7749938964844,758800
2018-04-06,470.8181457519531,489.5249938964844,491.0249938964844,484.17498779296875,485.0,606400
2018-04-09,476.70904541015625,495.6499938964844,499.5,489.54998779296875,491.3500061035156,1282870
2018-04-10,480.9649963378906,500.07501220703125,504.875,492.1000061035156,496.95001220703125,1415842
2018-04-11,473.775634765625,492.6000061035156,506.3500061035156,491.79998779296875,506.3500061035156,1158624
2018-04-12,483.7300720214844,502.95001220703125,504.29998779296875,487.5,490.07501220703125,1274540
2018-04-13,492.8670959472656,512.4500122070312,514.2000122070312,503.5,504.5,1852398
2018-04-16,499.38311767578125,519.2249755859375,522.9749755859375,512.0,516.4749755859375,2073632
2018-04-17,499.9602966308594,519.8250122070312,523.6749877929688,516.625,519.2249755859375,1426838
2018-04-18,505.7068786621094,525.7999877929688,527.5,519.8499755859375,519.9000244140625,1332930
2018-04-19,508.9769592285156,529.2000122070312,532.25,524.1749877929688,525.5,1261204
2018-04-20,510.87652587890625,531.1749877929688,535.0,526.5,526.5,721666
2018-04-23,513.61767578125,534.0250244140625,536.2999877929688,531.625,532.5,395022
2018-04-24,513.0646362304688,533.4500122070312,540.25,531.6749877929688,533.75,824632
2018-04-25,516.358642578125,536.875,540.0750122070312,529.1500244140625,533.5,953264
2018-04-26,522.12939453125,542.875,546.5,537.5,538.5,2301626
2018-04-27,513.9302368164062,534.3499755859375,549.5,531.5250244140625,542.5,981874
2018-04-30,522.3458251953125,543.0999755859375,545.0,534.0,536.0,625936
2018-05-02,530.3526611328125,551.4249877929688,555.0,543.2999877929688,544.0,913382
2018-05-03,521.792724609375,542.5250244140625,555.875,538.0250244140625,555.0,1216636
2018-05-04,514.8198852539062,535.2750244140625,543.0250244140625,530.2750244140625,540.0,1032930
2018-05-07,519.7970581054688,540.4500122070312,542.5,532.5,536.0,699854
2018-05-08,531.3143920898438,552.4249877929688,554.8499755859375,539.9749755859375,540.4500122070312,845160
2018-05-09,524.48583984375,545.3250122070312,555.4500122070312,540.9500122070312,553.0,735568
2018-05-10,523.427734375,544.2249755859375,549.6500244140625,541.0499877929688,543.5,514766
2018-05-11,530.4969482421875,551.5750122070312,552.4500122070312,545.1500244140625,545.1500244140625,660630
2018-05-14,529.9920654296875,551.0499877929688,558.9500122070312,547.0499877929688,552.5,740814
2018-05-15,524.7020874023438,545.5499877929688,562.4000244140625,542.4749755859375,551.0,1535476
2018-05-16,526.0245971679688,546.9249877929688,548.9500122070312,540.5250244140625,543.5,1104010
2018-05-17,515.5892944335938,536.0750122070312,549.9500122070312,534.2249755859375,549.0,1154568
2018-05-18,520.0375366210938,540.7000122070312,544.9500122070312,532.875,536.0,1370006
2018-05-21,526.8421630859375,547.7750244140625,554.5,540.5999755859375,541.9500122070312,1117420
2018-05-22,537.686279296875,559.0499877929688,561.5,548.8250122070312,551.0,1157768
2018-05-23,523.3796997070312,544.1749877929688,567.5,540.0499877929688,561.5,2118262
2018-05-24,519.6287841796875,540.2750244140625,545.4749755859375,533.125,544.125,1429212
2018-05-25,548.00146484375,569.7750244140625,573.6500244140625,520.75,540.5,4844232
2018-05-28,555.1666259765625,577.2249755859375,579.7000122070312,564.125,572.0,2435866
2018-05-29,562.1396484375,584.4749755859375,589.5,575.8499755859375,578.4249877929688,2630830
2018-05-30,571.2045288085938,593.9000244140625,597.7000122070312,578.7750244140625,582.6500244140625,4025746
2018-05-31,556.6815185546875,578.7999877929688,596.0,571.375,594.0,26280130
2018-06-01,538.287353515625,559.6749877929688,577.3499755859375,557.0,576.3250122070312,1766476
2018-06-04,538.7682495117188,560.1749877929688,573.8250122070312,553.0,563.5,2081024
2018-06-05,524.8704223632812,545.7249755859375,559.0,540.7750244140625,558.0,888690
2018-06-06,523.3317260742188,544.125,549.3250122070312,537.6749877929688,547.0,1150396
2018-06-07,522.8988037109375,543.6749877929688,555.2000122070312,541.5,545.4000244140625,1267222
2018-06-08,514.7235717773438,535.1749877929688,543.4500122070312,528.75,542.5,1259006
2018-06-11,508.7366027832031,528.9500122070312,539.5,523.0250244140625,539.5,2274736
2018-06-12,509.0731506347656,529.2999877929688,533.0,525.75,530.0,1870410
2018-06-13,520.9993896484375,541.7000122070312,545.6500244140625,530.5250244140625,531.9500122070312,1494298
2018-06-14,520.806884765625,541.5,550.9000244140625,539.125,544.9749755859375,1299640
2018-06-15,521.2156982421875,541.9249877929688,549.25,536.5,544.5499877929688,931170
2018-06-18,518.426513671875,539.0250244140625,545.0,536.1500244140625,545.0,702490
2018-06-19,509.7944641113281,530.0499877929688,539.375,527.0499877929688,538.625,759954
2018-06-20,515.8777465820312,536.375,539.0,529.125,530.0,673254
2018-06-21,499.3110656738281,519.1500244140625,538.5499877929688,516.9500122070312,537.3499755859375,1126594
2018-06-22,505.2740478515625,525.3499755859375,528.0,509.57501220703125,512.5,1823444
2018-06-25,501.35491943359375,521.2750244140625,531.7249755859375,518.5499877929688,525.3499755859375,735772
2018-06-26,507.2697448730469,527.4249877929688,530.9000244140625,518.7750244140625,525.0,834088
2018-06-27,501.8116760253906,521.75,529.2999877929688,520.0,529.25,609324
2018-06-28,494.5021667480469,514.1500244140625,523.0,512.5750122070312,517.5499877929688,888772
2018-06-29,511.4295654296875,531.75,534.4749755859375,517.0,520.5750122070312,1284342
2018-07-02,509.60211181640625,529.8499755859375,542.9000244140625,527.5499877929688,531.6749877929688,917260
2018-07-03,511.69403076171875,532.0250244140625,538.9749755859375,530.0,530.4500122070312,874384
2018-07-04,514.2667846679688,534.7000122070312,537.0,528.3499755859375,532.5,383544
2018-07-05,510.94866943359375,531.25,538.2249755859375,529.3499755859375,535.0,487462
2018-07-06,508.1114196777344,528.2999877929688,535.7750244140625,525.5999755859375,529.0,759680
2018-07-09,514.0264282226562,534.4500122070312,538.4749755859375,530.25,531.875,481766
2018-07-10,516.6712036132812,537.2000122070312,541.3499755859375,533.7999877929688,537.5,725174
2018-07-11,521.8648071289062,542.5999755859375,549.25,537.6500244140625,539.75,1433846
2018-07-12,521.720703125,542.4500122070312,553.75,540.5,545.0750122070312,1833834
2018-07-13,511.9103698730469,532.25,545.6749877929688,530.5250244140625,545.6749877929688,655290
2018-07-16,506.3801574707031,526.5,534.5,518.1500244140625,534.5,830978
2018-07-17,508.76055908203125,528.9749755859375,536.2249755859375,524.5,525.5,607264
2018-07-18,509.7944641113281,530.0499877929688,539.3499755859375,528.2000122070312,530.0,770576
2018-07-19,502.82147216796875,522.7999877929688,535.1749877929688,520.5,532.4749755859375,606072
2018-07-20,495.77642822265625,515.4749755859375,523.7750244140625,514.5,520.0,777600
2018-07-23,505.1297912597656,525.2000122070312,528.7999877929688,520.6500244140625,520.6500244140625,771206
2018-07-24,517.8975219726562,538.4749755859375,540.1500244140625,522.5999755859375,522.5999755859375,1120754
2018-07-25,537.4699096679688,558.8250122070312,562.0,538.5,542.9749755859375,1662134
2018-07-26,535.8828125,557.1749877929688,566.1500244140625,547.5250244140625,558.9749755859375,1744564
2018-07-27,542.5432739257812,564.0999755859375,565.5499877929688,555.4500122070312,562.5,1317636
2018-07-30,537.4938354492188,558.8499755859375,568.5,557.5,564.9749755859375,560728
2018-07-31,540.259033203125,561.7249755859375,564.9000244140625,552.2999877929688,559.8499755859375,961594
2018-08-01,543.6253051757812,565.2249755859375,573.9000244140625,562.0499877929688,566.9500122070312,1760016
2018-08-02,529.3668212890625,550.4000244140625,562.0,540.7750244140625,562.0,2225090
2018-08-03,533.141845703125,554.3250122070312,559.875,551.0,551.0,760474
2018-08-06,528.8619384765625,549.875,557.0,546.0,554.5499877929688,686438
2018-08-07,530.9057006835938,552.0,556.9000244140625,549.9500122070312,549.9749755859375,681256
2018-08-08,538.263427734375,559.6500244140625,563.2000122070312,552.0,552.0,966112
2018-08-09,540.2830810546875,561.75,570.5,560.4000244140625,563.9749755859375,847510
2018-08-10,539.8743896484375,561.3250122070312,569.0,559.3499755859375,562.5,533840
2018-08-13,541.0764770507812,562.5750122070312,567.5,554.5250244140625,559.8250122070312,375162
2018-08-14,538.5758666992188,559.9749755859375,565.7000122070312,558.0,565.0,538462
2018-08-16,538.0230102539062,559.4000244140625,562.5,554.7000122070312,560.0,583358
2018-08-17,540.3792724609375,561.8499755859375,565.0750122070312,559.5750122070312,559.75,502500
2018-08-20,550.5020751953125,572.375,579.3499755859375,564.0,564.0,1896774
2018-08-21,552.580810546875,571.5250244140625,579.0,569.5499877929688,569.5499877929688,1215104
2018-08-23,561.089111328125,580.3250122070312,582.4500122070312,567.125,572.0,1012036
2018-08-24,556.5933227539062,575.6749877929688,586.7999877929688,574.7999877929688,584.5,1068340
2018-08-27,560.4848022460938,579.7000122070312,584.3499755859375,576.0,576.6749877929688,665680
2018-08-28,557.85009765625,576.9749755859375,594.0,562.0,583.75,946580
2018-08-29,554.9979858398438,574.0250244140625,583.0,572.4500122070312,574.0999755859375,760048
2018-08-30,549.3660278320312,568.2000122070312,576.4749755859375,566.5,573.7249755859375,2170238
2018-08-31,564.95654296875,584.3250122070312,587.9000244140625,568.5499877929688,569.5999755859375,1638760
2018-09-03,563.5303955078125,582.8499755859375,589.4000244140625,580.7750244140625,588.4000244140625,806710
2018-09-04,541.9696655273438,560.5499877929688,585.1749877929688,554.5,583.75,944682
2018-09-05,548.568359375,567.375,572.5,555.0250244140625,555.0250244140625,1855114
2018-09-06,556.810791015625,575.9000244140625,581.9000244140625,564.0999755859375,568.375,974816
2018-09-07,560.5814819335938,579.7999877929688,582.5,571.0,577.4000244140625,760570
2018-09-10,552.7741088867188,571.7249755859375,579.4749755859375,568.2249755859375,577.0,1089344
2018-09-11,538.3681030273438,556.8250122070312,578.0,555.0,572.0,1119602
2018-09-12,532.228515625,550.4749755859375,568.4749755859375,546.1500244140625,558.4000244140625,1516074
2018-09-14,549.4869384765625,568.3250122070312,571.625,554.1500244140625,554.5999755859375,969762
2018-09-17,536.36181640625,554.75,564.9000244140625,551.0,563.0,855096
2018-09-18,538.8031616210938,557.2750244140625,565.7999877929688,555.3250122070312,555.5,790280
2018-09-19,541.2203369140625,559.7750244140625,564.75,553.1749877929688,563.9500122070312,452320
2018-09-21,549.5836181640625,568.4249877929688,572.625,541.0,560.0,1674284
2018-09-24,528.361083984375,546.4749755859375,565.0,545.0,565.0,1083536
2018-09-25,531.865966796875,550.0999755859375,556.5,540.0,546.5,943828
2018-09-26,520.2154541015625,538.0499877929688,558.0,534.4749755859375,551.0499877929688,933878
2018-09-27,510.7159423828125,528.2249755859375,539.0,525.5999755859375,538.25,791226
2018-09-28,505.5917663574219,522.9249877929688,529.875,512.5499877929688,528.0750122070312,921328
2018-10-01,503.34381103515625,520.5999755859375,525.0,495.5,520.0999755859375,1112518
2018-10-03,481.42041015625,497.92498779296875,522.3499755859375,495.2749938964844,521.0499877929688,1926124
2018-10-04,467.8361511230469,483.875,492.5,478.9750061035156,492.5,998190
2018-10-05,467.4010314941406,483.42498779296875,496.0,479.45001220703125,482.75,1098906
2018-10-08,470.30157470703125,486.42498779296875,492.9750061035156,473.82501220703125,485.0,1227636
2018-10-09,441.9727783203125,457.125,490.6499938964844,447.5,490.0,1689812
2018-10-10,460.633056640625,476.42498779296875,479.75,458.0249938964844,461.5,680298
2018-10-11,463.92041015625,479.82501220703125,483.92498779296875,449.2749938964844,468.42498779296875,817348
2018-10-12,480.18768310546875,496.6499938964844,501.7250061035156,484.6499938964844,485.0,1252290
2018-10-15,478.0848083496094,494.4750061035156,500.70001220703125,488.29998779296875,499.0,697586
2018-10-16,479.3658447265625,495.79998779296875,505.0,491.5249938964844,494.0,1196540
2018-10-17,465.1289367675781,481.07501220703125,502.45001220703125,479.45001220703125,498.79998779296875,650174
2018-10-19,469.2138977050781,485.29998779296875,493.29998779296875,467.4750061035156,484.0,1194596
2018-10-22,469.93902587890625,486.04998779296875,496.32501220703125,476.1000061035156,488.0,1084616
2018-10-23,446.4686584472656,461.7749938964844,484.29998779296875,448.5,479.5,1663176
2018-10-24,455.5812683105469,471.20001220703125,473.375,454.2749938964844,465.5,1283546
2018-10-25,451.3271179199219,466.79998779296875,474.2749938964844,461.8500061035156,466.0,737720
2018-10-26,452.63238525390625,468.1499938964844,470.5,459.0249938964844,469.5,514858
2018-10-29,464.8388671875,480.7749938964844,482.70001220703125,461.5,469.0,688782
2018-10-30,452.29400634765625,467.79998779296875,486.0,465.1000061035156,486.0,1001512
2018-10-31,463.5335998535156,479.42498779296875,481.95001220703125,457.79998779296875,469.0,1872844
2018-11-01,472.47705078125,488.67498779296875,494.92498779296875,477.5,481.8999938964844,1325614
2018-11-02,478.25396728515625,494.6499938964844,502.5,489.7250061035156,495.0,1270530
2018-11-05,498.8479919433594,515.9500122070312,524.3499755859375,489.04998779296875,494.8500061035156,1842906
2018-11-06,481.7104797363281,498.2250061035156,517.4749755859375,495.0249938964844,517.4749755859375,1048918
2018-11-07,489.0585632324219,505.82501220703125,507.9750061035156,498.5,500.0,241658
2018-11-09,503.7305908203125,521.0,523.3499755859375,500.0249938964844,507.0,927352
2018-11-12,496.4066162109375,513.4249877929688,524.7750244140625,507.5,523.4749755859375,638698
2018-11-13,514.0032958984375,531.625,534.0,510.0,514.5,1072820
2018-11-14,530.0048217773438,548.1749877929688,553.5,532.5250244140625,539.8499755859375,1747812
2018-11-15,535.757568359375,554.125,557.0,538.4749755859375,544.3499755859375,972220
2018-11-16,540.9060668945312,559.4500122070312,561.125,550.5250244140625,554.5,793870
2018-11-19,542.6947021484375,561.2999877929688,566.3499755859375,555.2999877929688,561.0,905360
2018-11-20,545.3534545898438,564.0499877929688,566.5,557.5,560.0,912778
2018-11-21,558.5511474609375,577.7000122070312,579.9500122070312,564.2750244140625,564.2750244140625,1392748
2018-11-22,559.928955078125,579.125,582.3499755859375,573.125,573.5499877929688,876598
2018-11-26,559.3488159179688,578.5250244140625,584.3499755859375,572.5499877929688,580.2999877929688,1156630
2018-11-27,565.681640625,585.0750122070312,590.25,573.4749755859375,578.5,910216
2018-11-28,560.5331420898438,579.75,593.1500244140625,577.5,582.5499877929688,1147868
2018-11-29,572.9088745117188,592.5499877929688,597.4000244140625,564.0499877929688,580.0499877929688,2216962
2018-11-30,562.3701782226562,581.6500244140625,592.5499877929688,577.5999755859375,591.0,2557060
2018-12-03,556.810791015625,575.9000244140625,584.5,571.2000122070312,578.0499877929688,733790
2018-12-04,561.4034423828125,580.6500244140625,588.0,574.0,576.5250244140625,928488
2018-12-05,559.3488159179688,578.5250244140625,589.0,573.5999755859375,580.6500244140625,1354402
2018-12-06,548.5442504882812,567.3499755859375,578.3499755859375,565.0499877929688,578.3499755859375,1152900
2018-12-07,551.1546020507812,570.0499877929688,575.8499755859375,561.7999877929688,567.5,671424
2018-12-10,542.9122924804688,561.5250244140625,564.0,553.6500244140625,557.75,755870
2018-12-11,542.0421752929688,560.625,568.4500122070312,552.625,559.5,620106
2018-12-12,556.9799194335938,576.0750122070312,578.0999755859375,556.4500122070312,567.4500122070312,1472756
2018-12-13,561.8384399414062,581.0999755859375,585.0,574.0250244140625,579.9749755859375,887392
2018-12-14,564.2555541992188,583.5999755859375,591.0,577.5,577.5,1133436
2018-12-17,573.0056762695312,592.6500244140625,598.1749877929688,578.0750122070312,584.0499877929688,1382428
2018-12-18,564.7389526367188,584.0999755859375,594.9000244140625,582.5250244140625,594.0,884452
2018-12-19,580.5953979492188,600.5,605.7249755859375,584.2249755859375,586.4500122070312,3282204
2018-12-20,576.5587768554688,596.3250122070312,601.0,590.9000244140625,597.5,1241818
2018-12-21,552.2666015625,571.2000122070312,596.5,568.5999755859375,596.5,1958246
2018-12-24,540.9060668945312,559.4500122070312,573.2999877929688,556.2999877929688,567.5499877929688,845592
2018-12-26,533.7030029296875,552.0,557.0,543.5250244140625,552.5,1420734
2018-12-27,538.3922119140625,556.8499755859375,561.5750122070312,550.5499877929688,558.125,1409054
2018-12-28,532.7119140625,550.9749755859375,563.7249755859375,549.0,561.5999755859375,1714558
2018-12-31,535.5642700195312,553.9249877929688,558.0,551.6500244140625,552.5,803900
2019-01-01,532.7119140625,550.9749755859375,558.0,547.5750122070312,556.3499755859375,382168
2019-01-02,535.467529296875,553.8250122070312,558.0999755859375,544.1500244140625,551.5499877929688,821676
2019-01-03,536.2410278320312,554.625,559.7000122070312,550.25,551.2000122070312,522492
2019-01-04,534.5247802734375,552.8499755859375,559.2000122070312,551.6500244140625,554.6500244140625,545604
2019-01-07,533.026123046875,551.2999877929688,557.4000244140625,546.3499755859375,554.125,450572
2019-01-08,533.1712036132812,551.4500122070312,554.0,546.2999877929688,551.5,422184
2019-01-09,530.8507690429688,549.0499877929688,558.5,546.6749877929688,552.1500244140625,1253670
2019-01-10,539.0932006835938,557.5750122070312,563.625,543.5,547.5,1694164
2019-01-11,536.2410278320312,554.625,566.5,551.7999877929688,558.0,2059068
2019-01-14,548.5201416015625,567.3250122070312,570.375,550.0,557.4500122070312,2003390
2019-01-15,565.0773315429688,584.4500122070312,589.375,567.8499755859375,569.9500122070312,3077208
2019-01-16,557.8743896484375,577.0,585.8499755859375,575.0999755859375,582.25,816454
2019-01-17,556.6900024414062,575.7750244140625,582.8250122070312,574.3499755859375,578.4749755859375,647062
2019-01-18,555.360595703125,574.4000244140625,581.2999877929688,570.1749877929688,576.0,578048
2019-01-21,558.4302978515625,577.5750122070312,584.0,572.0,575.0,659136
2019-01-22,557.2942504882812,576.4000244140625,583.75,572.7249755859375,580.0,1106134
2019-01-23,546.9730224609375,565.7249755859375,580.9749755859375,564.25,580.2999877929688,1088426
2019-01-24,536.2893676757812,554.6749877929688,569.7249755859375,545.5,555.0250244140625,4441102
2019-01-25,546.1754150390625,564.9000244140625,568.7999877929688,554.5750122070312,559.5,2205190
2019-01-28,532.7362060546875,551.0,567.5,549.0499877929688,566.0,857136
2019-01-29,534.5973510742188,552.9249877929688,559.9500122070312,545.625,550.3250122070312,627254
2019-01-30,536.65185546875,555.0499877929688,559.0,536.0750122070312,550.0,2001114
2019-01-31,541.3169555664062,559.875,562.5,545.75,553.0499877929688,2206280
2019-02-01,542.7914428710938,561.4000244140625,572.0,556.25,560.4749755859375,1889278
2019-02-04,542.0178833007812,560.5999755859375,566.9749755859375,548.0499877929688,557.0,1481798
2019-02-05,541.0994262695312,559.6500244140625,567.0999755859375,557.9749755859375,562.7750244140625,721206
2019-02-06,543.85498046875,562.5,566.125,557.0499877929688,560.0250244140625,485834
2019-02-07,562.5394287109375,581.8250122070312,583.9500122070312,560.0,560.0,1366878
2019-02-08,555.989013671875,575.0499877929688,583.5499877929688,571.0499877929688,580.0250244140625,1009708
2019-02-11,544.120849609375,562.7750244140625,580.9500122070312,558.625,575.0,593314
2019-02-12,549.10009765625,567.9249877929688,571.4500122070312,554.25,563.5,1335226
2019-02-14,538.2471923828125,556.7000122070312,565.9500122070312,555.5499877929688,565.0250244140625,581282
2019-02-15,529.8838500976562,548.0499877929688,558.9249877929688,540.0750122070312,556.9500122070312,1130812
2019-02-18,521.9798583984375,539.875,552.5,523.0999755859375,548.4749755859375,2180544
2019-02-19,510.64361572265625,528.1500244140625,546.5,526.0750122070312,539.9500122070312,1141062
2019-02-20,519.659423828125,537.4749755859375,542.3499755859375,528.25,528.25,770342
2019-02-21,519.176025390625,536.9749755859375,541.5,533.0750122070312,537.5499877929688,535326
2019-02-22,520.50537109375,538.3499755859375,543.4249877929688,532.75,535.7000122070312,578804
2019-02-25,534.5247802734375,552.8499755859375,555.9000244140625,538.0,538.5499877929688,1345786
2019-02-26,544.6284790039062,563.2999877929688,566.0,540.0,552.0,949388
2019-02-27,554.6112060546875,573.625,577.0,557.0250244140625,561.7750244140625,2106036
2019-02-28,557.1250610351562,576.2249755859375,580.9500122070312,570.1749877929688,575.0,1256534
2019-03-01,553.1126098632812,572.0750122070312,579.375,566.0499877929688,575.5,719974
2019-03-05,552.21826171875,571.1500244140625,577.25,568.0999755859375,575.0,565494
2019-03-06,552.0973510742188,571.0250244140625,584.8499755859375,568.4000244140625,573.4749755859375,1888644
2019-03-07,548.1815795898438,566.9749755859375,574.9500122070312,565.0,572.25,621134
2019-03-08,543.6132202148438,562.25,569.9749755859375,556.0999755859375,568.2249755859375,885602
2019-03-11,550.2119750976562,569.0750122070312,570.8250122070312,562.1500244140625,562.7750244140625,781644
2019-03-12,547.1180419921875,565.875,574.7000122070312,564.0,572.5750122070312,1392766
2019-03-13,568.7030639648438,588.2000122070312,591.0,565.5750122070312,567.0250244140625,2935250
2019-03-14,565.5850219726562,584.9749755859375,595.0,581.0499877929688,595.0,2703860
2019-03-15,563.4094848632812,582.7249755859375,596.9249877929688,580.0,585.5,1436954
2019-03-18,568.1953735351562,587.6749877929688,590.8499755859375,580.5,583.75,650576
2019-03-19,568.7030639648438,588.2000122070312,595.0,585.0499877929688,587.625,873692
2019-03-20,568.8722534179688,588.375,593.5,582.5,591.0,869168
2019-03-22,572.8606567382812,592.5,600.0,587.5,587.5,1337004
2019-03-25,570.2259521484375,589.7750244140625,592.5,583.5,588.5,444482
2019-03-26,592.9469604492188,613.2750244140625,620.0,587.0499877929688,587.0499877929688,4054290
2019-03-27,591.7142333984375,612.0,618.5250244140625,606.7750244140625,615.0,1801506
2019-03-28,592.6568603515625,612.9749755859375,621.75,608.5,612.5,1479454
2019-04-01,605.5643310546875,626.3250122070312,633.0,622.8250122070312,625.0,1053816
2019-04-02,608.1990356445312,629.0499877929688,632.5,621.0,629.9749755859375,762924
2019-04-03,617.3358154296875,638.5,648.5,626.2750244140625,631.7750244140625,2309968
2019-04-04,622.7018432617188,644.0499877929688,647.25,631.75,642.4749755859375,2022614
2019-04-05,621.9766845703125,643.2999877929688,647.9749755859375,640.0999755859375,644.5,547556
2019-04-08,621.1790771484375,642.4749755859375,644.5999755859375,636.0499877929688,642.5,686702
2019-04-09,616.1998291015625,637.3250122070312,639.4500122070312,631.8250122070312,639.2750244140625,637938
2019-04-10,619.8255615234375,641.0750122070312,643.0999755859375,635.0,635.0,549200
2019-04-11,617.5050659179688,638.6749877929688,647.7750244140625,635.0250244140625,640.5,793678
2019-04-12,623.7169799804688,645.0999755859375,647.0,638.6749877929688,640.4000244140625,655726
2019-04-15,628.8414306640625,650.4000244140625,656.2999877929688,640.0,642.125,1234990
2019-04-16,624.4663696289062,645.875,651.5,643.75,650.0,418260
2019-04-18,606.942138671875,627.75,651.3499755859375,626.0499877929688,642.4749755859375,975620
2019-04-22,594.590576171875,614.9749755859375,625.9749755859375,611.75,625.0,585418
2019-04-23,583.42333984375,603.4249877929688,615.0,597.5,612.9000244140625,1499062
2019-04-24,590.7230834960938,610.9749755859375,613.75,605.0,606.5,775716
2019-04-25,584.0277099609375,604.0499877929688,619.1500244140625,602.5,611.75,1714110
2019-04-26,590.4573364257812,610.7000122070312,614.9249877929688,604.0,608.9000244140625,682798
2019-04-30,596.8143310546875,617.2750244140625,621.5,605.7999877929688,612.0,1012136
2019-05-02,594.0347290039062,614.4000244140625,627.5,612.5999755859375,614.5,2567946
2019-05-03,580.8370971679688,600.75,619.2249755859375,596.7750244140625,619.2249755859375,1248228
2019-05-06,574.2383422851562,593.9249877929688,600.0,589.0,600.0,1225142
2019-05-07,569.8150024414062,589.3499755859375,599.9500122070312,587.0,594.6749877929688,691284
2019-05-08,562.8777465820312,582.1749877929688,591.5999755859375,578.8499755859375,589.1500244140625,845072
2019-05-09,560.5331420898438,579.75,589.3250122070312,577.2249755859375,583.5,614882
2019-05-10,564.56982421875,583.9249877929688,589.375,576.5,580.0,607344
2019-05-13,558.0919189453125,577.2249755859375,587.0499877929688,575.0250244140625,583.5999755859375,429154
2019-05-14,550.7196044921875,569.5999755859375,578.625,565.6500244140625,575.0,1074650
2019-05-15,562.9745483398438,582.2750244140625,589.3499755859375,547.5,549.5,5689994
2019-05-16,557.8018798828125,576.9249877929688,584.8499755859375,572.5250244140625,577.6500244140625,1100792
2019-05-17,561.8384399414062,581.0999755859375,587.4000244140625,574.2000122070312,578.7000122070312,1238394
2019-05-20,588.3302612304688,608.5,615.0,585.7999877929688,590.0,1518834
2019-05-21,580.0394287109375,599.9249877929688,609.0,593.0499877929688,609.0,1057218
2019-05-22,585.7197265625,605.7999877929688,607.9749755859375,591.2750244140625,602.4500122070312,802734
2019-05-23,579.9185791015625,599.7999877929688,615.0,597.7249755859375,608.3250122070312,1022470
2019-05-24,598.2887573242188,618.7999877929688,625.0,592.625,604.0,1987386
2019-05-27,594.13134765625,614.5,620.9249877929688,608.4500122070312,617.4000244140625,1001530
2019-05-28,612.0906372070312,633.0750122070312,637.5,612.2999877929688,617.0,2640296
2019-05-29,614.4352416992188,635.5,637.5,625.0250244140625,632.2249755859375,1032966
2019-05-30,613.3233032226562,634.3499755859375,641.0250244140625,630.0,634.9000244140625,1320234
2019-05-31,623.451171875,644.8250122070312,650.7000122070312,632.0499877929688,634.0,2160342
2019-06-03,626.3759155273438,647.8499755859375,652.0999755859375,641.2000122070312,648.8499755859375,1190030
2019-06-04,618.54443359375,639.75,646.5250244140625,636.75,646.4000244140625,1319460
2019-06-06,614.0484008789062,635.0999755859375,643.5,630.5,643.5,1074702
2019-06-07,607.0388793945312,627.8499755859375,633.2000122070312,623.0,632.7750244140625,1438228
2019-06-10,620.4539184570312,641.7249755859375,645.9000244140625,630.75,632.4000244140625,1205716
2019-06-11,622.9677734375,644.3250122070312,652.4000244140625,641.0,641.0,1087232
2019-06-12,618.7135620117188,639.9249877929688,647.5250244140625,637.6500244140625,647.5,970696
2019-06-13,604.7184448242188,625.4500122070312,636.0,623.5499877929688,636.0,1732392
2019-06-14,601.3827514648438,622.0,625.4500122070312,619.2249755859375,625.0250244140625,1615328
2019-06-17,600.4401245117188,621.0250244140625,627.5,617.5750122070312,622.0,1043986
2019-06-18,598.385498046875,618.9000244140625,622.8499755859375,616.0,621.1749877929688,904914
2019-06-19,602.0595703125,622.7000122070312,631.2999877929688,618.0,620.5250244140625,947484
2019-06-20,605.0810546875,625.8250122070312,630.6749877929688,617.5250244140625,622.5499877929688,1143820
2019-06-21,596.0650024414062,616.5,625.3250122070312,606.0,620.5499877929688,1489028
2019-06-24,592.8261108398438,613.1500244140625,616.2000122070312,607.5750122070312,613.5,403198
2019-06-25,596.3309936523438,616.7750244140625,620.5250244140625,610.5,612.5,730472
2019-06-26,592.6810913085938,613.0,620.0,607.6500244140625,614.0,1309168
2019-06-27,591.3033447265625,611.5750122070312,616.0,608.4000244140625,612.125,1167212
2019-06-28,587.0975341796875,607.2249755859375,615.9249877929688,604.5499877929688,613.0,906948
2019-07-01,583.2301025390625,603.2249755859375,611.0,599.7750244140625,608.5,770418
2019-07-02,584.9461669921875,605.0,608.125,600.5750122070312,606.0,1250198
2019-07-03,590.2396850585938,610.4749755859375,613.0,607.125,608.1500244140625,1052020
2019-07-04,593.0919799804688,613.4249877929688,621.0999755859375,610.0,610.0,1511742
2019-07-05,583.1334228515625,603.125,619.25,600.0250244140625,614.75,1570946
2019-07-08,579.9185791015625,599.7999877929688,602.5,590.0,602.5,497016
2019-07-09,569.3557739257812,588.875,600.0,584.0499877929688,600.0,838060
2019-07-10,572.0145874023438,591.625,593.875,586.5,589.125,390362
2019-07-11,573.9725341796875,593.6500244140625,597.0,586.8499755859375,592.0250244140625,617444
2019-07-12,572.9814453125,592.625,597.25,589.9000244140625,592.0750122070312,340862
2019-07-15,580.9821166992188,600.9000244140625,603.9749755859375,590.2750244140625,593.0,744504
2019-07-16,588.8136596679688,609.0,613.0,596.0250244140625,600.5,585774
2019-07-17,594.2522583007812,614.625,619.9500122070312,612.5,612.5,999296
2019-07-18,593.5753784179688,613.9249877929688,617.75,608.0999755859375,614.5,1063788
2019-07-19,577.864013671875,597.6749877929688,615.2000122070312,596.0250244140625,614.5,937034
2019-07-22,579.2416381835938,599.0999755859375,600.1749877929688,588.0,594.6749877929688,477094
2019-07-23,583.2301025390625,603.2249755859375,605.5,594.0,602.0,763416
2019-07-24,595.9442138671875,616.375,624.5,591.25,603.125,1259182
2019-07-25,596.8143310546875,617.2750244140625,622.125,610.0,619.0,1058106
2019-07-26,601.33447265625,621.9500122070312,627.0,613.0,617.0,1282068
2019-07-29,602.9380493164062,620.3499755859375,623.0999755859375,611.7750244140625,619.4500122070312,681970
2019-07-30,597.1064453125,614.3499755859375,625.4000244140625,612.5,622.0,1035576
2019-07-31,602.8894653320312,620.2999877929688,622.5,607.9249877929688,616.4749755859375,1048636
2019-08-01,588.6992797851562,605.7000122070312,622.25,599.1749877929688,621.7249755859375,1486020
2019-08-02,610.7135009765625,628.3499755859375,634.7000122070312,593.0499877929688,604.3250122070312,2108814
2019-08-05,618.634765625,636.5,638.875,620.1749877929688,624.5,2230812
2019-08-06,635.9837036132812,654.3499755859375,661.8499755859375,633.5499877929688,634.9000244140625,3567816
2019-08-07,626.8475341796875,644.9500122070312,660.4249877929688,642.2000122070312,660.0,2086226
2019-08-08,645.7759399414062,664.4249877929688,666.5,643.0,648.3250122070312,1767796
2019-08-09,656.9046020507812,675.875,679.3250122070312,667.1500244140625,669.4500122070312,1929904
2019-08-13,653.1869506835938,672.0499877929688,685.5,668.6500244140625,674.5,1467998
2019-08-14,654.6934204101562,673.5999755859375,679.9500122070312,665.5999755859375,674.5,1065290
2019-08-16,665.5062866210938,684.7249755859375,686.5,670.0,677.5,914628
2019-08-19,665.3361206054688,684.5499877929688,692.0,677.9249877929688,685.0,1031168
2019-08-20,666.356689453125,685.5999755859375,691.9749755859375,680.4249877929688,685.0,1420398
2019-08-21,663.9754638671875,683.1500244140625,688.9749755859375,680.5,686.0,659202
2019-08-22,661.56982421875,680.6749877929688,684.6749877929688,672.7750244140625,684.6500244140625,782810
2019-08-23,660.7680053710938,679.8499755859375,687.0,677.5250244140625,679.9749755859375,674566
2019-08-26,673.718994140625,693.1749877929688,694.8499755859375,673.5,685.0,654940
2019-08-27,666.672607421875,685.9249877929688,700.0,684.625,695.0,1432332
2019-08-28,669.831298828125,689.1749877929688,694.0,681.5750122070312,688.0,847872
2019-08-29,667.7902221679688,687.0750122070312,692.5,679.1749877929688,686.4749755859375,801672
2019-08-30,669.515380859375,688.8499755859375,691.25,682.4000244140625,688.9749755859375,855120
2019-09-03,655.3981323242188,674.3250122070312,690.8250122070312,672.5250244140625,688.4500122070312,657150
2019-09-04,661.229736328125,680.3250122070312,682.0999755859375,667.5250244140625,675.9749755859375,783564
2019-09-05,665.45751953125,684.6749877929688,686.4749755859375,678.0250244140625,680.9749755859375,582838
2019-09-06,666.818359375,686.0750122070312,688.4249877929688,679.6749877929688,685.0499877929688,364004
2019-09-09,668.0574340820312,687.3499755859375,690.25,683.0499877929688,687.0,421476
2019-09-11,668.1547241210938,687.4500122070312,691.4749755859375,683.0,689.5,773180
2019-09-12,666.47802734375,685.7249755859375,694.3250122070312,682.5499877929688,687.0,895290
2019-09-13,669.4182739257812,688.75,690.5,682.7999877929688,687.4500122070312,748584
2019-09-16,660.500732421875,679.5750122070312,682.5,667.8250122070312,682.0,1026212
2019-09-17,642.5928955078125,661.1500244140625,678.2000122070312,658.0,678.2000122070312,1460692
2019-09-18,636.4940185546875,654.875,662.75,646.0,653.5999755859375,2524482
2019-09-19,629.107421875,647.2750244140625,655.9000244140625,646.0250244140625,652.5,597234
2019-09-20,684.6046752929688,704.375,711.0,644.0,650.0,3107284
2019-09-23,719.8858032226562,740.6749877929688,746.0,715.0,717.5,1894164
2019-09-24,707.955322265625,728.4000244140625,746.75,725.4000244140625,746.3499755859375,908660
2019-09-25,699.1593627929688,719.3499755859375,728.4000244140625,705.5499877929688,728.4000244140625,704520
2019-09-26,706.6432495117188,727.0499877929688,730.9000244140625,718.9500122070312,721.0999755859375,784612
2019-09-27,717.6746826171875,738.4000244140625,744.9000244140625,720.2249755859375,724.9500122070312,1076536
2019-09-30,701.613525390625,721.875,738.5,715.5499877929688,738.5,853990
2019-10-01,699.4266357421875,719.625,733.625,713.625,725.125,848126
2019-10-03,677.0235595703125,696.5750122070312,723.9500122070312,688.7750244140625,722.4500122070312,871970
2019-10-04,664.7286376953125,683.9249877929688,699.1500244140625,682.0,696.9749755859375,1007466
2019-10-07,663.8296508789062,683.0,689.1500244140625,676.5499877929688,684.0,425510
2019-10-09,649.5178833007812,668.2750244140625,688.0,667.0,685.9000244140625,2272204
2019-10-10,660.3549194335938,679.4249877929688,684.7249755859375,661.5,668.0,1218636
2019-10-11,663.7810668945312,682.9500122070312,691.0,680.5999755859375,682.0750122070312,745104
2019-10-14,662.00732421875,681.125,692.4000244140625,679.5,685.0250244140625,742342
2019-10-15,670.2686157226562,689.625,694.7750244140625,675.7750244140625,684.5,799126
2019-10-16,661.3512573242188,680.4500122070312,692.4500122070312,679.0250244140625,690.0,1124052
2019-10-17,659.5530395507812,678.5999755859375,687.4249877929688,676.5,680.5,2005614
2019-10-18,656.7830810546875,675.75,689.0,672.0,680.0,1652812
2019-10-22,656.1513061523438,675.0999755859375,691.0,672.0250244140625,680.25,2529016
2019-10-23,644.0264892578125,662.625,681.2000122070312,660.5,679.3250122070312,1606420
2019-10-24,662.2745361328125,681.4000244140625,683.9749755859375,665.75,667.5,1088876
2019-10-25,650.5870361328125,669.375,689.9500122070312,666.5,684.4500122070312,1915746
2019-10-27,656.5401000976562,675.5,677.4500122070312,672.7249755859375,675.0,161316
2019-10-29,661.229736328125,680.3250122070312,683.25,675.5999755859375,679.0,1335958
2019-10-30,663.4407958984375,682.5999755859375,687.0,674.5999755859375,687.0,1064380
2019-10-31,681.1299438476562,700.7999877929688,707.0,683.2750244140625,683.2750244140625,2632498
2019-11-01,679.3561401367188,698.9749755859375,712.2249755859375,696.5499877929688,704.5,1390928
2019-11-04,680.0850830078125,699.7249755859375,704.0,692.5,704.0,923938
2019-11-05,674.9096069335938,694.4000244140625,702.5,688.5,702.5,851300
2019-11-06,666.3079833984375,685.5499877929688,698.7000122070312,684.2999877929688,698.4000244140625,971736
2019-11-07,671.8965454101562,691.2999877929688,692.9249877929688,683.2000122070312,690.0,662148
2019-11-08,658.0709838867188,677.0750122070312,694.3499755859375,672.75,691.0499877929688,845920
2019-11-11,642.0097045898438,660.5499877929688,680.5250244140625,659.0,680.0,1081652
2019-11-13,643.4189453125,662.0,673.2000122070312,657.2999877929688,660.5,2773612
2019-11-14,653.3327026367188,672.2000122070312,674.9500122070312,653.875,659.0,2871716
2019-11-15,639.8472900390625,658.3250122070312,672.5,657.1749877929688,672.5,1399290
2019-11-18,634.3071899414062,652.625,661.4749755859375,650.5,659.7249755859375,1126722
2019-11-19,630.8568725585938,649.0750122070312,653.0,644.0,652.5,1388626
2019-11-20,645.4114990234375,664.0499877929688,666.5,650.0499877929688,650.0499877929688,1734964
2019-11-21,631.6343994140625,649.875,667.25,648.0,665.2750244140625,988758
2019-11-22,630.7353515625,648.9500122070312,658.2249755859375,644.2249755859375,651.5,831346
2019-11-25,631.9259033203125,650.1749877929688,653.0499877929688,639.0,652.9500122070312,1267168
2019-11-26,634.477294921875,652.7999877929688,662.0999755859375,647.5750122070312,651.5,2060282
2019-11-27,638.19482421875,656.625,660.9000244140625,653.0,656.8499755859375,730694
2019-11-28,636.9070434570312,655.2999877929688,663.75,652.3250122070312,656.625,1238446
2019-11-29,633.2138671875,651.5,660.0,650.0,656.0,578104
2019-12-02,641.5966796875,660.125,662.4249877929688,645.0,655.0,976858
2019-12-03,642.252685546875,660.7999877929688,665.5,657.7750244140625,662.7000122070312,832656
2019-12-04,641.645263671875,660.1749877929688,663.9749755859375,656.5750122070312,660.0,474742
2019-12-05,637.0771484375,655.4749755859375,662.5,653.7750244140625,659.9500122070312,620934
2019-12-06,639.3855590820312,657.8499755859375,669.0,654.0750122070312,656.4500122070312,1278290
2019-12-09,644.925537109375,663.5499877929688,667.5,657.0,659.4500122070312,690090
2019-12-10,641.2565307617188,659.7750244140625,665.9000244140625,658.75,663.6749877929688,462998
2019-12-11,646.5048828125,665.1749877929688,666.5,660.0499877929688,660.4749755859375,357716
2019-12-12,646.8451538085938,665.5250244140625,670.0,661.8250122070312,665.0,699640
2019-12-13,643.6377563476562,662.2249755859375,668.9500122070312,659.3499755859375,668.9500122070312,574280
2019-12-16,639.1668090820312,657.625,667.7000122070312,656.375,662.2249755859375,418738
2019-12-17,645.1442260742188,663.7750244140625,665.5750122070312,654.0,660.4500122070312,647870
2019-12-18,663.1978759765625,682.3499755859375,686.5,663.875,664.4000244140625,1986964
2019-12-19,669.0780639648438,688.4000244140625,692.0,683.5,684.9500122070312,2010318
2019-12-20,669.4425659179688,688.7750244140625,692.5999755859375,687.0,688.5499877929688,1116378
2019-12-23,669.2238159179688,688.5499877929688,693.3499755859375,680.8250122070312,688.0,488620
2019-12-24,669.126708984375,688.4500122070312,693.9249877929688,682.5,690.0,445768
2019-12-26,675.5413818359375,695.0499877929688,698.0,688.5,692.0499877929688,1154522
2019-12-27,679.501953125,699.125,703.0999755859375,695.25,699.0,908624
2019-12-30,683.5841674804688,703.3250122070312,704.7000122070312,697.5250244140625,701.0,433078
2019-12-31,673.986328125,693.4500122070312,703.4249877929688,692.5750122070312,700.4749755859375,549516
2020-01-01,682.9523315429688,702.6749877929688,706.0,693.5,694.0250244140625,505046
2020-01-02,679.8908081054688,699.5250244140625,705.5,697.75,702.5,412824
2020-01-03,679.21044921875,698.8250122070312,701.4500122070312,695.7750244140625,697.75,487864
2020-01-06,674.3751220703125,693.8499755859375,697.4500122070312,690.9749755859375,693.6749877929688,1578998
2020-01-07,680.2067260742188,699.8499755859375,715.9249877929688,695.0,695.0499877929688,1727370
2020-01-08,682.0776977539062,701.7750244140625,703.6500244140625,694.5,696.0499877929688,519582
2020-01-09,687.3504028320312,707.2000122070312,712.7249755859375,703.5499877929688,705.2750244140625,1021788
2020-01-10,687.71484375,707.5750122070312,716.4249877929688,704.5750122070312,710.0,5168956
2020-01-13,692.7445678710938,712.75,717.2000122070312,707.5499877929688,709.9500122070312,594534
2020-01-14,693.5707397460938,713.5999755859375,715.8499755859375,708.5,712.75,571640
2020-01-15,695.9276733398438,716.0250244140625,719.3499755859375,707.5499877929688,713.4000244140625,784918
2020-01-16,705.9386596679688,726.3250122070312,728.0,715.0250244140625,715.625,1138358
2020-01-17,703.60595703125,723.9249877929688,727.5999755859375,717.0999755859375,726.75,979182
2020-01-20,699.9854736328125,720.2000122070312,732.5,719.0999755859375,725.0,652618
2020-01-21,687.5204467773438,707.375,720.0,706.25,719.625,470402
2020-01-22,694.226806640625,714.2750244140625,722.4749755859375,709.4000244140625,711.8250122070312,697620
2020-01-23,701.9293823242188,722.2000122070312,723.5,710.0,714.5250244140625,417130
2020-01-24,708.3440551757812,728.7999877929688,730.75,718.0499877929688,720.0,1003996
2020-01-27,717.6259765625,738.3499755859375,740.8499755859375,725.5,729.0999755859375,1534176
2020-01-28,710.2879028320312,730.7999877929688,739.5499877929688,726.0499877929688,737.0,612014
2020-01-29,727.3453979492188,748.3499755859375,754.9500122070312,733.0999755859375,733.0999755859375,1269956
2020-01-30,739.0814208984375,760.4249877929688,772.5,747.5,767.5,5117712
2020-01-31,734.804931640625,756.0250244140625,769.0,752.625,764.9000244140625,1539330
2020-02-03,759.9779663085938,781.9249877929688,787.2000122070312,742.75,742.75,2304190
2020-02-04,756.649169921875,778.5,787.0,772.9500122070312,785.0,1204662
2020-02-05,753.7089233398438,775.4749755859375,781.0,771.0499877929688,779.3250122070312,906316
2020-02-06,753.4417114257812,775.2000122070312,779.375,761.75,775.6500244140625,1468834
2020-02-07,757.572509765625,779.4500122070312,789.9500122070312,770.5,770.5,1064264
2020-02-10,765.8582153320312,787.9749755859375,790.9000244140625,773.5,779.4500122070312,801762
2020-02-11,769.454345703125,791.6749877929688,799.5,787.0250244140625,793.0,1106824
2020-02-12,772.321533203125,794.625,799.0,790.2000122070312,791.6749877929688,660122
2020-02-13,766.8544311523438,789.0,796.5,787.5499877929688,795.0,491938
2020-02-14,769.454345703125,791.6749877929688,803.5,789.2999877929688,791.0499877929688,984192
2020-02-17,767.048828125,789.2000122070312,803.0,787.5499877929688,791.0499877929688,723906
2020-02-18,767.75341796875,789.9249877929688,802.5,783.75,802.5,744788
2020-02-19,774.5084228515625,796.875,799.4000244140625,788.2999877929688,791.4500122070312,460266
2020-02-20,765.5423583984375,787.6500244140625,798.9000244140625,785.8499755859375,795.0499877929688,538030
2020-02-24,755.9202270507812,777.75,791.9749755859375,775.75,788.0,584382
2020-02-25,756.2361450195312,778.0750122070312,788.5,775.0499877929688,775.0499877929688,613882
2020-02-26,746.298095703125,767.8499755859375,781.4749755859375,763.0999755859375,775.0,667298
2020-02-27,754.7296142578125,776.5250244140625,781.9000244140625,762.5,768.0,1388310
2020-02-28,735.315185546875,756.5499877929688,775.0,747.7999877929688,775.0,1741130
2020-03-02,744.8644409179688,766.375,780.0,755.5499877929688,765.0,1024294
2020-03-03,747.7073364257812,769.2999877929688,777.4749755859375,758.5250244140625,766.5499877929688,842102
2020-03-04,768.725341796875,790.9249877929688,793.5,766.7750244140625,770.0499877929688,3274152
2020-03-05,791.9788208007812,814.8499755859375,822.5,796.0499877929688,804.0,3031866
2020-03-06,803.6906127929688,826.9000244140625,830.5999755859375,784.5499877929688,784.5499877929688,3189678
2020-03-09,796.7169799804688,819.7249755859375,845.0,804.0499877929688,834.5,3363874
2020-03-11,826.020751953125,849.875,854.9500122070312,810.4749755859375,811.125,3643020
2020-03-12,773.7307739257812,796.0750122070312,837.5,793.375,835.0499877929688,3663360
2020-03-13,743.7852172851562,761.9000244140625,784.5999755859375,677.5250244140625,737.5,4964728
2020-03-16,722.6986694335938,740.2999877929688,757.5,728.9000244140625,751.0,2324356
2020-03-17,760.9422607421875,779.4749755859375,796.0,734.9000244140625,737.3499755859375,2759134
2020-03-18,730.362060546875,748.1500244140625,798.9749755859375,737.5,782.5250244140625,2670274
2020-03-19,705.66357421875,722.8499755859375,748.9500122070312,664.0,720.1500244140625,3091620
2020-03-20,732.9246826171875,750.7750244140625,771.9749755859375,711.5499877929688,729.5,1996496
2020-03-23,620.4879150390625,635.5999755859375,731.5,607.0,678.0,2000832
2020-03-24,622.3916625976562,637.5499877929688,674.8499755859375,617.0499877929688,629.25,1803784
2020-03-25,620.439208984375,635.5499877929688,658.1500244140625,592.7750244140625,632.5,2112394
2020-03-26,618.8773193359375,633.9500122070312,664.4000244140625,626.2999877929688,657.4749755859375,2098656
2020-03-27,634.1307983398438,649.5750122070312,662.4749755859375,630.5750122070312,657.0,2089670
2020-03-30,626.3453979492188,641.5999755859375,649.4749755859375,614.6500244140625,637.5,1320036
2020-03-31,662.0751342773438,678.2000122070312,684.0250244140625,638.9749755859375,660.0,2293404
2020-04-01,633.2278442382812,648.6500244140625,687.2000122070312,645.0,677.5,1282628
2020-04-03,593.4954223632812,607.9500122070312,650.2000122070312,598.2000122070312,649.5,2620234
2020-04-07,632.7396850585938,648.1500244140625,652.5,609.5999755859375,624.0,1973836
2020-04-08,636.1807861328125,651.6749877929688,692.3499755859375,641.8250122070312,648.1500244140625,1788542
2020-04-09,658.316650390625,674.3499755859375,684.0,659.0750122070312,669.0,1204756
2020-04-13,672.496337890625,688.875,705.0,658.5250244140625,675.25,2033204
2020-04-15,719.9652099609375,737.5,745.2000122070312,700.0,702.2750244140625,3412056
2020-04-16,720.355712890625,737.9000244140625,747.4500122070312,733.1749877929688,740.0,2056066
2020-04-17,718.0128173828125,735.5,759.4249877929688,728.6500244140625,755.5250244140625,1523846
2020-04-20,715.4990844726562,732.9249877929688,749.4500122070312,723.0,735.5499877929688,1237266
2020-04-21,720.3069458007812,737.8499755859375,741.9749755859375,711.0499877929688,718.25,2158840
2020-04-22,750.8383178710938,769.125,773.5,728.5499877929688,737.8499755859375,2862354
2020-04-23,751.3020629882812,769.5999755859375,792.0,765.5750122070312,774.2249755859375,2779842
2020-04-24,734.7061767578125,752.5999755859375,788.4000244140625,750.0750122070312,766.0499877929688,2483746
2020-04-27,751.9366455078125,770.25,779.0,752.5750122070312,762.5,1844294
2020-04-28,758.7457885742188,777.2249755859375,786.5750122070312,762.4749755859375,783.7000122070312,1547250
2020-04-29,740.8564453125,758.9000244140625,783.7999877929688,754.7750244140625,780.0,1142116
2020-04-30,745.34716796875,763.5,771.3250122070312,753.2249755859375,770.0,1629638
2020-05-04,695.3888549804688,712.3250122070312,760.75,710.0999755859375,740.0,1634928
2020-05-05,680.15966796875,696.7249755859375,725.5499877929688,691.0250244140625,717.5,2404096
2020-05-06,698.268798828125,715.2750244140625,725.0250244140625,688.0999755859375,698.0499877929688,2213716
2020-05-07,660.4400634765625,676.5250244140625,721.4249877929688,673.2750244140625,717.0,3283294
2020-05-08,667.9081420898438,684.1749877929688,694.5,675.9000244140625,686.9000244140625,1888820
2020-05-11,672.3499755859375,688.7249755859375,694.2000122070312,679.2000122070312,690.0,1320986
2020-05-12,661.8798828125,678.0,689.9249877929688,667.875,685.0,1335376
2020-05-13,676.2060546875,692.6749877929688,700.0,681.0250244140625,700.0,1098218
2020-05-14,664.2960815429688,680.4749755859375,688.5,670.7000122070312,688.5,1330748
2020-05-15,670.2999267578125,686.625,692.5,677.7750244140625,682.9749755859375,1078796
2020-05-18,655.3636474609375,671.3250122070312,688.0250244140625,665.0,685.0,1540210
2020-05-19,665.052734375,681.25,691.9500122070312,665.2000122070312,679.9500122070312,1253382
2020-05-20,668.7623291015625,685.0499877929688,688.5,673.125,681.5499877929688,797840
2020-05-21,692.8507080078125,709.7249755859375,712.4749755859375,681.2000122070312,685.0,2106376
2020-05-22,682.2341918945312,698.8499755859375,714.9000244140625,695.0,709.7249755859375,1272406
2020-05-26,689.4337768554688,706.2249755859375,719.5,700.25,702.5,1587316
2020-05-27,684.7236328125,701.4000244140625,713.9249877929688,697.5,703.2750244140625,1143540
2020-05-28,695.73046875,712.6749877929688,717.4749755859375,701.4000244140625,703.0,1831260
2020-05-29,716.7438354492188,734.2000122070312,742.9249877929688,708.7000122070312,713.0,3148350
2020-06-01,719.0623168945312,736.5750122070312,752.0,733.2249755859375,744.0,1848872
2020-06-02,727.6773681640625,745.4000244140625,755.0,735.9000244140625,741.8499755859375,1463054
2020-06-03,737.1223754882812,755.0750122070312,766.4749755859375,745.8250122070312,750.0,1502506
2020-06-04,730.6305541992188,748.4249877929688,764.4749755859375,743.7999877929688,757.5,1180158
2020-06-05,736.2194213867188,754.1500244140625,759.0,743.0250244140625,753.2249755859375,1375192
2020-06-08,728.40966796875,746.1500244140625,761.5,745.0,759.9000244140625,1201134
2020-06-09,716.2068481445312,733.6500244140625,753.4000244140625,729.1500244140625,753.4000244140625,1792626
2020-06-10,710.0810546875,727.375,741.9749755859375,725.0,734.0499877929688,1425268
2020-06-11,691.80126953125,708.6500244140625,728.75,705.5,727.5750122070312,1246096
2020-06-12,698.0245971679688,715.0250244140625,722.0,692.2000122070312,695.0,1827832
2020-06-15,698.9520263671875,715.9749755859375,734.5499877929688,711.2750244140625,724.5,1428452
2020-06-16,698.6104125976562,715.625,731.5250244140625,706.25,722.0250244140625,3252164
2020-06-17,699.0496826171875,716.0750122070312,736.5,713.4000244140625,718.0,2714214
2020-06-18,679.0370483398438,695.5750122070312,722.4749755859375,691.5499877929688,716.0750122070312,3596016
2020-06-19,682.7955932617188,699.4249877929688,707.5,694.0999755859375,699.4500122070312,5181166
2020-06-22,678.9638671875,695.5,708.7249755859375,694.0,700.0,2139202
2020-06-23,688.0914916992188,704.8499755859375,711.75,697.5499877929688,700.0750122070312,2344316
2020-06-24,685.3825073242188,702.0750122070312,718.8250122070312,700.0,708.0,1915810
2020-06-25,674.5464477539062,690.9749755859375,706.4749755859375,689.2999877929688,701.5,1854598
2020-06-26,677.4019165039062,693.9000244140625,704.7999877929688,686.7999877929688,696.0,1812160
2020-06-29,675.986328125,692.4500122070312,700.0,690.5750122070312,693.0750122070312,762738
2020-06-30,669.738525390625,686.0499877929688,699.7000122070312,683.125,695.8499755859375,1035552
2020-07-01,669.07958984375,685.375,691.9749755859375,678.7999877929688,691.625,1313658
2020-07-02,677.7680053710938,694.2750244140625,696.0,682.5750122070312,690.0,1260214
2020-07-03,678.2073364257812,694.7249755859375,702.0,690.7999877929688,700.0,1042066
2020-07-06,678.158447265625,694.6749877929688,704.5,693.5,697.5,1453462
2020-07-07,683.0152587890625,699.6500244140625,709.75,697.2999877929688,699.9749755859375,2158850
2020-07-08,676.791748046875,693.2750244140625,707.0,690.2999877929688,703.4500122070312,964542
2020-07-09,673.5458374023438,689.9500122070312,700.4500122070312,685.5250244140625,694.8499755859375,1551802
2020-07-10,674.9857177734375,691.4249877929688,694.25,685.5499877929688,689.375,666390
2020-07-13,681.087158203125,697.6749877929688,702.5,691.5,695.0,1084172
2020-07-14,673.8875122070312,690.2999877929688,697.4749755859375,688.8250122070312,696.4500122070312,883694
2020-07-15,668.6402587890625,684.9249877929688,696.2999877929688,682.6500244140625,691.7750244140625,963050
2020-07-16,674.6196899414062,691.0499877929688,692.4500122070312,670.0,686.75,1459850
2020-07-17,679.7449340820312,696.2999877929688,702.5,690.0,692.75,1179130
2020-07-20,703.1253662109375,720.25,722.0,697.7999877929688,698.7249755859375,3040448
2020-07-21,684.748046875,701.4249877929688,726.6500244140625,699.25,725.0,1695734
2020-07-22,675.5226440429688,691.9749755859375,705.5,685.4500122070312,704.9500122070312,1257660
2020-07-23,674.009521484375,690.4249877929688,701.7000122070312,687.0,693.0,1263628
2020-07-24,672.9356689453125,689.3250122070312,694.2999877929688,684.5,687.5,1246408
2020-07-27,661.9775390625,678.0999755859375,692.5,675.25,689.0250244140625,2221724
2020-07-28,660.80615234375,676.9000244140625,683.5750122070312,671.0,682.8499755859375,2579224
2020-07-29,669.1283569335938,685.4249877929688,691.75,678.0,680.5,1639860
2020-07-30,658.4876098632812,674.5250244140625,690.875,671.5,688.0,1509760
2020-07-31,662.3680419921875,678.5,682.7750244140625,670.2249755859375,674.0,1073236
2020-08-03,656.6571655273438,672.6500244140625,684.5499877929688,670.5499877929688,678.5,1208610
2020-08-04,655.4368896484375,671.4000244140625,679.375,667.5250244140625,679.375,1622550
2020-08-05,641.891845703125,657.5250244140625,675.4749755859375,655.5250244140625,675.0,3848822
2020-08-06,650.1407470703125,665.9749755859375,667.5,653.4749755859375,662.5,4725314
2020-08-07,672.764892578125,689.1500244140625,696.8499755859375,661.5499877929688,664.9000244140625,7743370
2020-08-10,682.8200073242188,699.4500122070312,704.4500122070312,679.0499877929688,692.4500122070312,3167460
2020-08-11,673.5946044921875,690.0,705.0,688.6500244140625,702.5,1492958
2020-08-12,666.0289306640625,682.25,696.9000244140625,681.1749877929688,690.4000244140625,1429692
2020-08-13,673.6434326171875,690.0499877929688,693.75,683.3499755859375,684.0,1642050
2020-08-14,669.4944458007812,685.7999877929688,704.4000244140625,684.0499877929688,690.4749755859375,2346514
2020-08-17,673.7655029296875,690.1749877929688,694.7000122070312,678.5499877929688,690.0,1127408
2020-08-18,688.87255859375,705.6500244140625,716.5,692.0,693.5,4717148
2020-08-19,707.5428466796875,724.7750244140625,736.625,705.5499877929688,712.5,5026794
2020-08-20,707.6648559570312,724.9000244140625,731.25,717.5,724.7750244140625,2117646
2020-08-21,710.9352416992188,728.25,739.7000122070312,722.7750244140625,731.4000244140625,2572756
2020-08-24,716.8657836914062,734.3250122070312,744.0,728.5,733.4000244140625,2388726
2020-08-25,719.6236572265625,737.1500244140625,744.875,727.5250244140625,738.4249877929688,1956004
2020-08-26,716.7681884765625,734.2249755859375,742.9249877929688,729.0250244140625,738.0,1517556
2020-08-27,717.9884033203125,735.4749755859375,752.1500244140625,731.1500244140625,737.0,2986610
2020-08-28,705.5660400390625,722.75,740.5,721.2000122070312,739.0499877929688,1300800
2020-08-31,684.7236328125,701.4000244140625,730.5,697.5,727.5,2494592
2020-09-01,694.1196899414062,711.0250244140625,718.125,702.5999755859375,715.4249877929688,1229912
2020-09-02,690.0195922851562,706.8250122070312,728.4749755859375,704.0750122070312,714.125,1827192
2020-09-03,707.3475952148438,724.5750122070312,727.5,709.0499877929688,709.0499877929688,1520596
2020-09-04,701.0020751953125,718.0750122070312,732.25,709.0250244140625,718.4500122070312,1570352
2020-09-07,703.7355346679688,720.875,726.875,711.0750122070312,721.5,874424
2020-09-08,706.1273193359375,723.3250122070312,742.5,714.9749755859375,721.0499877929688,2266244
2020-09-09,712.179931640625,729.5250244140625,736.4500122070312,720.3250122070312,725.4749755859375,2290336
2020-09-10,720.1360473632812,737.6749877929688,744.8499755859375,731.0,734.6500244140625,1909658
2020-09-11,726.5059814453125,744.2000122070312,749.3499755859375,737.0250244140625,737.5,1823546
2020-09-14,722.7474975585938,740.3499755859375,752.0499877929688,735.0,746.5,1006954
2020-09-15,731.4603881835938,749.2750244140625,757.5,740.5,740.5499877929688,2675932
2020-09-16,728.970947265625,746.7249755859375,756.9500122070312,743.2000122070312,755.0,1107322
2020-09-17,718.3544921875,735.8499755859375,758.5,733.8250122070312,742.0,1390472
2020-09-18,710.2518310546875,727.5499877929688,742.5750122070312,723.2750244140625,742.5750122070312,1616072
2020-09-21,705.3951416015625,722.5750122070312,730.375,705.2750244140625,727.5,1734586
2020-09-22,696.706787109375,713.6749877929688,719.9749755859375,697.2000122070312,719.5,922892
2020-09-23,693.5339965820312,710.4249877929688,728.5,707.0499877929688,716.9500122070312,1466426
2020-09-24,683.1128540039062,699.75,713.5,697.5,704.0,1286818
2020-09-25,689.7023315429688,706.5,710.75,695.0,703.8499755859375,868702
2020-09-28,701.0996704101562,718.1749877929688,721.0,710.0,710.0,672880
2020-09-29,697.0972900390625,714.0750122070312,728.2000122070312,711.3250122070312,723.0,935990
2020-09-30,700.0747680664062,717.125,720.0,707.5,716.75,1294032
2020-10-01,714.10791015625,731.5,733.8499755859375,717.0,722.0,1340110
2020-10-05,706.1760864257812,723.375,739.5,722.0,739.5,1016714
2020-10-06,717.8663330078125,735.3499755859375,740.0,722.5,722.5,1748250
2020-10-07,729.0686645507812,746.8250122070312,752.0,731.2000122070312,734.9500122070312,2585578
2020-10-08,725.60302734375,743.2750244140625,756.9000244140625,736.2750244140625,748.0,1166922
2020-10-09,718.5498046875,736.0499877929688,745.7999877929688,732.6749877929688,744.0,963612
2020-10-12,722.1617431640625,739.75,743.75,732.5,739.2999877929688,877450
2020-10-13,723.8701171875,741.5,749.4000244140625,736.5250244140625,739.0499877929688,1379880
2020-10-14,725.6762084960938,743.3499755859375,747.2249755859375,737.75,743.9749755859375,1038892
2020-10-15,720.673095703125,738.2249755859375,751.5,734.5750122070312,743.3499755859375,1299758
2020-10-16,723.0159301757812,740.625,746.7000122070312,736.0,736.25,847678
2020-10-19,749.7401123046875,768.0,771.0,740.625,743.0,2985144
2020-10-20,744.297607421875,762.4249877929688,775.6749877929688,759.7750244140625,771.0,2509288
2020-10-21,730.606201171875,748.4000244140625,770.4500122070312,742.0499877929688,765.0499877929688,1857388
2020-10-22,720.2093505859375,737.75,754.4249877929688,735.4249877929688,749.0,1367244
2020-10-23,732.3145141601562,750.1500244140625,752.5,739.0750122070312,741.5,1164340
2020-10-26,719.79443359375,737.3250122070312,754.3499755859375,732.0750122070312,753.0,822324
2020-10-27,744.8590087890625,763.0,764.9500122070312,735.0,735.0,2443802
2020-10-28,741.2468872070312,759.2999877929688,773.0,756.0,764.0,1468514
2020-10-29,776.5130004882812,795.4249877929688,800.0,763.0250244140625,766.5,9519036
2020-10-30,766.53125,785.2000122070312,796.0,778.7249755859375,795.4249877929688,2465752
2020-11-02,759.721923828125,778.2249755859375,799.7750244140625,776.375,790.0,1410450
2020-11-03,764.1881713867188,782.7999877929688,794.0,777.5,777.5,1313404
2020-11-04,762.6751098632812,781.25,790.3499755859375,774.0750122070312,785.0,1406364
2020-11-05,775.8053588867188,794.7000122070312,806.4249877929688,786.8250122070312,800.5,5218614
2020-11-06,779.3684692382812,798.3499755859375,810.0,792.0250244140625,794.7249755859375,2391068
2020-11-09,778.6607666015625,797.625,803.0,793.3250122070312,802.0,1359864
2020-11-10,768.1419067382812,786.8499755859375,802.3250122070312,785.0,800.0,1525700
2020-11-11,763.5293579101562,782.125,797.2750244140625,770.9500122070312,789.0,2138080
2020-11-12,767.0680541992188,785.75,790.9500122070312,778.875,782.0,1221590
2020-11-13,763.7489013671875,782.3499755859375,794.9749755859375,781.125,785.0,1181884
2020-11-14,771.6807250976562,790.4749755859375,794.1749877929688,786.0250244140625,787.5,272046
2020-11-17,762.3822631835938,780.9500122070312,798.7000122070312,778.0750122070312,798.2249755859375,1883788
2020-11-18,763.0656127929688,781.6500244140625,787.5,776.7750244140625,783.9000244140625,1303930
2020-11-19,760.673828125,779.2000122070312,793.0,776.9749755859375,777.5,1829618
2020-11-20,761.5524291992188,780.0999755859375,787.1749877929688,778.0499877929688,782.2000122070312,1256534
2020-11-23,773.7551879882812,792.5999755859375,795.0,778.5999755859375,781.0499877929688,2001702
2020-11-24,774.3409423828125,793.2000122070312,805.9249877929688,790.625,795.6500244140625,2339188
2020-11-25,753.6937866210938,772.0499877929688,796.4000244140625,770.0,794.5,1251044
2020-11-26,748.5685424804688,766.7999877929688,781.2249755859375,761.7750244140625,774.5,1865884
2020-11-27,752.937255859375,771.2750244140625,777.25,750.2999877929688,771.9000244140625,5624226
2020-12-01,757.0862426757812,775.5250244140625,781.2750244140625,767.1500244140625,778.9500122070312,1284130
2020-12-02,780.8572998046875,799.875,802.375,776.0,777.4749755859375,2350548
2020-12-03,788.3253784179688,807.5250244140625,810.0,796.375,810.0,2241958
2020-12-04,784.2496337890625,803.3499755859375,816.0,797.5999755859375,810.0,2021064
2020-12-07,788.3985595703125,807.5999755859375,815.4500122070312,802.0,803.4749755859375,1071726
2020-12-08,786.4217529296875,805.5750122070312,818.75,800.0499877929688,809.0499877929688,1246966
2020-12-09,791.0099487304688,810.2750244140625,815.0,807.5250244140625,809.5,826684
2020-12-10,806.0438232421875,825.6749877929688,828.9749755859375,806.4000244140625,809.6749877929688,2294734
2020-12-11,799.8204345703125,819.2999877929688,833.9249877929688,815.0499877929688,829.2000122070312,1706106
2020-12-14,794.3048095703125,813.6500244140625,826.25,812.0,824.9000244140625,747742
2020-12-15,790.9611206054688,810.2249755859375,817.2750244140625,806.1500244140625,814.9249877929688,845672
2020-12-16,793.6458129882812,812.9749755859375,820.4500122070312,810.0,813.0,2166222
2020-12-17,795.4518432617188,814.8250122070312,826.0,813.1749877929688,815.0,1692350
2020-12-18,845.3125,865.9000244140625,871.4749755859375,817.25,817.25,14114502
2020-12-21,821.10205078125,841.0999755859375,865.5,821.7000122070312,865.0,2377968
2020-12-22,838.918212890625,859.3499755859375,863.9000244140625,822.9249877929688,842.0499877929688,2189882
2020-12-23,845.6785278320312,866.2750244140625,889.0,858.0750122070312,867.0,4252160
2020-12-24,845.3369140625,865.9249877929688,876.2750244140625,857.2999877929688,872.5,1064120
2020-12-28,857.7836303710938,878.6749877929688,884.5,864.0250244140625,870.0,1570614
2020-12-29,856.1485595703125,877.0,885.5,869.0,878.6749877929688,1158670
2020-12-30,854.049560546875,874.8499755859375,884.9749755859375,870.2999877929688,877.25,1423836
2020-12-31,861.8350219726562,882.8250122070312,887.0,872.5250244140625,876.5,1417720
2021-01-01,864.3487548828125,885.4000244140625,892.25,881.2750244140625,886.4249877929688,1078116
2021-01-04,871.2556762695312,892.4749755859375,895.0,882.5499877929688,887.25,744322
2021-01-05,878.8701782226562,900.2750244140625,903.4500122070312,878.5,899.9749755859375,1081778
2021-01-06,876.3563842773438,897.7000122070312,900.2750244140625,885.0,900.2750244140625,1176260
2021-01-07,863.44580078125,884.4749755859375,909.5499877929688,880.0,899.0,1945848
2021-01-08,887.9002075195312,909.5250244140625,911.9500122070312,885.8250122070312,891.1500244140625,1606724
2021-01-11,894.7825927734375,916.5750122070312,921.0,904.0,909.5250244140625,1264314
2021-01-12,878.6505126953125,900.0499877929688,916.4500122070312,898.3499755859375,916.4500122070312,1158804
2021-01-13,875.2337036132812,896.5499877929688,907.5,885.5,904.9500122070312,1060638
2021-01-14,873.7205810546875,895.0,901.9749755859375,887.3250122070312,897.0,914532
2021-01-15,852.7073364257812,873.4749755859375,897.7750244140625,870.6749877929688,892.5,1973286
2021-01-18,842.8963012695312,863.4249877929688,878.4500122070312,857.3250122070312,870.5,1536036
2021-01-19,847.5333862304688,868.1749877929688,880.8250122070312,864.5750122070312,869.0,1050052
2021-01-20,858.4182739257812,879.3250122070312,898.3499755859375,869.0250244140625,871.0,1769034
2021-01-21,866.6672973632812,887.7750244140625,909.75,880.0,880.0,1820080
2021-01-22,846.9963989257812,867.625,897.2249755859375,865.9500122070312,889.8499755859375,1394952
2021-01-25,861.7617797851562,882.75,889.875,871.0999755859375,874.875,1799690
2021-01-27,835.59912109375,855.9500122070312,888.3250122070312,847.5250244140625,887.8499755859375,1539186
2021-01-28,837.7222900390625,858.125,864.0,849.4000244140625,852.5,1187746
2021-01-29,815.2692260742188,835.125,870.4749755859375,831.9000244140625,868.0,3387874
2021-02-01,837.7467041015625,858.1500244140625,865.9749755859375,832.5,849.0,1579168
2021-02-02,859.5897827148438,880.5250244140625,889.75,860.5250244140625,868.0,1740134
2021-02-03,849.0220336914062,869.7000122070312,889.4000244140625,867.5,882.5,952662
2021-02-04,859.0527954101562,879.9749755859375,885.75,865.5,874.0250244140625,1394428
2021-02-05,843.82373046875,864.375,882.5,862.5,880.9749755859375,814332
2021-02-08,846.2398071289062,866.8499755859375,877.5,864.8250122070312,866.2999877929688,580014
2021-02-09,860.0778198242188,881.0250244140625,899.0,867.5499877929688,869.5,2735488
2021-02-10,857.6860961914062,878.5750122070312,891.0,871.5,882.375,824592
2021-02-11,864.8613891601562,885.9249877929688,896.9749755859375,875.1749877929688,876.125,1279566
2021-02-12,859.4188232421875,880.3499755859375,894.0,875.7249755859375,888.5,721042
2021-02-15,862.2987670898438,883.2999877929688,897.7249755859375,879.5499877929688,883.0499877929688,1450668
2021-02-16,873.3056640625,894.5750122070312,897.5,882.9249877929688,885.5,2028424
2021-02-17,861.7130126953125,882.7000122070312,904.4500122070312,880.0,900.0,1846990
2021-02-18,874.5992431640625,895.9000244140625,899.2249755859375,882.5250244140625,885.2000122070312,1635784
2021-02-19,869.4984130859375,890.6749877929688,902.5,887.0,893.75,1447584
2021-02-22,850.4132690429688,871.125,895.2750244140625,865.0,889.0,1238494
2021-02-23,842.408203125,862.9249877929688,881.9500122070312,857.5,875.5,1001128
2021-02-24,842.0420532226562,862.5499877929688,867.4749755859375,853.375,864.0,465756
2021-02-25,839.2111206054688,859.6500244140625,867.2000122070312,847.9749755859375,860.0,3108264
2021-02-26,822.9324951171875,842.9749755859375,865.9500122070312,837.5,850.5,2091890
2021-03-01,828.887451171875,849.0750122070312,855.4749755859375,842.3250122070312,853.0,1037868
2021-03-02,844.1165771484375,864.6749877929688,867.5,850.75,855.5,950074
2021-03-03,861.322509765625,882.2999877929688,885.5,865.5750122070312,867.0,931650
2021-03-04,859.7117919921875,880.6500244140625,887.5,872.4000244140625,879.2000122070312,741662
2021-03-05,857.93017578125,878.8250122070312,892.0,868.0250244140625,874.9749755859375,1440162
2021-03-08,838.16162109375,858.5750122070312,879.9749755859375,857.125,878.9249877929688,1047900
2021-03-09,847.3869018554688,868.0250244140625,872.9500122070312,862.5750122070312,864.9500122070312,669222
2021-03-10,847.875,868.5250244140625,877.0,862.6500244140625,873.5,594746
2021-03-12,841.06591796875,861.5499877929688,873.3250122070312,860.25,870.5,410686
2021-03-15,836.2824096679688,856.6500244140625,866.0250244140625,847.9749755859375,863.0,692782
2021-03-16,839.6015625,860.0499877929688,869.5,852.6500244140625,858.5,661378
2021-03-17,841.2855224609375,861.7750244140625,871.7750244140625,857.5,861.7000122070312,711944
2021-03-18,836.5752563476562,856.9500122070312,870.5,850.3499755859375,864.5499877929688,669972
2021-03-19,854.7085571289062,875.5250244140625,880.7000122070312,840.5,852.0,1478776
2021-03-22,860.0046997070312,880.9500122070312,891.9000244140625,869.0750122070312,884.5,1235370
2021-03-23,872.768798828125,894.0250244140625,904.4749755859375,877.2999877929688,880.5,2149688
2021-03-24,875.9658813476562,897.2999877929688,907.4749755859375,892.5,894.0,1375888
2021-03-25,861.2249145507812,882.2000122070312,905.5999755859375,879.0,897.375,845506
2021-03-26,878.7724609375,900.1749877929688,907.4500122070312,882.625,888.4249877929688,1253248
2021-03-30,891.51220703125,913.2249755859375,919.1500244140625,905.0499877929688,916.0,1248908
2021-03-31,883.1900024414062,904.7000122070312,917.75,900.5,915.0,993532
2021-04-01,889.9015502929688,911.5750122070312,916.5,904.5499877929688,905.5,924428
2021-04-05,878.3576049804688,899.75,920.5,893.25,912.0,727018
2021-04-06,914.9171752929688,937.2000122070312,944.2750244140625,894.5250244140625,900.3499755859375,2480128
2021-04-07,921.7507934570312,944.2000122070312,948.5,929.5,935.0,1240686
2021-04-08,930.1463012695312,952.7999877929688,962.0,939.1500244140625,945.2000122070312,1639540
2021-04-09,937.0775146484375,959.9000244140625,964.25,947.0499877929688,950.0,1018602
2021-04-12,902.6655883789062,924.6500244140625,951.1500244140625,920.1500244140625,950.0,1452662
2021-04-13,878.0891723632812,899.4749755859375,929.7249755859375,895.625,925.0,2182224
2021-04-15,890.1943359375,911.875,915.4500122070312,889.0,901.8250122070312,1153110
2021-04-16,890.169921875,911.8499755859375,924.0,904.1749877929688,917.7000122070312,1133434
2021-04-19,864.300048828125,885.3499755859375,903.9500122070312,882.0,899.0,923818
2021-04-20,865.4714965820312,886.5499877929688,900.2000122070312,880.5499877929688,890.0,846658
2021-04-22,871.6704711914062,892.9000244140625,899.0,876.5,887.5,1139920
2021-04-23,870.7431030273438,891.9500122070312,899.25,883.0499877929688,892.875,710178
2021-04-26,896.735107421875,918.5750122070312,921.5,891.25,895.2000122070312,1610458
2021-04-27,894.7825927734375,916.5750122070312,928.2249755859375,911.5,925.0,1203860
2021-04-28,919.041748046875,941.4249877929688,946.0,917.5,924.0,1742860
2021-04-29,902.1287231445312,924.0999755859375,949.0250244140625,922.5750122070312,945.0,654180
2021-04-30,886.3138427734375,907.9000244140625,928.3499755859375,902.7000122070312,921.5,720370
2021-05-03,884.0197143554688,905.5499877929688,912.4000244140625,898.0,907.75,637298
2021-05-04,878.6748657226562,900.0750122070312,910.9000244140625,895.5,907.5,472198
2021-05-05,884.7763671875,906.3250122070312,908.4000244140625,897.2999877929688,903.2999877929688,335120
2021-05-06,878.5772705078125,899.9749755859375,913.7999877929688,897.5750122070312,908.0,452026
2021-05-07,886.509033203125,908.0999755859375,912.9500122070312,902.6500244140625,907.5,446612
2021-05-10,901.4697265625,923.4249877929688,927.5,910.0250244140625,910.0250244140625,933014
2021-05-11,916.283935546875,938.5999755859375,941.4000244140625,915.0750122070312,920.0,1665520
2021-05-12,917.6018676757812,939.9500122070312,945.5750122070312,930.5750122070312,943.9500122070312,1377730
2021-05-14,921.6776123046875,944.125,956.2249755859375,908.1500244140625,932.5,4927974
2021-05-17,923.0686645507812,945.5499877929688,951.4749755859375,927.7000122070312,943.0,1651266
2021-05-18,924.0692749023438,946.5750122070312,957.0,938.0499877929688,950.9500122070312,1042292
2021-05-19,937.6388549804688,960.4749755859375,973.625,942.5,946.5,2703574
2021-05-20,945.0093994140625,968.0250244140625,975.0,960.75,964.0,1351508
2021-05-21,965.485595703125,989.0,996.0,973.0,973.25,2955960
2021-05-24,1005.4619750976562,1029.949951171875,1037.0,988.7999877929688,994.4749755859375,5345168
2021-05-25,1000.8982543945312,1025.2750244140625,1037.0,1019.0499877929688,1037.0,1233906
2021-05-26,1025.9383544921875,1050.925048828125,1054.125,1025.300048828125,1025.300048828125,2175284
2021-05-27,1023.7905883789062,1048.7249755859375,1062.0,1022.0250244140625,1047.5,3788216
2021-05-28,1005.5108642578125,1030.0,1045.5,1027.625,1044.5,779774
2021-05-31,1020.4225463867188,1045.2750244140625,1049.0,1029.0999755859375,1034.3499755859375,949892
2021-06-01,1008.9763793945312,1033.550048828125,1052.449951171875,1031.0,1052.449951171875,505654
2021-06-02,1007.6829833984375,1032.2249755859375,1038.7249755859375,1025.550048828125,1035.5,624824
2021-06-03,1015.4927978515625,1040.2249755859375,1044.699951171875,1028.0,1035.0,831786
2021-06-04,1014.9801635742188,1039.699951171875,1048.625,1037.7750244140625,1040.0,595318
2021-06-07,1017.4207153320312,1042.199951171875,1051.0,1038.0,1042.9749755859375,781798
2021-06-08,1012.7105102539062,1037.375,1042.925048828125,1032.824951171875,1042.925048828125,713752
2021-06-09,1013.3450927734375,1038.0250244140625,1047.5,1035.0250244140625,1041.0,754882
2021-06-10,1040.77685546875,1066.125,1071.375,1036.050048828125,1040.0,2281286
2021-06-11,1033.3087158203125,1058.4749755859375,1080.0,1052.625,1077.5,1469570
2021-06-14,1032.33251953125,1057.4749755859375,1059.0,1041.0250244140625,1057.5,535928
2021-06-15,1043.1685791015625,1068.574951171875,1075.449951171875,1059.0,1059.0,918698
2021-06-16,1040.191162109375,1065.5250244140625,1074.75,1061.125,1068.0,481290
2021-06-17,1038.38525390625,1063.675048828125,1080.0,1060.300048828125,1064.0250244140625,938446
2021-06-18,1037.5064697265625,1062.7750244140625,1078.925048828125,1047.2750244140625,1065.5999755859375,1007240
2021-06-21,1049.880126953125,1075.449951171875,1078.050048828125,1048.0,1058.0,563980
2021-06-22,1048.3914794921875,1073.925048828125,1086.9749755859375,1071.175048828125,1083.0,746084
2021-06-23,1041.2161865234375,1066.574951171875,1078.0,1063.425048828125,1076.925048828125,334958
2021-06-24,1052.44287109375,1078.074951171875,1080.0,1065.675048828125,1066.574951171875,410386
2021-06-25,1041.753173828125,1067.125,1082.4000244140625,1062.5,1081.5,392534
2021-06-28,1051.9791259765625,1077.5999755859375,1089.4000244140625,1067.625,1074.0,551070
2021-06-29,1055.17626953125,1080.875,1092.5,1074.050048828125,1078.0,705600
2021-06-30,1051.368896484375,1076.9749755859375,1092.949951171875,1073.800048828125,1080.0,722944
2021-07-01,1058.788330078125,1084.574951171875,1091.3499755859375,1080.0,1082.5,520740
2021-07-02,1063.52294921875,1089.425048828125,1097.0,1083.0,1088.5,547144
2021-07-05,1106.6231689453125,1133.574951171875,1141.5,1090.3499755859375,1095.9749755859375,3049988
2021-07-06,1089.07568359375,1115.5999755859375,1139.949951171875,1111.0,1133.4000244140625,853764
2021-07-07,1111.1871337890625,1138.25,1146.949951171875,1113.25,1115.5999755859375,1102592
2021-07-08,1114.579345703125,1141.7249755859375,1151.0,1130.5,1140.0,794282
2021-07-09,1111.821533203125,1138.9000244140625,1147.125,1133.625,1135.4000244140625,443234
2021-07-12,1107.4530029296875,1134.425048828125,1149.199951171875,1130.5999755859375,1143.5,602976
2021-07-13,1097.5198974609375,1124.25,1142.5,1118.5,1142.5,713752
2021-07-14,1097.9349365234375,1124.675048828125,1136.0,1119.0,1125.0,663964
2021-07-15,1097.837158203125,1124.574951171875,1130.9000244140625,1121.175048828125,1130.5999755859375,353918
2021-07-16,1095.4208984375,1122.0999755859375,1134.9749755859375,1120.0,1124.875,451404
2021-07-19,1103.2552490234375,1130.125,1134.5,1116.0,1117.0,384358
2021-07-20,1130.296630859375,1157.824951171875,1163.2249755859375,1124.625,1141.050048828125,1275730
2021-07-22,1127.7342529296875,1155.199951171875,1166.9749755859375,1143.699951171875,1166.9749755859375,690416
2021-07-23,1125.8792724609375,1153.300048828125,1163.8499755859375,1150.300048828125,1155.0,328962
2021-07-26,1133.0545654296875,1160.6500244140625,1166.4749755859375,1147.800048828125,1154.824951171875,458734
2021-07-27,1127.1021728515625,1150.324951171875,1163.25,1144.5,1157.199951171875,366728
2021-07-28,1124.7996826171875,1147.9749755859375,1154.824951171875,1135.574951171875,1150.800048828125,496482
2021-07-29,1125.0689697265625,1148.25,1159.0,1144.425048828125,1147.9749755859375,394066
2021-07-30,1116.397705078125,1139.4000244140625,1155.6500244140625,1136.0,1155.4000244140625,781572
2021-08-02,1108.436767578125,1131.2750244140625,1149.949951171875,1127.9000244140625,1149.949951171875,913234
2021-08-03,1109.2205810546875,1132.074951171875,1151.5250244140625,1128.5,1133.0,1443632
2021-08-04,1109.2940673828125,1132.1500244140625,1141.300048828125,1125.574951171875,1135.050048828125,422090
2021-08-05,1101.7984619140625,1124.5,1138.5,1118.5,1138.5,819452
2021-08-06,1089.2080078125,1111.6500244140625,1129.449951171875,1102.5250244140625,1125.5,963986
2021-08-09,1093.3721923828125,1115.9000244140625,1127.5250244140625,1109.5250244140625,1120.0,545764
2021-08-10,1088.7425537109375,1111.175048828125,1124.9749755859375,1107.5,1119.875,813654
2021-08-11,1107.309814453125,1130.125,1137.0,1087.7249755859375,1113.0250244140625,3036986
2021-08-12,1087.983154296875,1110.4000244140625,1144.0,1101.1500244140625,1144.0,1880568
2021-08-13,1081.075439453125,1103.3499755859375,1121.0999755859375,1101.75,1121.0999755859375,733140
2021-08-16,1087.05224609375,1109.449951171875,1115.0,1087.5250244140625,1101.449951171875,526620
2021-08-17,1085.6806640625,1108.050048828125,1119.449951171875,1098.0250244140625,1114.0999755859375,882886
2021-08-18,1090.187744140625,1112.6500244140625,1119.25,1105.0,1110.050048828125,793336
2021-08-20,1110.71484375,1133.5999755859375,1142.5,1105.0,1111.5,2086034
2021-08-23,1091.1676025390625,1113.6500244140625,1147.5,1110.5,1139.9749755859375,1298526
2021-08-24,1081.7857666015625,1104.074951171875,1124.0,1100.0,1115.0,710320
2021-08-25,1085.0682373046875,1107.425048828125,1115.699951171875,1093.925048828125,1105.25,630648
2021-08-26,1091.363525390625,1113.8499755859375,1119.9000244140625,1103.5,1111.9000244140625,675970
2021-08-27,1090.138671875,1112.5999755859375,1121.3499755859375,1106.5250244140625,1112.5,723950
2021-08-30,1108.24072265625,1131.074951171875,1139.5,1107.5,1118.9749755859375,923632
2021-08-31,1117.1571044921875,1140.175048828125,1145.0,1124.5,1139.5,1288388
2021-09-01,1133.5443115234375,1156.9000244140625,1169.5,1141.550048828125,1145.0,2413458
2021-09-02,1146.7227783203125,1170.3499755859375,1181.0,1162.0,1167.4749755859375,2112568
2021-09-03,1140.207275390625,1163.699951171875,1179.6500244140625,1155.9000244140625,1176.449951171875,842918
2021-09-06,1147.0657958984375,1170.699951171875,1176.2249755859375,1160.0,1168.199951171875,508384
2021-09-07,1144.2979736328125,1167.875,1181.0,1162.550048828125,1173.0,742468
2021-09-08,1133.299560546875,1156.6500244140625,1168.074951171875,1140.9000244140625,1167.5,1071124
2021-09-09,1150.421630859375,1174.125,1176.0250244140625,1153.0,1162.0,710322
2021-09-13,1174.3046875,1198.5,1204.949951171875,1172.0250244140625,1175.0,2160876
2021-09-14,1180.1099853515625,1204.425048828125,1212.0,1195.0,1207.75,743894
2021-09-15,1176.1417236328125,1200.375,1212.449951171875,1197.5,1206.5999755859375,618920
2021-09-16,1176.2886962890625,1200.5250244140625,1211.0,1198.0,1211.0,462420
2021-09-17,1160.31787109375,1184.2249755859375,1211.0,1173.0999755859375,1204.0999755859375,1725396
2021-09-20,1156.888427734375,1180.7249755859375,1201.425048828125,1175.5250244140625,1183.4000244140625,562764
2021-09-21,1190.8388671875,1215.375,1220.0,1175.5250244140625,1185.0,1193804
2021-09-22,1184.5926513671875,1209.0,1236.0,1206.050048828125,1223.375,749724
2021-09-23,1192.9210205078125,1217.5,1224.9749755859375,1209.0,1217.5,792424
2021-09-24,1201.224853515625,1225.9749755859375,1238.8499755859375,1216.6500244140625,1221.0,1108968
2021-09-27,1178.4932861328125,1202.7750244140625,1231.9000244140625,1200.0,1227.5,681068
2021-09-28,1181.1632080078125,1205.5,1209.0,1187.5,1206.550048828125,534318
2021-09-29,1176.8765869140625,1201.125,1208.5,1192.2750244140625,1199.5,446562
2021-09-30,1166.931396484375,1190.9749755859375,1206.7750244140625,1187.5,1202.550048828125,747444
2021-10-01,1184.2252197265625,1208.625,1211.0,1182.5999755859375,1192.0,1013062
2021-10-04,1186.0625,1210.5,1224.0,1205.7750244140625,1215.5,509092
2021-10-05,1193.58251953125,1218.175048828125,1220.0,1205.7750244140625,1208.0,255932
2021-10-06,1183.4412841796875,1207.824951171875,1228.5,1203.300048828125,1219.0,373204
2021-10-07,1205.4136962890625,1230.25,1238.199951171875,1208.875,1211.550048828125,1169854
2021-10-08,1196.1544189453125,1220.800048828125,1235.0,1217.074951171875,1231.25,446084
2021-10-11,1206.5159912109375,1231.375,1242.4000244140625,1215.375,1220.75,557806
2021-10-12,1205.70751953125,1230.550048828125,1244.9000244140625,1224.0,1237.0,535870
2021-10-13,1212.1744384765625,1237.1500244140625,1241.949951171875,1228.0,1241.949951171875,340326
2021-10-14,1215.5057373046875,1240.550048828125,1259.25,1231.699951171875,1243.300048828125,690264
2021-10-18,1225.6468505859375,1250.9000244140625,1256.0,1238.0,1238.5250244140625,589542
2021-10-19,1210.4842529296875,1235.425048828125,1266.0,1230.050048828125,1260.0,561332
2021-10-20,1184.34765625,1208.75,1239.5,1197.7750244140625,1237.4000244140625,579962
2021-10-21,1129.478271484375,1152.75,1222.7249755859375,1145.0,1220.0,1365284
2021-10-22,1134.8182373046875,1158.199951171875,1172.4749755859375,1139.5,1153.0,779382
2021-10-25,1119.9005126953125,1142.9749755859375,1163.625,1125.0,1161.5,704050
2021-10-26,1136.0184326171875,1159.425048828125,1167.5,1141.0250244140625,1147.5,435162
2021-10-27,1160.31787109375,1184.2249755859375,1206.9749755859375,1155.0,1167.449951171875,1520696
2021-10-28,1160.09716796875,1184.0,1196.9000244140625,1174.949951171875,1192.425048828125,632166
2021-10-29,1133.470947265625,1156.824951171875,1196.199951171875,1150.5,1187.300048828125,923200
2021-11-01,1157.6231689453125,1181.4749755859375,1189.675048828125,1162.5250244140625,1166.300048828125,432798
2021-11-02,1148.2171630859375,1171.875,1192.5,1168.824951171875,1185.0,356882
2021-11-03,1155.93310546875,1179.75,1184.5,1158.625,1177.5,512086
2021-11-04,1179.693603515625,1204.0,1207.5,1187.3499755859375,1189.300048828125,322900
2021-11-08,1167.1029052734375,1191.1500244140625,1212.925048828125,1178.0,1212.4000244140625,920960
2021-11-09,1171.9041748046875,1196.050048828125,1203.0999755859375,1186.375,1197.5,669870
2021-11-10,1159.3380126953125,1183.2249755859375,1194.0,1171.5,1194.0,1643026
2021-11-11,1212.02734375,1237.0,1240.0,1188.0,1201.0,4329804
2021-11-12,1188.6097412109375,1213.0999755859375,1245.0,1198.3499755859375,1245.0,1268536
2021-11-15,1191.23095703125,1215.7750244140625,1231.375,1206.5999755859375,1222.699951171875,882148
2021-11-16,1197.6976318359375,1222.375,1226.800048828125,1200.5,1219.0,904886
2021-11-17,1182.8533935546875,1207.2249755859375,1227.9749755859375,1205.050048828125,1220.0,504660
2021-11-18,1195.1746826171875,1219.800048828125,1223.5,1187.800048828125,1214.550048828125,950938
2021-11-22,1151.279052734375,1175.0,1221.925048828125,1164.0,1219.7249755859375,1055682
2021-11-23,1147.9476318359375,1171.5999755859375,1185.625,1158.449951171875,1175.0,580156
2021-11-24,1108.7064208984375,1131.550048828125,1178.4000244140625,1115.0,1172.0,1588070
2021-11-25,1103.0968017578125,1125.824951171875,1138.949951171875,1116.550048828125,1138.949951171875,831798
2021-11-26,1093.6171875,1116.1500244140625,1124.699951171875,1107.0,1117.5,1199824
2021-11-29,1086.6605224609375,1109.050048828125,1116.0,1085.925048828125,1112.5,922622
2021-11-30,1080.6591796875,1102.925048828125,1124.9749755859375,1096.699951171875,1107.4749755859375,3129656
2021-12-01,1079.9732666015625,1102.2249755859375,1115.699951171875,1097.7750244140625,1111.199951171875,678426
2021-12-02,1094.939697265625,1117.5,1122.5,1099.0,1116.0,1664876
2021-12-03,1081.932861328125,1104.2249755859375,1129.449951171875,1094.2750244140625,1122.5,2878162
2021-12-06,1078.552490234375,1100.7750244140625,1113.0250244140625,1099.9749755859375,1110.9000244140625,872334
2021-12-07,1084.431396484375,1106.7750244140625,1111.75,1100.050048828125,1109.449951171875,725804
2021-12-08,1093.49462890625,1116.0250244140625,1120.2249755859375,1106.5,1112.5,624104
2021-12-09,1108.5347900390625,1131.375,1134.4749755859375,1112.074951171875,1123.550048828125,959806
2021-12-10,1139.3988037109375,1162.875,1170.125,1135.125,1140.175048828125,3555316
2021-12-13,1155.2471923828125,1179.050048828125,1195.0,1165.074951171875,1169.8499755859375,2782826
2021-12-14,1170.5078125,1194.625,1199.949951171875,1176.6500244140625,1183.0,1942270
2021-12-15,1179.5711669921875,1203.875,1210.5,1189.0,1199.9749755859375,2238194
2021-12-16,1184.715087890625,1209.125,1211.824951171875,1201.550048828125,1207.5,407912
2021-12-17,1171.58544921875,1195.7249755859375,1207.4000244140625,1192.125,1207.4000244140625,983752
2021-12-20,1178.4932861328125,1202.7750244140625,1207.425048828125,1164.625,1194.0,2338686
2021-12-21,1180.6734619140625,1205.0,1226.5,1197.0,1215.0,902200
2021-12-22,1192.676025390625,1217.25,1220.0,1203.4000244140625,1210.0,423886
2021-12-23,1186.25830078125,1210.699951171875,1222.2249755859375,1208.2750244140625,1220.0,326340
2021-12-24,1180.7713623046875,1205.0999755859375,1224.4749755859375,1202.5,1211.550048828125,349626
2021-12-27,1174.8924560546875,1199.0999755859375,1212.4749755859375,1196.9000244140625,1200.550048828125,327470
2021-12-28,1211.439453125,1236.4000244140625,1242.0,1201.7750244140625,1204.5,690914
2021-12-29,1200.39208984375,1225.125,1244.5,1224.0,1243.300048828125,532146
2021-12-30,1192.382080078125,1216.949951171875,1230.5999755859375,1213.550048828125,1215.675048828125,474798
2021-12-31,1206.5404052734375,1231.4000244140625,1235.0,1217.449951171875,1217.449951171875,356120
2022-01-03,1212.0028076171875,1236.9749755859375,1243.5,1232.5,1237.5,223596
2022-01-04,1273.363525390625,1299.5999755859375,1303.75,1239.0,1241.0,2737246
2022-01-05,1292.3475341796875,1318.9749755859375,1331.0,1292.5,1300.8499755859375,2374520
2022-01-06,1296.291259765625,1323.0,1327.5,1307.550048828125,1308.0,1450628
2022-01-07,1334.2344970703125,1361.7249755859375,1367.25,1322.5,1325.0,1894572
2022-01-10,1327.228759765625,1354.574951171875,1370.574951171875,1345.0,1370.0,642546
2022-01-11,1327.5225830078125,1354.875,1361.550048828125,1347.5,1348.5,581542
2022-01-12,1346.67822265625,1374.425048828125,1376.5,1355.050048828125,1355.050048828125,618812
2022-01-13,1334.67529296875,1362.175048828125,1382.3499755859375,1355.675048828125,1374.425048828125,615106
2022-01-14,1323.0155029296875,1350.2750244140625,1362.2249755859375,1325.0,1360.0,987206
2022-01-17,1329.8743896484375,1357.2750244140625,1360.074951171875,1338.449951171875,1350.2750244140625,719774
2022-01-18,1315.4466552734375,1342.550048828125,1368.625,1335.550048828125,1368.625,651584
2022-01-19,1309.7144775390625,1336.699951171875,1348.425048828125,1332.074951171875,1343.5,889978
2022-01-20,1310.9639892578125,1337.9749755859375,1348.0999755859375,1328.050048828125,1343.5,710740
2022-01-21,1323.0400390625,1350.300048828125,1355.0,1330.2249755859375,1335.0,2795826
2022-01-24,1293.5233154296875,1320.175048828125,1360.675048828125,1307.925048828125,1357.449951171875,1327016
2022-01-25,1268.7830810546875,1294.925048828125,1340.0,1272.5,1308.0,3428442
2022-01-27,1205.609619140625,1230.449951171875,1288.324951171875,1223.8499755859375,1275.0,4001162
2022-01-28,1212.9091796875,1237.9000244140625,1258.5,1230.5,1230.949951171875,881614
2022-01-31,1203.4539794921875,1228.25,1261.5,1222.625,1261.5,694578
2022-02-01,1211.464111328125,1236.425048828125,1238.5,1220.0,1237.5,1103316
2022-02-02,1235.983642578125,1261.449951171875,1280.0,1236.425048828125,1241.0,1711312
2022-02-03,1226.3326416015625,1251.5999755859375,1269.9000244140625,1245.5,1269.9000244140625,1350380
2022-02-04,1215.8486328125,1240.9000244140625,1255.0,1236.300048828125,1252.0,904896
2022-02-07,1193.166015625,1217.75,1239.425048828125,1210.0,1234.0,761766
2022-02-08,1183.2943115234375,1207.675048828125,1222.9000244140625,1201.2750244140625,1222.9000244140625,1095260
2022-02-09,1215.2607421875,1240.300048828125,1247.75,1210.175048828125,1211.7750244140625,726894
2022-02-10,1219.400390625,1244.5250244140625,1249.125,1230.2750244140625,1248.0,344952
2022-02-11,1191.5738525390625,1216.125,1237.0,1210.7750244140625,1237.0,793826
2022-02-14,1170.1649169921875,1194.2750244140625,1208.300048828125,1182.699951171875,1199.5,844580
2022-02-15,1199.3388671875,1224.050048828125,1226.300048828125,1186.574951171875,1194.2750244140625,524606
2022-02-16,1186.895263671875,1211.3499755859375,1229.875,1207.5,1225.0,578050
2022-02-17,1198.701904296875,1223.4000244140625,1228.949951171875,1205.5,1219.0,420460
2022-02-18,1190.8143310546875,1215.3499755859375,1230.0,1209.300048828125,1214.5,303222
2022-02-21,1188.6588134765625,1213.1500244140625,1226.6500244140625,1199.4000244140625,1206.5,374962
2022-02-22,1167.2989501953125,1191.3499755859375,1205.875,1177.0,1187.5,971770
2022-02-23,1183.4168701171875,1207.800048828125,1216.0,1197.0,1199.9749755859375,455434
2022-02-24,1132.050048828125,1155.375,1190.5,1145.5,1182.5,1591822
2022-02-25,1160.6116943359375,1184.5250244140625,1190.0,1160.050048828125,1162.574951171875,665306
2022-02-28,1177.219482421875,1201.4749755859375,1202.800048828125,1156.0,1182.0,1256064
2022-03-02,1174.696533203125,1198.9000244140625,1202.0250244140625,1171.2750244140625,1191.75,1083774
2022-03-03,1145.7186279296875,1169.324951171875,1207.050048828125,1161.675048828125,1200.0,1129288
2022-03-04,1107.6529541015625,1130.4749755859375,1165.199951171875,1115.0,1165.0,1422960
2022-03-07,1060.474853515625,1082.324951171875,1111.425048828125,1072.1500244140625,1111.425048828125,1488898
2022-03-08,1068.4114990234375,1090.425048828125,1109.9749755859375,1066.7750244140625,1079.9000244140625,991060
2022-03-09,1096.2137451171875,1118.800048828125,1125.4749755859375,1085.0250244140625,1100.0,1079310
2022-03-10,1151.2301025390625,1174.949951171875,1182.3499755859375,1137.5,1175.0,1842138
2022-03-11,1145.4735107421875,1169.074951171875,1174.5,1143.2750244140625,1170.5,528142
2022-03-14,1148.6824951171875,1172.3499755859375,1190.0,1158.824951171875,1175.0,759944
2022-03-15,1161.3466796875,1185.2750244140625,1199.3499755859375,1176.6500244140625,1185.0,723176
2022-03-16,1206.58935546875,1231.449951171875,1234.0,1195.25,1195.25,1162080
2022-03-17,1229.8597412109375,1255.199951171875,1267.4749755859375,1231.7249755859375,1242.5,2252286
2022-03-21,1217.538818359375,1242.625,1271.925048828125,1222.5,1222.5,1369248
2022-03-22,1200.4410400390625,1225.175048828125,1237.5,1202.5,1237.5,914068
2022-03-23,1192.382080078125,1216.949951171875,1236.9749755859375,1205.050048828125,1230.0,639500
2022-03-24,1187.3604736328125,1211.824951171875,1223.875,1205.324951171875,1214.449951171875,434122
2022-03-25,1203.429443359375,1228.2249755859375,1232.0,1209.3499755859375,1217.4749755859375,689886
2022-03-28,1175.65185546875,1199.875,1234.5999755859375,1193.050048828125,1231.9749755859375,860130
2022-03-29,1174.7698974609375,1198.9749755859375,1212.5,1196.7249755859375,1209.0,779328
2022-03-30,1195.5177001953125,1220.1500244140625,1223.0,1201.2249755859375,1208.8499755859375,787702
2022-03-31,1202.376220703125,1227.1500244140625,1239.5,1220.25,1227.5250244140625,879856
2022-04-01,1217.857177734375,1242.949951171875,1246.0,1222.175048828125,1236.8499755859375,476418
2022-04-04,1222.33984375,1247.5250244140625,1254.0,1240.5250244140625,1247.5,482200
2022-04-05,1228.5125732421875,1253.824951171875,1263.574951171875,1242.5,1250.0,552512
2022-04-06,1239.24169921875,1264.7750244140625,1270.0,1245.199951171875,1249.5,510866
2022-04-07,1221.384521484375,1246.550048828125,1279.324951171875,1241.125,1268.0,690928
2022-04-08,1237.0860595703125,1262.574951171875,1267.0250244140625,1247.5,1250.5999755859375,515736
2022-04-11,1199.8531494140625,1224.574951171875,1269.375,1220.0,1262.5,1380656
2022-04-12,1163.8695068359375,1187.8499755859375,1227.3499755859375,1182.875,1224.574951171875,1646340
2022-04-13,1159.14208984375,1183.0250244140625,1210.0,1174.574951171875,1187.8499755859375,1249494
2022-04-18,1158.309326171875,1182.175048828125,1191.7249755859375,1161.2750244140625,1179.949951171875,679964
2022-04-19,1140.7706298828125,1164.2750244140625,1201.0999755859375,1152.5,1191.5,812706
2022-04-20,1160.538330078125,1184.449951171875,1191.0,1157.6500244140625,1180.5999755859375,708404
2022-04-21,1178.88525390625,1203.175048828125,1207.0,1185.0250244140625,1192.5,509918
2022-04-22,1188.707763671875,1213.199951171875,1219.699951171875,1190.2750244140625,1200.0,633886
2022-04-25,1179.8651123046875,1204.175048828125,1210.5,1192.4000244140625,1210.5,586744
2022-04-26,1193.8028564453125,1218.4000244140625,1220.050048828125,1199.7750244140625,1207.4749755859375,447730
2022-04-27,1181.310302734375,1205.6500244140625,1216.5,1195.7750244140625,1216.5,448736
2022-04-28,1204.164306640625,1228.9749755859375,1232.0,1199.2249755859375,1211.5,802388
2022-04-29,1187.3851318359375,1211.8499755859375,1233.5,1207.375,1232.0,765390
2022-05-02,1187.5811767578125,1212.050048828125,1215.425048828125,1198.800048828125,1207.4000244140625,362204
2022-05-04,1138.5660400390625,1162.0250244140625,1209.449951171875,1151.050048828125,1206.5,1291934
2022-05-05,1127.64111328125,1150.875,1173.800048828125,1147.574951171875,1165.0,527416
2022-05-06,1095.674560546875,1118.25,1142.7750244140625,1109.0,1137.5,773158
2022-05-09,1077.523681640625,1099.7249755859375,1119.0,1095.5250244140625,1100.0,778048
2022-05-10,1079.38525390625,1101.625,1121.75,1096.0250244140625,1108.5250244140625,517500
2022-05-11,1060.22998046875,1082.074951171875,1110.25,1077.5,1109.5,844302
2022-05-12,1036.1510009765625,1057.5,1089.699951171875,1052.550048828125,1075.0,752418
2022-05-13,1039.4580078125,1060.875,1085.5,1056.0,1065.0,658352
2022-05-16,1035.9794921875,1057.324951171875,1069.5,1043.9000244140625,1069.5,640516
2022-05-17,1062.8756103515625,1084.7750244140625,1087.550048828125,1052.5,1064.5,531884
2022-05-18,1059.64208984375,1081.4749755859375,1087.175048828125,1067.9000244140625,1082.5,1299958
2022-05-19,1037.54736328125,1058.925048828125,1063.5,1025.0,1025.0,1880770
2022-05-20,1048.1292724609375,1069.7249755859375,1073.6500244140625,1045.175048828125,1065.574951171875,1173056
2022-05-23,1072.28173828125,1094.375,1114.5,1070.125,1077.5,1787784
2022-05-24,1064.34521484375,1086.2750244140625,1107.5,1079.125,1094.5,602614
2022-05-25,1048.104736328125,1069.699951171875,1091.300048828125,1051.2750244140625,1090.0,1037172
2022-05-26,1045.0184326171875,1066.550048828125,1079.3499755859375,1053.0,1071.199951171875,787920
2022-05-27,1059.9114990234375,1081.75,1084.425048828125,1069.0999755859375,1075.1500244140625,340412
2022-05-30,1089.8448486328125,1112.300048828125,1116.0,1092.699951171875,1101.625,893164
2022-05-31,1100.034912109375,1122.699951171875,1131.5,1095.25,1114.5,1880158
2022-06-01,1080.340576171875,1102.5999755859375,1145.425048828125,1096.800048828125,1125.0,903112
2022-06-02,1100.2064208984375,1122.875,1127.0,1095.449951171875,1102.5999755859375,657988
2022-06-03,1075.6376953125,1097.800048828125,1130.1500244140625,1093.7750244140625,1126.0,768244
2022-06-06,1064.0758056640625,1086.0,1103.25,1072.574951171875,1101.9000244140625,459964
2022-06-07,1045.116455078125,1066.6500244140625,1083.0,1062.074951171875,1082.5,401020
2022-06-08,1029.218994140625,1050.425048828125,1073.9000244140625,1048.0,1067.5250244140625,691964
2022-06-09,1027.112548828125,1048.2750244140625,1053.3499755859375,1031.625,1046.1500244140625,1119622
2022-06-10,1033.11376953125,1054.4000244140625,1058.199951171875,1035.0,1042.0,590744
2022-06-13,1044.699951171875,1066.2249755859375,1071.0,1026.0250244140625,1026.0250244140625,1507186
2022-06-14,1038.649658203125,1060.050048828125,1074.0,1054.0250244140625,1057.5,497544
2022-06-15,1034.999755859375,1056.324951171875,1072.0,1052.0,1068.875,409116
2022-06-16,1027.3572998046875,1048.5250244140625,1075.0,1040.0,1075.0,532412
2022-06-17,979.5424194335938,999.7249755859375,1048.5,994.2750244140625,1035.550048828125,1884914
2022-06-20,1032.0601806640625,1053.324951171875,1060.0,1005.3250122070312,1009.25,2034860
2022-06-21,1029.0965576171875,1050.300048828125,1060.0,1041.3499755859375,1054.449951171875,1043382
2022-06-22,1020.0332641601562,1041.050048828125,1067.4000244140625,1037.5,1050.5,993028
2022-06-23,1051.1177978515625,1072.7750244140625,1077.824951171875,1043.6500244140625,1049.0,877666
2022-06-24,1062.728515625,1084.625,1089.4749755859375,1068.0250244140625,1081.675048828125,857278
2022-06-27,1049.94189453125,1071.574951171875,1094.5999755859375,1066.574951171875,1092.5,876920
2022-06-28,1036.7388916015625,1058.0999755859375,1069.925048828125,1050.0,1065.5,491738
2022-06-29,1027.896240234375,1049.074951171875,1070.800048828125,1042.8499755859375,1052.5,922556
2022-06-30,1023.8544921875,1044.949951171875,1064.8499755859375,1039.5,1052.5999755859375,619938
2022-07-01,1057.388671875,1079.175048828125,1082.175048828125,1041.4000244140625,1049.9749755859375,1002218
2022-07-04,1074.09423828125,1096.2249755859375,1103.4000244140625,1075.550048828125,1075.550048828125,408370
2022-07-05,1066.5499267578125,1088.5250244140625,1109.925048828125,1085.4000244140625,1100.0,684418
2022-07-06,1087.3707275390625,1109.7750244140625,1119.699951171875,1095.550048828125,1100.0,1032978
2022-07-07,1095.9442138671875,1118.5250244140625,1136.550048828125,1114.1500244140625,1119.875,640710
2022-07-08,1102.7049560546875,1125.425048828125,1127.4749755859375,1114.5,1121.0,429610
2022-07-11,1111.3760986328125,1134.2750244140625,1139.4749755859375,1117.7750244140625,1129.9749755859375,518288
2022-07-12,1102.65576171875,1125.375,1133.949951171875,1120.324951171875,1133.949951171875,331510
2022-07-13,1119.655517578125,1142.7249755859375,1151.4000244140625,1132.9000244140625,1137.0,1126468
2022-07-14,1121.7867431640625,1144.9000244140625,1150.949951171875,1131.5,1144.949951171875,467808
2022-07-15,1130.531494140625,1153.824951171875,1160.0,1141.2249755859375,1144.9000244140625,536154
2022-07-18,1127.8125,1151.050048828125,1162.5,1140.5,1158.5,466516
2022-07-19,1122.594970703125,1145.7249755859375,1151.5,1135.0,1140.2750244140625,311278
2022-07-20,1136.998291015625,1160.425048828125,1166.5,1148.5,1152.7249755859375,723878
2022-07-21,1157.2313232421875,1181.074951171875,1186.0,1156.75,1162.4749755859375,737938
2022-07-22,1155.0758056640625,1178.875,1189.125,1172.074951171875,1181.074951171875,441950
2022-07-25,1143.09765625,1166.6500244140625,1192.0,1159.050048828125,1179.0,646962
2022-07-26,1141.719970703125,1160.25,1164.5,1135.9749755859375,1162.0,724506
2022-07-27,1158.399169921875,1177.199951171875,1182.050048828125,1155.050048828125,1155.050048828125,530960
2022-07-28,1180.7366943359375,1199.9000244140625,1202.5,1175.800048828125,1186.449951171875,853546
2022-07-29,1206.0509033203125,1225.625,1230.0,1203.8499755859375,1215.9000244140625,682906
2022-08-01,1228.1422119140625,1248.074951171875,1252.0,1228.449951171875,1235.9000244140625,717064
2022-08-02,1240.0982666015625,1260.2249755859375,1269.0,1248.800048828125,1255.0,740248
2022-08-03,1241.475830078125,1261.625,1265.0,1247.1500244140625,1260.0,432184
2022-08-04,1256.6546630859375,1277.050048828125,1279.925048828125,1253.625,1267.5,822506
2022-08-05,1299.3367919921875,1320.425048828125,1324.824951171875,1281.699951171875,1285.4000244140625,2053916
2022-08-08,1303.5189208984375,1324.675048828125,1327.7750244140625,1305.0,1325.0,992070
2022-08-10,1297.3441162109375,1318.4000244140625,1335.5250244140625,1306.4000244140625,1324.925048828125,2029372
2022-08-11,1299.2384033203125,1320.324951171875,1339.0250244140625,1315.8499755859375,1330.0,1131998
2022-08-12,1290.308349609375,1311.25,1327.4749755859375,1309.074951171875,1320.324951171875,1018130
2022-08-16,1311.5880126953125,1332.875,1339.375,1313.0,1320.0,775900
2022-08-17,1336.459228515625,1358.1500244140625,1370.5,1336.5,1339.5,1972434
2022-08-18,1339.8787841796875,1361.625,1367.5,1351.0,1359.925048828125,411956
2022-08-19,1338.67333984375,1360.4000244140625,1371.6500244140625,1354.625,1364.9749755859375,824452
2022-08-22,1318.6728515625,1340.074951171875,1353.449951171875,1322.75,1350.0,749340
2022-08-23,1317.5413818359375,1338.925048828125,1346.550048828125,1316.625,1329.5,579146
2022-08-24,1314.0479736328125,1335.375,1348.949951171875,1322.0250244140625,1335.0,424434
2022-08-25,1310.3580322265625,1331.625,1348.0,1327.574951171875,1337.5,826958
2022-08-26,1312.1536865234375,1333.449951171875,1347.5,1326.050048828125,1337.4749755859375,372254
2022-08-29,1328.61181640625,1350.175048828125,1354.949951171875,1298.050048828125,1300.0,797324
2022-08-30,1346.299560546875,1368.1500244140625,1381.1500244140625,1355.5,1357.75,1043338
2022-09-01,1387.62890625,1410.1500244140625,1413.0,1358.5,1368.1500244140625,1466668
2022-09-02,1410.458251953125,1433.3499755859375,1447.5,1413.0,1414.9749755859375,1642092
2022-09-05,1393.7542724609375,1416.375,1446.5,1414.7750244140625,1437.5,697670
2022-09-06,1385.414794921875,1407.9000244140625,1427.7249755859375,1399.0,1424.0,469994
2022-09-07,1379.5352783203125,1401.925048828125,1416.0,1396.050048828125,1408.449951171875,581368
2022-09-08,1411.9097900390625,1434.824951171875,1437.5,1408.5,1412.25,893490
2022-09-09,1399.36328125,1422.074951171875,1445.0,1416.550048828125,1445.0,514494
2022-09-12,1405.9810791015625,1428.800048828125,1439.4749755859375,1422.5,1427.5,330628
2022-09-13,1405.9071044921875,1428.7249755859375,1440.5,1422.5,1434.5,393510
2022-09-14,1411.6636962890625,1434.574951171875,1446.0,1402.5,1402.5,935654
2022-09-15,1427.752685546875,1450.925048828125,1459.4749755859375,1432.9749755859375,1442.0,1398588
2022-09-16,1377.173583984375,1399.5250244140625,1453.0,1394.050048828125,1451.5,1445574
2022-09-19,1380.9866943359375,1403.4000244140625,1413.925048828125,1378.5250244140625,1399.5250244140625,460234
2022-09-20,1394.3203125,1416.949951171875,1441.7750244140625,1405.800048828125,1409.925048828125,541006
2022-09-21,1386.8662109375,1409.375,1433.824951171875,1405.550048828125,1415.0,392824
2022-09-22,1382.5364990234375,1404.9749755859375,1410.0,1375.0,1407.0999755859375,817230
2022-09-23,1377.960693359375,1400.324951171875,1406.4749755859375,1385.0,1405.9749755859375,637568
2022-09-26,1378.7232666015625,1401.0999755859375,1414.925048828125,1381.25,1390.0,823304
2022-09-27,1379.756591796875,1402.1500244140625,1421.875,1395.0,1407.4749755859375,1111098
2022-09-28,1362.7574462890625,1384.875,1397.5,1378.4000244140625,1397.5,1868548
2022-09-29,1330.5059814453125,1352.0999755859375,1394.0,1335.0,1391.800048828125,1562522
2022-09-30,1323.6671142578125,1345.1500244140625,1358.5,1337.625,1353.6500244140625,1045250
2022-10-03,1306.913818359375,1328.125,1346.0,1318.425048828125,1345.0,671864
2022-10-04,1321.87109375,1343.324951171875,1349.125,1336.550048828125,1345.5,557358
2022-10-06,1309.71826171875,1330.9749755859375,1357.0,1327.5,1357.0,594856
2022-10-07,1310.0382080078125,1331.300048828125,1350.25,1320.5,1331.449951171875,630486
2022-10-10,1301.60009765625,1322.7249755859375,1329.5,1296.625,1312.0999755859375,406862
2022-10-11,1285.14208984375,1306.0,1336.375,1303.0,1333.5,461058
2022-10-12,1306.37255859375,1327.574951171875,1330.0,1301.25,1312.550048828125,363098
2022-10-13,1289.8656005859375,1310.800048828125,1333.800048828125,1306.824951171875,1325.0,323144
2022-10-14,1288.955322265625,1309.875,1334.074951171875,1307.675048828125,1327.449951171875,193968
2022-10-17,1324.2081298828125,1345.699951171875,1354.574951171875,1312.5999755859375,1316.425048828125,1634006
2022-10-18,1334.663330078125,1356.324951171875,1368.75,1342.5,1352.449951171875,872800
2022-10-19,1311.1944580078125,1332.4749755859375,1351.925048828125,1313.625,1350.0,807302
2022-10-20,1323.3963623046875,1344.875,1356.0,1328.050048828125,1331.949951171875,854352
2022-10-21,1297.7869873046875,1318.8499755859375,1349.949951171875,1313.175048828125,1345.0,598806
2022-10-24,1300.640625,1321.75,1335.0,1317.5,1332.5,130826
2022-10-25,1288.2418212890625,1309.1500244140625,1317.5,1297.5,1316.0,537504
2022-10-27,1261.72216796875,1282.199951171875,1321.0,1272.75,1312.050048828125,1223410
2022-10-28,1259.828125,1280.2750244140625,1293.9000244140625,1277.5250244140625,1284.0,820380
2022-10-31,1271.5625,1292.199951171875,1298.175048828125,1276.800048828125,1281.5,1416994
2022-11-01,1300.763671875,1321.875,1325.0,1295.0250244140625,1298.5,638580
2022-11-02,1296.1878662109375,1317.2249755859375,1324.75,1297.7249755859375,1322.25,931448
2022-11-03,1300.665283203125,1321.7750244140625,1324.0999755859375,1302.5,1311.3499755859375,468420
2022-11-04,1302.854736328125,1324.0,1331.5250244140625,1312.5999755859375,1321.7750244140625,375606
2022-11-07,1293.3341064453125,1314.324951171875,1333.625,1306.5,1323.5,1243030
2022-11-09,1304.94580078125,1326.125,1333.9749755859375,1311.0,1322.5,798896
2022-11-10,1306.963134765625,1328.175048828125,1335.9749755859375,1300.0,1300.0,982010
2022-11-11,1309.349365234375,1330.5999755859375,1342.5,1317.050048828125,1334.5,507382
2022-11-14,1306.077392578125,1327.2750244140625,1343.875,1320.0,1325.0,923388
2022-11-15,1316.13916015625,1337.5,1340.0,1320.1500244140625,1333.925048828125,523672
2022-11-16,1319.8045654296875,1341.2249755859375,1342.5,1326.5999755859375,1335.5250244140625,698426
2022-11-17,1325.09375,1346.5999755859375,1349.5,1330.699951171875,1341.2249755859375,671508
2022-11-18,1328.0704345703125,1349.625,1357.0,1337.824951171875,1349.0,438542
2022-11-21,1309.7427978515625,1331.0,1359.199951171875,1328.4749755859375,1355.074951171875,441556
2022-11-22,1326.9388427734375,1348.4749755859375,1351.9749755859375,1330.4000244140625,1331.6500244140625,581696
2022-11-23,1326.6927490234375,1348.2249755859375,1359.0,1342.5999755859375,1349.949951171875,384958
2022-11-24,1330.3582763671875,1351.949951171875,1358.0,1347.074951171875,1354.9749755859375,285234
2022-11-25,1309.7921142578125,1331.050048828125,1353.5,1326.5999755859375,1349.8499755859375,533500
2022-11-28,1324.6756591796875,1346.175048828125,1348.5,1331.050048828125,1331.050048828125,535914
2022-11-29,1342.1912841796875,1363.9749755859375,1376.5,1342.8499755859375,1345.0,803926
2022-11-30,1352.400634765625,1374.3499755859375,1393.75,1352.324951171875,1368.0250244140625,2624670
2022-12-01,1344.946533203125,1366.7750244140625,1383.0,1363.5,1376.2750244140625,537630
2022-12-02,1346.25048828125,1368.0999755859375,1371.9749755859375,1352.5,1366.7750244140625,393842
2022-12-05,1345.069580078125,1366.9000244140625,1369.925048828125,1347.0,1364.050048828125,679150
2022-12-06,1356.5826416015625,1378.5999755859375,1389.5,1360.125,1362.0,1005830
2022-12-07,1364.0614013671875,1386.199951171875,1398.0,1382.0,1387.5,874964
2022-12-08,1358.8212890625,1380.875,1396.449951171875,1377.050048828125,1395.0,504294
2022-12-09,1347.9478759765625,1369.824951171875,1390.7750244140625,1360.0,1383.9749755859375,469364
2022-12-12,1322.6090087890625,1344.074951171875,1368.675048828125,1338.425048828125,1367.5,662678
2022-12-13,1303.2484130859375,1324.4000244140625,1344.25,1318.550048828125,1340.1500244140625,548276
2022-12-14,1297.09814453125,1318.1500244140625,1330.0,1311.699951171875,1322.9000244140625,599850
2022-12-15,1287.380859375,1308.2750244140625,1318.800048828125,1304.25,1315.4749755859375,355436
2022-12-16,1275.74462890625,1296.449951171875,1307.5,1279.0,1307.5,901954
2022-12-19,1279.164306640625,1299.925048828125,1302.8499755859375,1286.0,1295.5,432658
2022-12-20,1267.7740478515625,1288.3499755859375,1299.8499755859375,1283.0,1295.0,296116
2022-12-21,1262.386474609375,1282.875,1300.0,1275.5,1290.050048828125,343788
2022-12-22,1255.498291015625,1275.875,1293.0999755859375,1262.5,1280.0,374804
2022-12-23,1225.2393798828125,1245.125,1272.050048828125,1241.574951171875,1267.550048828125,488866
2022-12-26,1236.703369140625,1256.7750244140625,1262.199951171875,1230.7750244140625,1240.0,517394
2022-12-27,1248.3148193359375,1268.574951171875,1272.4749755859375,1254.5,1257.5,293598
2022-12-28,1273.2845458984375,1293.949951171875,1316.9749755859375,1262.074951171875,1268.875,981530
2022-12-29,1280.074462890625,1300.8499755859375,1360.550048828125,1270.2249755859375,1292.7750244140625,1232728
2022-12-30,1254.7109375,1275.074951171875,1305.0,1270.6500244140625,1305.0,410132
2023-01-02,1244.797119140625,1265.0,1280.0,1255.0,1277.5,669778
2023-01-03,1248.2410888671875,1268.5,1275.9000244140625,1258.125,1269.5,643468
2023-01-04,1235.4241943359375,1255.4749755859375,1269.5,1252.050048828125,1269.449951171875,336530
2023-01-05,1238.9420166015625,1259.050048828125,1277.0,1255.4749755859375,1260.0,487994
2023-01-06,1241.008544921875,1261.1500244140625,1269.050048828125,1255.550048828125,1260.5,319792
2023-01-09,1255.7935791015625,1276.175048828125,1279.0,1263.5,1267.4749755859375,328436
2023-01-10,1244.4033203125,1264.5999755859375,1281.9749755859375,1256.5,1276.199951171875,312516
2023-01-11,1219.9501953125,1239.75,1268.699951171875,1237.5250244140625,1265.050048828125,536492
2023-01-12,1227.822509765625,1247.75,1263.074951171875,1231.4000244140625,1240.949951171875,573124
2023-01-13,1232.5704345703125,1252.574951171875,1257.0250244140625,1236.300048828125,1254.0,371302
2023-01-16,1205.3375244140625,1224.9000244140625,1258.425048828125,1223.324951171875,1254.5,486394
2023-01-17,1199.260986328125,1218.7249755859375,1232.0,1207.0999755859375,1223.9749755859375,1104462
2023-01-18,1224.4521484375,1244.324951171875,1246.6500244140625,1215.574951171875,1218.7249755859375,351738
2023-01-19,1207.01025390625,1226.5999755859375,1242.5250244140625,1218.25,1240.0,547226
2023-01-20,1182.1143798828125,1201.300048828125,1224.5,1197.5,1224.5,493462
2023-01-23,1185.5584716796875,1204.800048828125,1214.0,1190.824951171875,1204.5,503248
2023-01-24,1172.151123046875,1191.175048828125,1212.5,1188.625,1204.800048828125,518394
2023-01-25,1139.1614990234375,1157.6500244140625,1176.0,1149.5,1165.5,1673466
2023-01-27,1127.033203125,1145.324951171875,1160.0,1128.5,1160.0,890164
2023-01-30,1123.4661865234375,1141.699951171875,1160.0,1132.5250244140625,1152.4749755859375,631882
2023-01-31,1121.5718994140625,1139.7750244140625,1152.449951171875,1137.625,1151.949951171875,1107434
2023-02-01,1139.1614990234375,1157.6500244140625,1166.5,1135.0,1145.75,688520
2023-02-02,1127.4268798828125,1145.7249755859375,1155.0,1126.4000244140625,1154.5250244140625,814542
2023-02-03,1152.0767822265625,1170.7750244140625,1174.4749755859375,1140.800048828125,1145.75,627390
2023-02-06,1148.0177001953125,1166.6500244140625,1176.6500244140625,1160.5,1176.6500244140625,521948
2023-02-07,1139.1123046875,1157.5999755859375,1171.5,1156.5,1166.6500244140625,383854
2023-02-08,1148.2391357421875,1166.875,1169.8499755859375,1150.5,1159.0,355532
2023-02-09,1145.23779296875,1163.824951171875,1170.0,1157.5,1167.4749755859375,355114
2023-02-10,1139.57958984375,1158.074951171875,1174.6500244140625,1155.1500244140625,1164.5,638886
2023-02-13,1132.5931396484375,1150.9749755859375,1159.050048828125,1145.0,1150.5250244140625,363160
2023-02-14,1129.71484375,1148.050048828125,1162.0,1139.0,1162.0,426600
2023-02-15,1137.193359375,1155.6500244140625,1161.0250244140625,1141.0,1150.0,383616
2023-02-16,1139.8748779296875,1158.375,1163.7750244140625,1151.1500244140625,1159.5,630986
2023-02-17,1147.9193115234375,1166.550048828125,1171.050048828125,1150.324951171875,1158.175048828125,632862
2023-02-20,1141.4986572265625,1160.0250244140625,1171.0,1153.4000244140625,1170.925048828125,551338
2023-02-21,1147.304443359375,1165.925048828125,1167.5,1153.0,1165.0,513872
2023-02-22,1129.00146484375,1147.324951171875,1159.9749755859375,1140.5,1159.9749755859375,660726
2023-02-23,1115.962890625,1134.074951171875,1150.175048828125,1129.0,1149.0,762688
2023-02-24,1119.677734375,1137.8499755859375,1144.1500244140625,1125.0250244140625,1135.0,916596
2023-02-27,1121.6209716796875,1139.824951171875,1146.5999755859375,1130.5,1132.5,463650
2023-02-28,1132.0272216796875,1150.4000244140625,1156.800048828125,1133.3499755859375,1138.5,624686
2023-03-01,1135.3236083984375,1153.75,1158.125,1147.5999755859375,1156.175048828125,567784
2023-03-02,1136.5045166015625,1154.949951171875,1157.949951171875,1145.0,1153.5,466214
2023-03-03,1140.85888671875,1159.375,1165.0,1152.5,1159.0,626146
2023-03-06,1156.7264404296875,1175.5,1184.824951171875,1162.699951171875,1165.300048828125,664772
2023-03-08,1155.299560546875,1174.050048828125,1176.375,1163.675048828125,1174.949951171875,457690
2023-03-09,1135.8404541015625,1154.2750244140625,1179.5,1151.0,1177.0,613028
2023-03-10,1138.27587890625,1156.75,1158.824951171875,1137.5,1149.0,323578
2023-03-13,1127.9681396484375,1146.2750244140625,1156.75,1141.0250244140625,1153.0,681150
2023-03-14,1132.7406005859375,1151.125,1156.4749755859375,1140.5,1146.0,680266
2023-03-15,1137.2672119140625,1155.7249755859375,1168.7249755859375,1151.0999755859375,1157.0,410228
2023-03-16,1151.904541015625,1170.5999755859375,1182.0999755859375,1156.050048828125,1161.800048828125,526662
2023-03-17,1156.18505859375,1174.949951171875,1178.9000244140625,1162.425048828125,1177.5250244140625,851840
2023-03-20,1167.25537109375,1186.199951171875,1188.449951171875,1160.074951171875,1165.0,622854
2023-03-21,1160.391845703125,1179.2249755859375,1194.925048828125,1175.550048828125,1192.125,598778
2023-03-22,1169.54345703125,1188.5250244140625,1199.199951171875,1182.5,1187.0,2053274
2023-03-23,1165.139892578125,1184.050048828125,1191.6500244140625,1178.0250244140625,1188.5250244140625,542560
2023-03-24,1163.3931884765625,1182.2750244140625,1189.5,1175.824951171875,1184.050048828125,540390
2023-03-27,1157.2430419921875,1176.0250244140625,1185.0,1167.8499755859375,1178.0,380676
2023-03-28,1149.3707275390625,1168.0250244140625,1177.7249755859375,1158.25,1177.5,603216
2023-03-29,1139.1123046875,1157.5999755859375,1173.0,1152.5,1168.0250244140625,661340
2023-03-31,1157.71044921875,1176.5,1184.0,1156.5,1162.4749755859375,1042214
2023-04-03,1145.2132568359375,1163.800048828125,1175.0,1148.1500244140625,1175.0,822080
2023-04-05,1142.6793212890625,1161.2249755859375,1167.4749755859375,1153.199951171875,1159.0,452834
2023-04-06,1147.4027099609375,1166.0250244140625,1173.925048828125,1158.949951171875,1162.5,737398
2023-04-10,1159.038818359375,1177.8499755859375,1182.0250244140625,1156.175048828125,1166.9749755859375,554544
2023-04-11,1154.340087890625,1173.074951171875,1183.3499755859375,1164.5,1182.0,561408
2023-04-12,1155.15185546875,1173.9000244140625,1179.7249755859375,1167.7249755859375,1173.050048828125,966412
2023-04-13,1156.3326416015625,1175.0999755859375,1183.0,1171.949951171875,1173.8499755859375,678594
2023-04-17,1165.927001953125,1184.8499755859375,1187.9749755859375,1174.4749755859375,1179.0,491778
2023-04-18,1196.8255615234375,1216.25,1218.5,1176.0,1187.5,751270
2023-04-19,1185.0665283203125,1204.300048828125,1224.4000244140625,1200.0,1223.675048828125,500928
2023-04-20,1184.8204345703125,1204.050048828125,1212.824951171875,1200.550048828125,1207.5,256070
2023-04-21,1200.5894775390625,1220.074951171875,1222.5250244140625,1207.0,1209.949951171875,734248
2023-04-24,1191.2410888671875,1210.574951171875,1225.199951171875,1208.0,1225.0,368328
2023-04-25,1186.4195556640625,1205.675048828125,1214.425048828125,1201.5,1210.574951171875,396928
2023-04-26,1186.6162109375,1205.875,1215.0,1201.9000244140625,1203.9749755859375,522512
2023-04-27,1175.521240234375,1194.5999755859375,1224.925048828125,1192.5,1214.2249755859375,660066
2023-04-28,1190.306396484375,1209.625,1211.25,1188.0,1197.5250244140625,756878
2023-05-02,1190.5523681640625,1209.875,1215.5,1203.0,1214.5,378596
2023-05-03,1212.299560546875,1231.9749755859375,1234.8499755859375,1206.824951171875,1211.4749755859375,1073250
2023-05-04,1212.8897705078125,1232.574951171875,1237.4749755859375,1225.375,1237.4749755859375,599304
2023-05-05,1216.309326171875,1236.050048828125,1243.449951171875,1230.75,1235.175048828125,682786
2023-05-08,1205.7801513671875,1225.3499755859375,1246.0,1208.5,1240.175048828125,1365440
2023-05-09,1216.13720703125,1235.875,1239.25,1200.074951171875,1212.5,2205752
2023-05-10,1234.661376953125,1254.699951171875,1272.449951171875,1238.5,1238.5,2392328
2023-05-11,1262.7308349609375,1283.2249755859375,1287.5,1261.949951171875,1269.9749755859375,1680264
2023-05-12,1272.96484375,1293.625,1306.875,1277.5,1290.0,1343386
2023-05-15,1254.8095703125,1275.175048828125,1300.0,1272.699951171875,1293.5,497350
2023-05-16,1251.7835693359375,1272.0999755859375,1290.0,1270.0,1284.2249755859375,405476
2023-05-17,1252.2264404296875,1272.550048828125,1279.5999755859375,1261.5250244140625,1269.9749755859375,1311514
2023-05-18,1255.744384765625,1276.125,1285.5999755859375,1271.050048828125,1277.5999755859375,788682
2023-05-19,1262.8048095703125,1283.300048828125,1287.8499755859375,1272.6500244140625,1276.125,626002
2023-05-22,1247.35546875,1267.5999755859375,1287.2249755859375,1263.0,1281.550048828125,510594
2023-05-23,1246.420654296875,1266.6500244140625,1277.7249755859375,1264.0,1274.5,366200
2023-05-24,1243.148681640625,1263.324951171875,1267.949951171875,1255.4000244140625,1258.5,468722
2023-05-25,1241.475830078125,1261.625,1270.9749755859375,1248.0,1261.5,719926
2023-05-26,1272.4234619140625,1293.074951171875,1295.6500244140625,1260.5,1270.4749755859375,623940
2023-05-29,1270.84912109375,1291.4749755859375,1299.5,1285.0,1297.7750244140625,439670
2023-05-30,1276.38427734375,1297.0999755859375,1302.5,1286.300048828125,1295.0,362558
2023-05-31,1283.100341796875,1303.925048828125,1309.3499755859375,1296.050048828125,1300.0250244140625,990148
2023-06-01,1304.601318359375,1325.7750244140625,1334.5,1307.0250244140625,1309.0,957836
2023-06-02,1295.203857421875,1316.2249755859375,1330.75,1311.5,1326.2750244140625,526584
2023-06-05,1298.2052001953125,1319.2750244140625,1325.9000244140625,1312.5,1319.5,230912
2023-06-06,1291.0955810546875,1312.050048828125,1326.7249755859375,1304.9000244140625,1318.5,254286
2023-06-07,1306.22509765625,1327.425048828125,1332.199951171875,1315.5,1315.5,364630
2023-06-08,1296.1878662109375,1317.2249755859375,1339.0,1310.824951171875,1332.0,328362
2023-06-09,1286.5936279296875,1307.4749755859375,1326.4749755859375,1305.25,1319.0,201236
2023-06-12,1299.28759765625,1320.375,1329.9000244140625,1303.875,1308.125,469042
2023-06-13,1321.87109375,1343.324951171875,1367.5,1328.2750244140625,1333.0,1749726
2023-06-14,1325.044677734375,1346.550048828125,1364.824951171875,1337.875,1343.0,1026556
2023-06-15,1318.943603515625,1340.3499755859375,1362.425048828125,1336.199951171875,1357.0250244140625,802004
2023-06-16,1327.307861328125,1348.8499755859375,1352.5,1333.824951171875,1347.0,871300
2023-06-19,1315.302734375,1336.6500244140625,1359.4749755859375,1334.0,1354.5,600448
2023-06-20,1317.8612060546875,1339.25,1350.5,1335.4000244140625,1337.449951171875,895200
2023-06-21,1314.294189453125,1335.625,1351.5,1330.1500244140625,1350.0,694058
2023-06-22,1297.09814453125,1318.1500244140625,1344.25,1316.050048828125,1341.9749755859375,326830
2023-06-23,1307.922607421875,1329.1500244140625,1341.800048828125,1318.0,1325.199951171875,1579178
2023-06-26,1294.4412841796875,1315.449951171875,1334.5,1311.9749755859375,1325.0,487502
2023-06-27,1289.7425537109375,1310.675048828125,1328.0999755859375,1308.4749755859375,1318.0,725448
2023-06-28,1278.57373046875,1299.324951171875,1317.175048828125,1295.0,1313.0999755859375,1540606
2023-06-30,1277.811279296875,1298.550048828125,1322.949951171875,1292.6500244140625,1301.050048828125,1444546
2023-07-03,1265.1910400390625,1285.7249755859375,1306.7750244140625,1285.0,1299.5999755859375,946032
2023-07-04,1264.698974609375,1285.2249755859375,1294.0,1279.300048828125,1285.7249755859375,877196
2023-07-05,1283.5924072265625,1304.425048828125,1313.300048828125,1287.5,1287.5,1087864
2023-07-06,1303.3468017578125,1324.5,1329.324951171875,1307.5,1310.0,653560
2023-07-07,1285.6094970703125,1306.4749755859375,1331.0,1303.175048828125,1327.5,620850
2023-07-10,1277.1961669921875,1297.925048828125,1310.375,1290.5250244140625,1305.9749755859375,561978
2023-07-11,1298.3529052734375,1319.425048828125,1344.0,1293.0,1297.9749755859375,1267438
2023-07-12,1290.2835693359375,1311.2249755859375,1313.8499755859375,1275.75,1289.5250244140625,1624322
2023-07-13,1288.192626953125,1309.0999755859375,1327.5,1304.1500244140625,1311.2249755859375,651618
2023-07-14,1290.80029296875,1311.75,1314.1500244140625,1297.5,1308.949951171875,594272
2023-07-17,1298.721923828125,1319.800048828125,1324.5,1300.0,1300.0,463524
2023-07-18,1307.8240966796875,1329.050048828125,1333.125,1311.7750244140625,1319.800048828125,743594
2023-07-19,1321.526611328125,1342.9749755859375,1345.8499755859375,1321.6500244140625,1333.25,802578
2023-07-20,1316.9263916015625,1338.300048828125,1347.9749755859375,1333.699951171875,1347.9749755859375,426520
2023-07-21,1310.1365966796875,1331.4000244140625,1342.5,1326.324951171875,1331.5,422234
2023-07-24,1304.6259765625,1325.800048828125,1332.5,1318.074951171875,1327.550048828125,510692
2023-07-25,1282.87890625,1303.699951171875,1324.0,1293.9000244140625,1324.0,436598
2023-07-26,1288.09423828125,1309.0,1314.875,1296.5250244140625,1305.9749755859375,299694
2023-07-27,1285.9945068359375,1301.375,1314.175048828125,1298.0250244140625,1306.5,283566
2023-07-28,1292.4671630859375,1307.925048828125,1314.199951171875,1293.574951171875,1297.5,672822
2023-07-31,1292.0223388671875,1307.4749755859375,1313.425048828125,1295.0999755859375,1307.925048828125,442908
2023-08-01,1301.830078125,1317.4000244140625,1320.4000244140625,1301.0250244140625,1307.5,365584
2023-08-02,1297.8526611328125,1313.375,1321.9749755859375,1304.425048828125,1319.949951171875,365764
2023-08-03,1276.9771728515625,1292.25,1318.2750244140625,1285.0250244140625,1313.4749755859375,412378
2023-08-04,1289.477783203125,1304.9000244140625,1309.324951171875,1292.2750244140625,1295.0250244140625,353516
2023-08-07,1289.873046875,1305.300048828125,1311.800048828125,1300.0,1304.9000244140625,265182
2023-08-08,1296.3951416015625,1311.9000244140625,1314.0,1297.4000244140625,1305.5250244140625,588728
2023-08-09,1286.4144287109375,1301.800048828125,1312.5,1297.550048828125,1309.949951171875,488608
2023-08-10,1245.1578369140625,1260.050048828125,1309.5,1255.2750244140625,1309.5,1494760
2023-08-11,1257.2877197265625,1272.324951171875,1276.0,1258.5,1275.0250244140625,788866
2023-08-14,1253.70556640625,1268.699951171875,1272.5,1255.300048828125,1272.449951171875,298562
2023-08-16,1254.8172607421875,1269.824951171875,1278.7249755859375,1257.5,1267.5,426118
2023-08-17,1236.782958984375,1251.574951171875,1275.0,1249.5,1270.2249755859375,504656
2023-08-18,1224.1590576171875,1238.800048828125,1256.5,1235.0,1251.5999755859375,690752
2023-08-21,1228.679931640625,1243.375,1246.625,1236.1500244140625,1238.7249755859375,545364
2023-08-22,1232.4102783203125,1247.1500244140625,1249.9000244140625,1241.0,1249.5,546066
2023-08-23,1238.6605224609375,1253.4749755859375,1291.25,1250.0,1255.0,1758348
2023-08-24,1245.8990478515625,1260.800048828125,1272.0,1257.7750244140625,1262.5250244140625,1131406
2023-08-25,1249.01171875,1263.949951171875,1268.449951171875,1254.4000244140625,1257.5250244140625,862998
2023-08-28,1242.193359375,1257.050048828125,1269.800048828125,1255.0250244140625,1265.949951171875,684300
2023-08-29,1275.71728515625,1290.9749755859375,1294.3499755859375,1258.2249755859375,1261.9749755859375,1132786
2023-08-30,1272.2093505859375,1287.425048828125,1294.9749755859375,1280.7249755859375,1290.0,778394
2023-08-31,1242.637939453125,1257.5,1292.425048828125,1247.4749755859375,1290.5,2497002
2023-09-01,1234.3619384765625,1249.125,1266.7750244140625,1243.050048828125,1262.4749755859375,937422
2023-09-04,1222.80029296875,1237.425048828125,1254.9749755859375,1233.7750244140625,1249.5,963036
2023-09-05,1230.927978515625,1245.6500244140625,1253.5,1238.699951171875,1244.425048828125,720632
2023-09-06,1236.412353515625,1251.199951171875,1254.0,1242.0,1242.5,517850
2023-09-07,1238.8828125,1253.699951171875,1258.0,1247.050048828125,1255.0,421810
2023-09-08,1237.7218017578125,1252.5250244140625,1258.9749755859375,1245.8499755859375,1254.5,1172474
2023-09-11,1246.9613037109375,1261.875,1264.0,1250.0,1259.5,839248
2023-09-12,1228.927001953125,1243.625,1265.0,1240.0,1265.0,1175768
2023-09-13,1229.5693359375,1244.2750244140625,1255.300048828125,1228.0,1243.0,790906
2023-09-14,1226.92578125,1241.5999755859375,1249.0,1233.625,1249.0,1097908
2023-09-15,1226.0859375,1240.75,1252.5,1236.550048828125,1241.5250244140625,1009528
2023-09-18,1239.25341796875,1254.074951171875,1256.574951171875,1235.5,1240.75,554612
2023-09-20,1234.831298828125,1249.5999755859375,1258.9749755859375,1243.875,1255.9749755859375,675082
2023-09-21,1241.5758056640625,1256.425048828125,1259.199951171875,1243.0,1245.550048828125,559382
2023-09-22,1243.9720458984375,1258.8499755859375,1260.25,1246.5,1259.425048828125,696760
2023-09-25,1232.509033203125,1247.25,1259.9000244140625,1238.7750244140625,1258.5,438234
2023-09-26,1236.1160888671875,1250.9000244140625,1253.0,1244.0999755859375,1244.0999755859375,256308
2023-09-27,1234.9796142578125,1249.75,1251.875,1240.1500244140625,1247.5,357166
2023-09-28,1196.366455078125,1210.675048828125,1251.9749755859375,1207.0250244140625,1249.75,951582
2023-09-29,1205.3341064453125,1219.75,1226.199951171875,1214.5,1220.0,246706
2023-10-03,1198.367431640625,1212.699951171875,1223.949951171875,1206.2750244140625,1219.75,765348
2023-10-04,1188.979736328125,1203.199951171875,1211.4749755859375,1192.5,1210.9749755859375,757666
2023-10-05,1200.2449951171875,1214.5999755859375,1219.1500244140625,1210.0,1217.800048828125,463272
2023-10-06,1212.6715087890625,1227.175048828125,1228.449951171875,1214.5999755859375,1221.5,484794
2023-10-09,1198.1697998046875,1212.5,1219.425048828125,1205.050048828125,1215.050048828125,741138
2023-10-10,1210.571533203125,1225.050048828125,1228.0,1212.5,1215.0,576248
2023-10-11,1229.1246337890625,1243.824951171875,1246.0,1227.5,1228.0,898340
2023-10-12,1226.283447265625,1240.949951171875,1248.75,1236.4000244140625,1243.824951171875,248616
2023-10-13,1215.4876708984375,1230.0250244140625,1242.0999755859375,1227.199951171875,1240.0,292336
2023-10-16,1202.9130859375,1217.300048828125,1231.625,1209.375,1230.0,825776
2023-10-17,1199.3310546875,1213.675048828125,1222.074951171875,1209.7750244140625,1220.7750244140625,599216
2023-10-18,1189.399658203125,1203.625,1217.4749755859375,1202.25,1210.050048828125,312428
2023-10-19,1173.3912353515625,1187.425048828125,1202.9749755859375,1185.0,1200.0,649728
2023-10-20,1172.575927734375,1186.5999755859375,1192.9749755859375,1177.5,1187.425048828125,554286
2023-10-23,1161.6070556640625,1175.5,1191.175048828125,1172.5,1186.5999755859375,295934
2023-10-25,1149.4031982421875,1163.1500244140625,1181.699951171875,1160.6500244140625,1180.25,447704
2023-10-26,1134.1356201171875,1147.699951171875,1161.0,1146.2750244140625,1160.5,560530
2023-10-27,1144.709228515625,1158.4000244140625,1167.199951171875,1148.050048828125,1151.425048828125,844526
2023-10-30,1142.4117431640625,1156.074951171875,1165.0,1149.5,1165.0,623548
2023-10-31,1214.4747314453125,1229.0,1239.0,1175.175048828125,1182.0,4629484
2023-11-01,1188.955078125,1203.175048828125,1232.5,1200.824951171875,1226.0,1131352
2023-11-02,1199.80029296875,1214.1500244140625,1218.175048828125,1197.625,1215.0,475760
2023-11-03,1213.2396240234375,1227.75,1229.5,1207.175048828125,1218.9000244140625,319926
2023-11-06,1202.4683837890625,1216.8499755859375,1235.7249755859375,1210.4749755859375,1235.0,650950
2023-11-07,1204.7413330078125,1219.1500244140625,1223.4749755859375,1210.5,1223.4749755859375,357274
2023-11-08,1221.960205078125,1236.574951171875,1244.375,1218.625,1232.0,701360
2023-11-09,1214.2525634765625,1228.7750244140625,1250.0,1225.25,1232.550048828125,1347756
2023-11-10,1201.801513671875,1216.175048828125,1235.0,1209.4000244140625,1228.7750244140625,652400
2023-11-13,1199.9486083984375,1214.300048828125,1223.925048828125,1210.949951171875,1222.4000244140625,363606
2023-11-15,1215.6112060546875,1230.1500244140625,1234.824951171875,1210.425048828125,1214.5,810614
2023-11-16,1215.0184326171875,1229.550048828125,1233.074951171875,1223.0250244140625,1230.25,350008
2023-11-17,1240.3157958984375,1255.1500244140625,1267.1500244140625,1232.5250244140625,1234.425048828125,1573676
2023-11-20,1227.098876953125,1241.7750244140625,1260.0,1238.125,1255.1500244140625,416130
2023-11-21,1233.052734375,1247.800048828125,1252.375,1235.824951171875,1242.0,451986
2023-11-22,1229.470458984375,1244.175048828125,1253.9000244140625,1239.0250244140625,1247.7750244140625,286336
2023-11-23,1239.8216552734375,1254.6500244140625,1258.0,1241.4749755859375,1244.175048828125,506884
2023-11-24,1237.25244140625,1252.050048828125,1258.2249755859375,1241.0,1257.949951171875,495496
2023-11-28,1229.322265625,1244.0250244140625,1257.1500244140625,1240.875,1245.5,458588
2023-11-29,1237.0054931640625,1251.800048828125,1257.949951171875,1242.5,1244.4749755859375,770168
2023-11-30,1261.09228515625,1276.175048828125,1281.800048828125,1243.5,1251.800048828125,1788844
2023-12-01,1265.934326171875,1281.074951171875,1288.074951171875,1272.0250244140625,1285.0,601000
2023-12-04,1261.6357421875,1276.7249755859375,1291.0,1273.0,1288.0,713860
2023-12-05,1270.3070068359375,1285.5,1294.199951171875,1272.824951171875,1277.5,729150
2023-12-06,1272.8515625,1288.074951171875,1308.0999755859375,1285.0,1294.9749755859375,878562
2023-12-07,1279.126708984375,1294.425048828125,1314.0,1291.5250244140625,1295.0,837144
2023-12-08,1265.687255859375,1280.824951171875,1303.5,1272.5,1303.5,431860
2023-12-11,1257.732421875,1272.7750244140625,1283.9000244140625,1267.8499755859375,1280.824951171875,505516
2023-12-12,1288.3414306640625,1303.75,1307.4000244140625,1273.0250244140625,1273.0250244140625,1411000
2023-12-13,1296.123291015625,1311.625,1324.5,1288.0,1310.675048828125,1262340
2023-12-14,1301.5830078125,1317.1500244140625,1319.0,1300.0,1316.675048828125,902612
2023-12-15,1309.8590087890625,1325.5250244140625,1328.4749755859375,1311.9749755859375,1317.1500244140625,1031198
2023-12-18,1308.10498046875,1323.75,1333.449951171875,1321.5,1325.5,929182
2023-12-19,1308.72265625,1324.375,1330.5,1309.449951171875,1323.75,779602
2023-12-20,1276.8291015625,1292.0999755859375,1335.5,1284.425048828125,1331.0,1195730
2023-12-21,1292.590576171875,1308.050048828125,1311.0,1273.925048828125,1282.550048828125,403892
2023-12-22,1306.1038818359375,1321.7249755859375,1324.925048828125,1306.074951171875,1308.074951171875,474854
2023-12-26,1318.2091064453125,1333.9749755859375,1340.0,1318.0,1322.5,426968
2023-12-27,1333.60009765625,1349.550048828125,1358.5250244140625,1333.9749755859375,1336.5,975078
2023-12-28,1338.145751953125,1354.1500244140625,1361.7249755859375,1348.0250244140625,1359.949951171875,819280
2023-12-29,1341.505615234375,1357.550048828125,1376.800048828125,1339.2750244140625,1355.0,1382090
2024-01-01,1332.8095703125,1348.75,1368.550048828125,1346.7249755859375,1368.550048828125,261916
2024-01-02,1352.6719970703125,1368.8499755859375,1374.5,1330.75,1347.5,535664
2024-01-03,1369.7427978515625,1386.125,1396.0,1364.0250244140625,1374.5,695660
2024-01-04,1368.1617431640625,1384.5250244140625,1395.1500244140625,1375.1500244140625,1389.0,600004
2024-01-05,1345.211181640625,1361.300048828125,1384.5250244140625,1357.199951171875,1382.7750244140625,754218
2024-01-08,1341.2830810546875,1357.324951171875,1369.4749755859375,1346.300048828125,1369.4749755859375,537900
2024-01-09,1345.952392578125,1362.050048828125,1370.4749755859375,1355.8499755859375,1367.375,546446
2024-01-10,1338.639892578125,1354.6500244140625,1365.5,1348.5250244140625,1356.0,549666
2024-01-11,1354.0802001953125,1370.2750244140625,1372.25,1349.0999755859375,1352.5,464746
2024-01-12,1351.3873291015625,1367.550048828125,1377.5,1355.0250244140625,1372.074951171875,371252
2024-01-15,1360.84912109375,1377.125,1386.7750244140625,1358.5,1362.5,1438528
2024-01-16,1381.255126953125,1397.7750244140625,1402.5,1365.0,1375.550048828125,831476
2024-01-17,1362.5784912109375,1378.875,1394.5,1360.4000244140625,1394.5,1522374
2024-01-18,1333.254150390625,1349.199951171875,1375.125,1337.5,1371.0,936264
2024-01-19,1327.9674072265625,1343.8499755859375,1355.9749755859375,1338.550048828125,1352.75,1255886
2024-01-23,1246.3931884765625,1261.300048828125,1345.4749755859375,1244.050048828125,1337.449951171875,2538552
2024-01-24,1280.707763671875,1296.0250244140625,1330.074951171875,1265.0,1315.0,4282538
2024-01-25,1279.7689208984375,1295.074951171875,1305.0,1284.4749755859375,1304.0,1515256
2024-01-29,1269.4671630859375,1284.6500244140625,1304.625,1277.625,1292.5,2032292
2024-01-30,1268.676513671875,1283.8499755859375,1309.375,1278.0,1284.6500244140625,2334430
2024-01-31,1251.556396484375,1266.5250244140625,1291.574951171875,1260.0,1285.5250244140625,6835472
2024-02-01,1240.3897705078125,1255.2249755859375,1277.0,1253.0250244140625,1270.9749755859375,712004
2024-02-02,1242.8109130859375,1257.675048828125,1270.6500244140625,1251.625,1263.9749755859375,806458
2024-02-05,1262.00634765625,1277.0999755859375,1283.0,1255.574951171875,1257.699951171875,4455338
2024-02-06,1291.7752685546875,1307.2249755859375,1309.5,1277.1500244140625,1280.0,1633404
2024-02-07,1331.9942626953125,1347.925048828125,1362.0,1317.0250244140625,1324.0,2122142
2024-02-08,1295.752685546875,1311.25,1362.0250244140625,1302.0,1342.550048828125,633200
2024-02-09,1313.2681884765625,1328.9749755859375,1333.5,1305.050048828125,1311.5,555122
2024-02-12,1319.3702392578125,1335.1500244140625,1341.9000244140625,1325.0,1332.425048828125,729236
2024-02-13,1319.8643798828125,1335.6500244140625,1343.449951171875,1325.0,1335.0,365160
2024-02-14,1315.8621826171875,1331.5999755859375,1339.7249755859375,1320.425048828125,1330.0,655186
2024-02-15,1311.09423828125,1326.7750244140625,1341.0,1321.0,1331.5999755859375,759422
2024-02-16,1339.5291748046875,1355.550048828125,1357.4749755859375,1326.75,1326.75,1157958
2024-02-19,1339.5537109375,1355.574951171875,1364.0,1350.4000244140625,1355.800048828125,727910
2024-02-20,1356.575439453125,1372.800048828125,1375.0,1346.0,1346.0,716684
2024-02-21,1348.4473876953125,1364.574951171875,1378.5,1355.7750244140625,1378.5,494472
2024-02-22,1343.086669921875,1359.1500244140625,1366.0,1354.0250244140625,1360.0999755859375,520248
2024-02-23,1353.8824462890625,1370.074951171875,1379.5,1354.125,1361.0,447252
2024-02-26,1342.641845703125,1358.699951171875,1372.5,1355.050048828125,1370.75,483022
2024-02-27,1349.8309326171875,1365.9749755859375,1369.574951171875,1350.550048828125,1358.699951171875,413172
2024-02-28,1334.9588623046875,1350.925048828125,1366.050048828125,1342.5,1365.050048828125,1419228
2024-02-29,1351.83203125,1368.0,1372.7249755859375,1330.050048828125,1352.1500244140625,1046062
2024-03-01,1362.4549560546875,1378.75,1384.4749755859375,1370.0,1376.9749755859375,621866
2024-03-04,1335.0576171875,1351.0250244140625,1378.1500244140625,1348.25,1371.0999755859375,409060
2024-03-05,1333.8966064453125,1349.8499755859375,1363.7249755859375,1345.0,1351.050048828125,448600
2024-03-06,1399.0423583984375,1415.7750244140625,1420.0,1348.5,1349.8499755859375,3148778
2024-03-07,1415.98974609375,1432.925048828125,1481.3499755859375,1408.6500244140625,1417.550048828125,3875992
2024-03-11,1436.0250244140625,1453.199951171875,1463.949951171875,1436.675048828125,1437.5,1192784
2024-03-12,1411.073486328125,1427.949951171875,1459.0,1425.0,1456.2750244140625,496166
2024-03-13,1394.916748046875,1411.5999755859375,1448.7249755859375,1399.449951171875,1436.6500244140625,954900
2024-03-14,1413.5933837890625,1430.5,1440.0,1386.625,1410.4749755859375,638902
2024-03-15,1417.052001953125,1434.0,1447.0,1409.5,1435.0,939486
2024-03-18,1445.338623046875,1462.625,1473.449951171875,1430.0,1434.0,1171236
2024-03-19,1428.6136474609375,1445.699951171875,1462.625,1433.550048828125,1462.625,548018
2024-03-20,1418.9295654296875,1435.9000244140625,1445.4749755859375,1410.199951171875,1442.550048828125,526110
2024-03-21,1433.5545654296875,1450.699951171875,1454.2249755859375,1428.4749755859375,1436.0,708558
2024-03-22,1462.5577392578125,1480.050048828125,1484.675048828125,1452.2249755859375,1453.7249755859375,1246786
2024-03-26,1483.0626220703125,1500.800048828125,1504.9749755859375,1479.925048828125,1490.9000244140625,2070852
2024-03-27,1478.467529296875,1496.1500244140625,1517.4000244140625,1491.25,1515.574951171875,740138
2024-03-28,1489.5350341796875,1507.3499755859375,1518.6500244140625,1482.25,1498.875,1323046
2024-04-01,1507.7423095703125,1525.7750244140625,1537.0,1510.050048828125,1521.449951171875,740830
2024-04-02,1482.1484375,1499.875,1527.5,1495.3499755859375,1525.7750244140625,844190
2024-04-03,1483.7047119140625,1501.449951171875,1509.574951171875,1488.425048828125,1504.949951171875,639838
2024-04-04,1481.1849365234375,1498.9000244140625,1512.25,1496.050048828125,1505.7750244140625,642146
2024-04-05,1482.667236328125,1500.4000244140625,1508.375,1490.25,1498.9000244140625,433824
2024-04-08,1504.1107177734375,1522.0999755859375,1524.5,1490.7249755859375,1500.75,465712
2024-04-09,1489.4610595703125,1507.2750244140625,1527.449951171875,1498.050048828125,1522.2249755859375,251706
2024-04-10,1482.3214111328125,1500.050048828125,1513.699951171875,1499.0,1507.050048828125,293628
2024-04-12,1475.2806396484375,1492.925048828125,1510.5999755859375,1490.0,1500.0,370730
2024-04-15,1424.6116943359375,1441.6500244140625,1475.800048828125,1436.5,1466.0,695148
2024-04-16,1422.536376953125,1439.550048828125,1449.125,1426.5,1440.925048828125,374308
2024-04-18,1418.9295654296875,1435.9000244140625,1460.875,1430.2750244140625,1443.7249755859375,656250
2024-04-19,1398.6224365234375,1415.3499755859375,1430.0,1402.300048828125,1429.5250244140625,1337600
2024-04-22,1431.8994140625,1449.0250244140625,1455.5,1417.5250244140625,1418.5250244140625,455130
2024-04-23,1439.977783203125,1457.199951171875,1462.5,1437.7750244140625,1459.925048828125,759388
2024-04-24,1457.7650146484375,1475.199951171875,1488.449951171875,1463.5,1466.7750244140625,566040
2024-04-25,1442.472900390625,1459.7249755859375,1475.199951171875,1455.199951171875,1475.0,582190
2024-04-26,1473.6253662109375,1491.25,1502.4749755859375,1458.199951171875,1460.0,500256
2024-04-29,1492.697265625,1510.550048828125,1513.0,1492.5999755859375,1495.0,675754
2024-04-30,1506.482421875,1524.5,1540.875,1506.824951171875,1512.574951171875,954296
2024-05-02,1476.3675537109375,1494.0250244140625,1559.0,1482.824951171875,1524.5,1090414
2024-05-03,1458.950927734375,1476.4000244140625,1511.75,1468.5,1504.8499755859375,654750
2024-05-06,1459.1978759765625,1476.6500244140625,1481.7750244140625,1467.050048828125,1470.0999755859375,420464
2024-05-07,1457.69091796875,1475.125,1482.7750244140625,1465.2750244140625,1476.6500244140625,619732
2024-05-08,1390.889892578125,1407.5250244140625,1482.449951171875,1388.5,1467.75,2665086
2024-05-09,1401.908203125,1418.675048828125,1453.5,1407.0,1407.5250244140625,1393488
2024-05-10,1442.719970703125,1459.9749755859375,1468.5,1422.550048828125,1432.9749755859375,1110296
2024-05-13,1465.3988037109375,1482.925048828125,1489.0,1451.5250244140625,1452.125,772476
2024-05-14,1474.242919921875,1491.875,1497.5,1480.5250244140625,1487.9749755859375,550228
2024-05-15,1476.0711669921875,1493.7249755859375,1500.5,1477.5,1492.5,654588
2024-05-16,1491.2149658203125,1509.050048828125,1515.0,1491.8499755859375,1495.125,1204664
2024-05-17,1475.823974609375,1493.4749755859375,1517.3499755859375,1489.0250244140625,1509.050048828125,547086
2024-05-21,1489.8067626953125,1507.625,1518.875,1485.425048828125,1491.550048828125,1457068
2024-05-22,1487.6822509765625,1505.4749755859375,1531.5,1500.0,1514.9000244140625,1344772
2024-05-23,1476.935791015625,1494.5999755859375,1512.9000244140625,1485.1500244140625,1505.0250244140625,535682
2024-05-24,1468.4620361328125,1486.0250244140625,1505.175048828125,1473.0,1501.574951171875,1538750
2024-05-27,1492.104248046875,1509.949951171875,1515.0,1486.0250244140625,1487.324951171875,647032
2024-05-28,1505.914306640625,1523.925048828125,1535.9749755859375,1509.9000244140625,1519.0,826230
2024-05-29,1500.55322265625,1518.5,1525.0,1507.5,1523.7750244140625,539556
2024-05-30,1481.6790771484375,1499.4000244140625,1522.449951171875,1492.5,1514.9000244140625,848622
2024-05-31,1467.2021484375,1484.75,1499.425048828125,1460.0,1499.4000244140625,2474666
2024-06-03,1474.6629638671875,1492.300048828125,1517.5,1477.4000244140625,1517.5,838280
2024-06-04,1513.0042724609375,1531.0999755859375,1543.175048828125,1453.625,1492.5,1426050
2024-06-05,1564.3897705078125,1583.0999755859375,1615.5,1525.0,1532.0,1265760
2024-06-06,1526.3447265625,1544.5999755859375,1582.2750244140625,1542.0,1570.5,797294
2024-06-07,1543.3909912109375,1561.8499755859375,1571.5,1544.699951171875,1555.675048828125,1414472
2024-06-10,1568.2684326171875,1587.0250244140625,1596.5,1556.5,1577.0,774552
2024-06-11,1568.9354248046875,1587.699951171875,1602.5,1580.1500244140625,1587.5,657866
2024-06-12,1521.0579833984375,1539.25,1592.0,1535.7750244140625,1591.375,1374134
2024-06-13,1521.1075439453125,1539.300048828125,1551.800048828125,1532.0250244140625,1550.0,1342674
2024-06-14,1536.5230712890625,1554.9000244140625,1562.425048828125,1544.449951171875,1545.0,732768
2024-06-18,1542.847412109375,1561.300048828125,1569.5,1552.25,1555.0,671824
2024-06-19,1540.1793212890625,1558.5999755859375,1574.0,1550.675048828125,1564.5,618866
2024-06-20,1547.7142333984375,1566.2249755859375,1579.0250244140625,1547.675048828125,1560.0,937412
2024-06-21,1553.643310546875,1572.2249755859375,1576.7249755859375,1557.0250244140625,1575.0,828600
2024-06-24,1535.1890869140625,1553.550048828125,1569.75,1550.0,1569.75,539008
2024-06-25,1550.7529296875,1569.300048828125,1572.9749755859375,1554.050048828125,1554.050048828125,443632
2024-06-26,1568.218994140625,1586.9749755859375,1600.0,1570.4749755859375,1571.324951171875,1042538
2024-06-27,1553.396240234375,1571.9749755859375,1593.800048828125,1566.5,1592.5250244140625,587038
2024-06-28,1560.8076171875,1579.4749755859375,1596.324951171875,1571.9749755859375,1571.9749755859375,575592
2024-07-01,1542.2545166015625,1560.699951171875,1585.9000244140625,1554.0,1577.824951171875,480586
2024-07-02,1524.34375,1542.574951171875,1565.9749755859375,1534.175048828125,1555.0,1238448
2024-07-03,1537.5853271484375,1555.9749755859375,1562.125,1538.425048828125,1547.4749755859375,815704
2024-07-04,1530.396240234375,1548.699951171875,1566.925048828125,1546.125,1554.949951171875,427052
2024-07-05,1531.5574951171875,1549.875,1555.699951171875,1540.0,1548.699951171875,397342
2024-07-08,1516.3641357421875,1534.5,1552.5,1528.0,1549.875,407226
2024-07-09,1538.548828125,1556.949951171875,1560.5,1535.0,1535.0,718064
2024-07-10,1562.1417236328125,1580.824951171875,1600.925048828125,1560.699951171875,1563.5,1274366
2024-07-11,1562.0428466796875,1580.7249755859375,1587.0,1561.675048828125,1582.4749755859375,516284
2024-07-12,1555.224365234375,1573.824951171875,1586.949951171875,1568.324951171875,1580.7249755859375,443820
2024-07-15,1566.761474609375,1585.5,1596.6500244140625,1570.0,1575.0,512136
2024-07-16,1568.8118896484375,1587.574951171875,1597.5,1574.2750244140625,1589.4749755859375,470170
2024-07-18,1577.8291015625,1596.699951171875,1613.5,1575.449951171875,1592.0,821876
2024-07-19,1548.8507080078125,1567.375,1621.5250244140625,1560.7249755859375,1596.699951171875,856470
2024-07-22,1556.55859375,1575.175048828125,1577.5,1553.300048828125,1570.0,404598
2024-07-23,1569.429443359375,1588.199951171875,1600.5,1549.625,1575.175048828125,706202
2024-07-24,1543.85498046875,1554.449951171875,1587.0,1548.625,1582.050048828125,340010
2024-07-25,1544.1778564453125,1554.7750244140625,1557.574951171875,1540.699951171875,1550.5,488454
2024-07-26,1556.9898681640625,1567.675048828125,1574.4749755859375,1555.074951171875,1557.7750244140625,351608
2024-07-29,1565.1837158203125,1575.925048828125,1580.9749755859375,1565.0250244140625,1571.199951171875,337280
2024-07-30,1567.2445068359375,1578.0,1615.0,1570.574951171875,1576.5,854634
2024-07-31,1582.3408203125,1593.199951171875,1607.425048828125,1578.0,1580.0,613010
2024-08-01,1550.0128173828125,1560.6500244140625,1603.425048828125,1557.625,1596.0250244140625,444694
2024-08-02,1556.3443603515625,1567.0250244140625,1577.5,1555.0,1559.949951171875,313198
2024-08-05,1526.00244140625,1536.4749755859375,1568.7249755859375,1531.4000244140625,1550.0,528232
2024-08-06,1517.212890625,1527.625,1566.4749755859375,1521.800048828125,1532.574951171875,426762
2024-08-07,1565.6802978515625,1576.425048828125,1598.0,1528.0,1541.7750244140625,1396638
2024-08-08,1573.3525390625,1584.1500244140625,1639.4749755859375,1575.0,1592.125,2794936
2024-08-09,1555.8973388671875,1566.574951171875,1606.449951171875,1550.0,1603.949951171875,773512
2024-08-12,1515.4996337890625,1525.9000244140625,1565.0,1520.074951171875,1565.0,874924
2024-08-13,1513.1656494140625,1523.550048828125,1534.175048828125,1511.0250244140625,1515.25,363274
2024-08-14,1505.04638671875,1515.375,1530.0,1499.7249755859375,1524.5,426086
2024-08-16,1518.2557373046875,1528.675048828125,1531.0,1512.550048828125,1525.0,477280
2024-08-19,1517.88330078125,1528.300048828125,1544.300048828125,1525.5,1544.0,346330
2024-08-20,1522.774658203125,1533.2249755859375,1541.625,1525.1500244140625,1539.0,388404
2024-08-21,1518.454345703125,1528.875,1542.5,1521.75,1534.2750244140625,375864
2024-08-22,1552.89306640625,1563.550048828125,1571.0,1532.5,1534.5,769968
2024-08-23,1531.8126220703125,1542.324951171875,1567.449951171875,1540.0,1567.449951171875,336940
2024-08-26,1543.7308349609375,1554.324951171875,1555.9749755859375,1530.925048828125,1542.324951171875,244820
2024-08-27,1539.01318359375,1549.574951171875,1557.5,1540.0,1553.9749755859375,258090
2024-08-28,1531.0677490234375,1541.574951171875,1557.5,1535.2750244140625,1557.5,366330
2024-08-29,1529.9256591796875,1540.425048828125,1547.5,1523.5250244140625,1540.050048828125,419584
2024-08-30,1551.0059814453125,1561.6500244140625,1569.25,1535.550048828125,1540.425048828125,956332
2024-09-02,1570.3233642578125,1581.0999755859375,1590.875,1567.800048828125,1575.0,874644
2024-09-03,1575.959716796875,1586.7750244140625,1608.625,1581.175048828125,1583.9749755859375,1208708
2024-09-04,1596.5185546875,1607.4749755859375,1623.300048828125,1586.0,1586.0,1911688
2024-09-05,1593.6632080078125,1604.5999755859375,1612.949951171875,1590.75,1607.4749755859375,1174448
2024-09-06,1605.8297119140625,1616.8499755859375,1629.5,1602.5,1605.0,883120
2024-09-09,1625.8175048828125,1636.9749755859375,1650.699951171875,1610.050048828125,1627.0,1353670
2024-09-10,1604.7122802734375,1615.7249755859375,1644.9749755859375,1613.550048828125,1642.0,552594
2024-09-11,1616.0595703125,1627.1500244140625,1648.375,1624.949951171875,1634.9749755859375,1069618
2024-09-12,1623.68212890625,1634.824951171875,1640.0,1610.5,1625.0,934088
2024-09-13,1643.7197265625,1655.0,1665.5,1620.5,1634.5,1234854
2024-09-16,1641.112548828125,1652.375,1660.0,1639.175048828125,1660.0,738654
2024-09-17,1623.4090576171875,1634.550048828125,1655.5,1631.675048828125,1654.9749755859375,234730
2024-09-18,1585.270751953125,1596.1500244140625,1635.5250244140625,1580.550048828125,1635.0250244140625,423006
2024-09-19,1610.944580078125,1622.0,1624.800048828125,1592.5,1612.5,539508
2024-09-20,1632.3477783203125,1643.550048828125,1649.175048828125,1612.5,1624.5999755859375,1112242
2024-09-23,1636.4447021484375,1647.675048828125,1652.4000244140625,1638.8499755859375,1649.449951171875,327590
2024-09-24,1621.3978271484375,1632.5250244140625,1663.925048828125,1627.0,1647.675048828125,368900
2024-09-25,1617.2513427734375,1628.3499755859375,1635.0,1608.5,1632.5250244140625,292236
2024-09-26,1633.614013671875,1644.824951171875,1651.574951171875,1623.0,1628.3499755859375,892940
2024-09-27,1670.262451171875,1681.7249755859375,1685.25,1637.324951171875,1647.5,1743164
2024-09-30,1668.251220703125,1679.699951171875,1707.5,1675.074951171875,1692.0,1116886
2024-10-01,1658.69189453125,1670.074951171875,1698.199951171875,1665.5999755859375,1693.574951171875,646910
2024-10-03,1638.6544189453125,1649.9000244140625,1662.0,1620.0,1620.0,1188000
2024-10-04,1593.464599609375,1604.4000244140625,1649.5,1596.2249755859375,1635.0,718538
2024-10-07,1565.9036865234375,1576.6500244140625,1613.5,1569.5250244140625,1613.5,497922
2024-10-08,1581.769775390625,1592.625,1595.949951171875,1551.0999755859375,1578.625,950464
2024-10-09,1576.3321533203125,1587.1500244140625,1619.699951171875,1585.0250244140625,1607.175048828125,549608
2024-10-10,1558.1568603515625,1568.8499755859375,1596.0999755859375,1564.0,1590.0,260288
2024-10-11,1544.5006103515625,1555.0999755859375,1579.949951171875,1551.175048828125,1579.949951171875,511880
2024-10-14,1555.0531005859375,1565.7249755859375,1573.9749755859375,1550.1500244140625,1566.5,954998
2024-10-15,1571.0931396484375,1581.875,1608.5,1570.25,1583.0,1551610
2024-10-16,1579.21240234375,1590.050048828125,1595.2249755859375,1570.5250244140625,1585.0,341744
2024-10-17,1566.4747314453125,1577.2249755859375,1602.0,1571.0,1590.0,914226
2024-10-18,1581.1490478515625,1592.0,1652.199951171875,1577.2249755859375,1577.2249755859375,2126268
2024-10-21,1566.0030517578125,1576.75,1602.375,1568.125,1592.0,461032
2024-10-22,1553.0667724609375,1563.7249755859375,1591.7249755859375,1555.0,1577.5,485932
2024-10-23,1534.8170166015625,1545.3499755859375,1577.175048828125,1541.25,1562.0,324994
2024-10-24,1550.136962890625,1560.7750244140625,1610.0,1539.5250244140625,1568.0,2002320
2024-10-25,1578.6412353515625,1589.4749755859375,1606.25,1567.5,1573.199951171875,960150
2024-10-28,1570.0501708984375,1580.824951171875,1604.0,1575.800048828125,1604.0,474894
2024-10-29,1543.9046630859375,1554.5,1586.699951171875,1539.5250244140625,1580.824951171875,822862
2024-10-30,1566.052734375,1576.800048828125,1587.0,1550.5,1566.4749755859375,652364
2024-10-31,1562.2041015625,1572.925048828125,1594.2750244140625,1559.800048828125,1576.800048828125,578654
2024-11-01,1568.610107421875,1579.375,1584.175048828125,1573.0,1574.9749755859375,32000
2024-11-04,1549.640380859375,1560.2750244140625,1584.0,1545.5,1579.375,433304
2024-11-05,1541.69482421875,1552.2750244140625,1571.9749755859375,1540.9000244140625,1557.574951171875,482506
2024-11-06,1579.56005859375,1590.4000244140625,1596.550048828125,1552.2750244140625,1555.0,350574
2024-11-07,1568.4114990234375,1579.175048828125,1610.0,1566.824951171875,1598.5,421758
2024-11-08,1552.19775390625,1562.8499755859375,1587.75,1558.5,1584.175048828125,214736
2024-11-11,1539.261474609375,1549.824951171875,1564.7750244140625,1541.0,1555.625,220322
2024-11-12,1509.788818359375,1520.1500244140625,1560.425048828125,1516.2750244140625,1551.0,402926
2024-11-13,1484.0902099609375,1494.2750244140625,1519.1500244140625,1484.1500244140625,1512.5,386770
2024-11-14,1500.5521240234375,1510.8499755859375,1519.9749755859375,1484.824951171875,1500.0,598780
2024-11-18,1499.3603515625,1509.6500244140625,1537.6500244140625,1503.5250244140625,1537.5,584454
2024-11-19,1490.7196044921875,1500.949951171875,1515.7750244140625,1490.7750244140625,1504.6500244140625,369528
2024-11-21,1459.0123291015625,1469.0250244140625,1510.0,1462.949951171875,1509.5,433346
2024-11-22,1468.19921875,1478.2750244140625,1494.0,1458.449951171875,1465.2750244140625,470010
2024-11-25,1482.923095703125,1493.0999755859375,1515.5250244140625,1481.074951171875,1490.0,1507648
2024-11-26,1495.7601318359375,1506.0250244140625,1514.425048828125,1495.074951171875,1505.0,274090
2024-11-27,1512.4952392578125,1522.875,1532.5,1493.0,1506.0250244140625,373960
2024-11-28,1511.576416015625,1521.949951171875,1531.5,1500.574951171875,1531.5,615122
2024-11-29,1522.6505126953125,1533.0999755859375,1537.425048828125,1515.699951171875,1522.5,443864
2024-12-02,1555.5745849609375,1566.25,1572.375,1528.050048828125,1533.125,406440
2024-12-03,1563.768310546875,1574.5,1582.4749755859375,1542.8499755859375,1566.824951171875,596990
2024-12-04,1591.453369140625,1602.375,1604.2750244140625,1565.375,1574.0,847642
2024-12-05,1585.096923828125,1595.9749755859375,1620.0,1583.0250244140625,1610.0,629424
2024-12-06,1570.34814453125,1581.125,1598.0999755859375,1574.2750244140625,1591.0,345340
2024-12-09,1569.603271484375,1580.375,1584.324951171875,1560.0,1576.5,462080
2024-12-10,1595.6246337890625,1606.574951171875,1609.5,1575.050048828125,1575.5,586344
2024-12-11,1584.7244873046875,1595.5999755859375,1617.425048828125,1588.5,1617.425048828125,381924
2024-12-12,1584.1783447265625,1595.050048828125,1607.5,1580.7750244140625,1596.300048828125,307906
2024-12-13,1581.7449951171875,1592.5999755859375,1599.9749755859375,1567.5250244140625,1591.9000244140625,392084
2024-12-16,1586.04052734375,1596.925048828125,1607.175048828125,1588.5,1600.0,338962
2024-12-17,1530.1739501953125,1540.675048828125,1595.2750244140625,1536.4749755859375,1595.2750244140625,902048
2024-12-18,1518.4046630859375,1528.824951171875,1549.125,1525.5,1541.0,392732
2024-12-19,1484.3135986328125,1494.5,1519.0250244140625,1491.175048828125,1519.0250244140625,491210
2024-12-20,1478.2552490234375,1488.4000244140625,1509.449951171875,1482.9749755859375,1494.949951171875,597916
2024-12-23,1465.8404541015625,1475.9000244140625,1501.925048828125,1472.0,1500.0,758920
2024-12-24,1474.82861328125,1484.949951171875,1494.800048828125,1478.0250244140625,1480.0,639264
2024-12-26,1456.2313232421875,1466.2249755859375,1491.9749755859375,1463.0,1484.949951171875,543386
2024-12-27,1447.267822265625,1457.199951171875,1479.0,1454.675048828125,1467.5250244140625,479502
2024-12-30,1445.35595703125,1455.2750244140625,1473.5,1433.050048828125,1459.9749755859375,2624688
2024-12-31,1442.2274169921875,1452.125,1467.199951171875,1439.5250244140625,1454.675048828125,494348
2025-01-01,1422.090576171875,1431.8499755859375,1462.5,1427.5,1452.125,981050
2025-01-02,1453.35107421875,1463.324951171875,1466.0,1431.5250244140625,1441.699951171875,1176434
2025-01-03,1456.1817626953125,1466.175048828125,1479.800048828125,1454.550048828125,1468.0,1123924
2025-01-06,1437.509765625,1447.375,1473.9749755859375,1435.0,1466.550048828125,891568
2025-01-07,1453.8228759765625,1463.800048828125,1482.199951171875,1447.3499755859375,1447.3499755859375,738948
2025-01-08,1444.0897216796875,1454.0,1474.375,1439.0999755859375,1465.0,851086
2025-01-09,1469.04345703125,1479.125,1484.324951171875,1453.0,1456.324951171875,994948
2025-01-10,1440.787353515625,1450.675048828125,1489.5,1449.5,1479.125,391346
2025-01-13,1388.8189697265625,1398.3499755859375,1439.5,1395.5,1432.5,745352
2025-01-14,1394.9022216796875,1404.4749755859375,1409.8499755859375,1393.175048828125,1400.5,567936
2025-01-15,1391.8233642578125,1401.375,1418.875,1395.5250244140625,1414.300048828125,529870
2025-01-16,1383.0087890625,1392.5,1418.5,1385.925048828125,1412.0,304234
2025-01-17,1397.0872802734375,1406.675048828125,1421.125,1380.050048828125,1385.0250244140625,466682
2025-01-20,1384.37451171875,1393.875,1417.0,1391.7249755859375,1417.0,404924
2025-01-21,1365.4791259765625,1374.8499755859375,1407.4749755859375,1370.0,1400.0,719224
2025-01-22,1367.9869384765625,1377.375,1382.5,1362.550048828125,1378.449951171875,626882
2025-01-23,1444.908935546875,1454.824951171875,1498.5999755859375,1400.4749755859375,1400.4749755859375,4625514
2025-01-24,1417.546875,1427.2750244140625,1471.5,1420.5,1454.824951171875,600300
2025-01-27,1423.7293701171875,1433.5,1442.324951171875,1400.7750244140625,1410.0,659958
2025-01-28,1422.289306640625,1432.050048828125,1443.2249755859375,1426.0250244140625,1433.5250244140625,488532
2025-01-29,1435.6724853515625,1445.5250244140625,1449.0,1425.1500244140625,1442.0,414882
2025-01-30,1433.437744140625,1443.2750244140625,1449.9749755859375,1421.0,1445.5250244140625,395016
2025-01-31,1426.0633544921875,1435.8499755859375,1452.25,1422.5,1443.2249755859375,627482
2025-02-01,1463.5809326171875,1473.625,1504.2750244140625,1430.074951171875,1432.0,329360
2025-02-03,1470.284912109375,1480.375,1486.300048828125,1455.6500244140625,1473.625,494688
2025-02-04,1453.5001220703125,1463.4749755859375,1491.050048828125,1458.125,1485.0,649426
2025-02-05,1434.753662109375,1444.5999755859375,1470.0,1440.574951171875,1460.7750244140625,367530
2025-02-06,1439.8934326171875,1449.7750244140625,1458.925048828125,1436.800048828125,1447.5,367784
2025-02-07,1425.5172119140625,1435.300048828125,1456.7249755859375,1423.300048828125,1450.0,397784
2025-02-10,1424.2508544921875,1434.0250244140625,1465.0,1425.5,1425.5,318192
2025-02-11,1415.8087158203125,1425.5250244140625,1433.949951171875,1414.375,1430.0250244140625,390106
2025-02-12,1404.610595703125,1414.25,1426.550048828125,1401.0,1425.25,252722
2025-02-13,1399.446044921875,1409.050048828125,1425.0,1401.5,1414.0,236320
2025-02-14,1393.53662109375,1403.0999755859375,1414.4749755859375,1388.050048828125,1407.7249755859375,205586
2025-02-17,1381.3701171875,1390.8499755859375,1397.9749755859375,1375.0,1381.5,342438
2025-02-18,1373.8468017578125,1383.2750244140625,1402.449951171875,1379.0,1385.574951171875,464820
2025-02-19,1374.9144287109375,1384.3499755859375,1386.425048828125,1368.199951171875,1381.5,331672
2025-02-20,1401.1343994140625,1410.75,1414.574951171875,1375.0250244140625,1384.3499755859375,1005774
2025-02-21,1388.3223876953125,1397.8499755859375,1415.75,1383.7750244140625,1412.4749755859375,1153982
2025-02-24,1371.4879150390625,1380.9000244140625,1389.0999755859375,1363.5250244140625,1378.5,738772
2025-02-25,1339.0604248046875,1348.25,1382.5,1345.5,1380.5,754522
2025-02-27,1329.4266357421875,1338.550048828125,1358.949951171875,1330.050048828125,1349.625,496562
2025-02-28,1319.8919677734375,1328.949951171875,1338.449951171875,1321.0,1338.449951171875,990394
2025-03-03,1331.5123291015625,1340.6500244140625,1348.449951171875,1311.0999755859375,1328.949951171875,650858
2025-03-04,1340.1280517578125,1349.324951171875,1354.1500244140625,1321.2249755859375,1336.0,698790
2025-03-05,1337.2974853515625,1346.4749755859375,1369.050048828125,1338.699951171875,1346.300048828125,1466732
2025-03-06,1359.69384765625,1369.0250244140625,1376.0,1353.574951171875,1353.574951171875,1148818
2025-03-07,1366.2239990234375,1375.5999755859375,1382.875,1362.5999755859375,1366.5,869066
2025-03-10,1356.937744140625,1366.25,1393.324951171875,1360.0,1375.5999755859375,622806
2025-03-11,1351.87255859375,1361.1500244140625,1369.375,1348.675048828125,1348.675048828125,809256
2025-03-12,1365.280517578125,1374.6500244140625,1380.9749755859375,1358.324951171875,1366.5,711330
2025-03-13,1355.6466064453125,1364.949951171875,1381.625,1360.449951171875,1375.199951171875,698834
2025-03-17,1365.081787109375,1374.449951171875,1380.949951171875,1363.425048828125,1374.675048828125,313582
2025-03-18,1365.081787109375,1374.449951171875,1374.449951171875,1374.449951171875,1374.449951171875,0
2025-03-19,1356.614990234375,1365.925048828125,1379.5,1363.375,1375.0,484702
2025-03-20,1370.147216796875,1379.550048828125,1386.925048828125,1362.9749755859375,1372.0,629482
2025-03-21,1403.120849609375,1412.75,1417.550048828125,1381.25,1381.5999755859375,1400382
2025-03-24,1401.3826904296875,1411.0,1423.4000244140625,1399.2249755859375,1420.0,621916
2025-03-25,1401.9041748046875,1411.5250244140625,1431.675048828125,1403.0,1412.4000244140625,656850
2025-03-26,1413.0029296875,1422.699951171875,1462.0,1405.0250244140625,1414.875,1257594
2025-03-27,1423.4810791015625,1433.25,1437.5,1396.4749755859375,1410.324951171875,863174
2025-03-28,1414.939697265625,1424.6500244140625,1442.0,1419.199951171875,1435.2249755859375,480582
2025-04-01,1403.6422119140625,1413.2750244140625,1437.4749755859375,1410.5,1424.6500244140625,254152
2025-04-02,1415.759033203125,1425.4749755859375,1433.0,1407.800048828125,1414.5,420010
2025-04-03,1420.9981689453125,1430.75,1433.925048828125,1410.5250244140625,1410.5250244140625,358204
2025-04-04,1436.1441650390625,1446.0,1452.0,1425.75,1432.5,892998
2025-04-07,1414.6666259765625,1424.375,1430.5,1393.949951171875,1406.5,745674
2025-04-08,1455.4864501953125,1465.4749755859375,1473.5,1425.0,1425.0,1124760
2025-04-09,1459.88134765625,1469.9000244140625,1486.8499755859375,1456.675048828125,1465.4749755859375,673890
2025-04-11,1466.2376708984375,1476.300048828125,1497.5,1459.5,1497.5,477280
2025-04-15,1485.6048583984375,1495.800048828125,1498.5,1471.5,1495.0,690116
2025-04-16,1502.935791015625,1513.25,1515.5,1489.5999755859375,1495.5,355040
2025-04-17,1506.809326171875,1517.1500244140625,1526.6500244140625,1504.050048828125,1513.25,569676
2025-04-21,1499.3603515625,1509.6500244140625,1526.0,1498.050048828125,1517.1500244140625,506584
2025-04-22,1504.0780029296875,1514.4000244140625,1532.4000244140625,1509.6500244140625,1509.6500244140625,453234
2025-04-23,1522.998046875,1533.449951171875,1536.0,1511.4000244140625,1515.0,439056
2025-04-24,1527.7156982421875,1538.199951171875,1544.300048828125,1521.699951171875,1533.449951171875,600064
2025-04-25,1495.337890625,1505.5999755859375,1547.4000244140625,1492.5,1532.5,478964
2025-04-28,1511.0302734375,1521.4000244140625,1525.699951171875,1495.75,1495.75,596422
2025-04-29,1492.2591552734375,1502.5,1534.1500244140625,1496.300048828125,1520.4000244140625,508120
2025-04-30,1506.610595703125,1516.949951171875,1521.8499755859375,1494.1500244140625,1503.449951171875,972970
2025-05-02,1488.782958984375,1499.0,1518.0999755859375,1495.0,1503.0,414198
2025-05-05,1506.9085693359375,1517.25,1539.050048828125,1500.300048828125,1500.5,429738
2025-05-06,1492.060546875,1502.300048828125,1522.199951171875,1489.949951171875,1513.5,283260
2025-05-07,1477.5103759765625,1487.6500244140625,1495.6500244140625,1475.800048828125,1477.0,498920
2025-05-08,1468.6710205078125,1478.75,1497.0,1470.050048828125,1493.949951171875,746278
2025-05-09,1479.84423828125,1490.0,1516.1500244140625,1466.0,1467.5,967480
2025-05-12,1527.765380859375,1538.25,1542.75,1512.5,1520.0,731304
2025-05-13,1539.7333984375,1550.300048828125,1563.949951171875,1533.25,1541.0,1159402
2025-05-14,1543.7060546875,1554.300048828125,1559.5,1546.5,1550.5,1633730
2025-05-15,1545.1461181640625,1555.75,1572.4000244140625,1551.050048828125,1560.0,1373428
2025-05-16,1535.0653076171875,1545.5999755859375,1564.8499755859375,1537.699951171875,1561.5,1219046
2025-05-19,1523.5941162109375,1534.050048828125,1552.5,1531.0,1547.0,336888
2025-05-20,1491.1666259765625,1501.4000244140625,1541.9000244140625,1499.0,1541.699951171875,707838
2025-05-21,1482.923095703125,1493.0999755859375,1510.449951171875,1486.25,1501.949951171875,847478
2025-05-22,1487.044921875,1497.25,1503.1500244140625,1483.0999755859375,1500.300048828125,518324
2025-05-23,1505.51806640625,1515.8499755859375,1520.5999755859375,1486.949951171875,1497.25,361932
2025-05-26,1512.2220458984375,1522.5999755859375,1535.449951171875,1516.8499755859375,1524.5,323458
2025-05-27,1503.482177734375,1513.800048828125,1526.4000244140625,1505.0,1522.5999755859375,463006
2025-05-28,1490.272705078125,1500.5,1515.5,1496.0,1511.5,616064
2025-05-29,1504.475341796875,1514.800048828125,1522.5,1501.6500244140625,1501.6500244140625,501998
2025-05-30,1543.0107421875,1553.5999755859375,1563.5,1508.0999755859375,1514.800048828125,3308300
2025-06-02,1529.602783203125,1540.0999755859375,1567.8499755859375,1531.800048828125,1562.0,837390
2025-06-03,1537.4986572265625,1548.050048828125,1557.75,1538.75,1549.0,644732
2025-06-04,1537.1014404296875,1547.6500244140625,1555.4000244140625,1540.0999755859375,1548.050048828125,920830
2025-06-05,1516.19482421875,1526.5999755859375,1559.550048828125,1521.0999755859375,1547.699951171875,823882
2025-06-06,1514.5064697265625,1524.9000244140625,1536.449951171875,1520.0,1535.75,316076
2025-06-09,1517.4859619140625,1527.9000244140625,1533.5999755859375,1507.5,1521.0,473532
2025-06-10,1529.1558837890625,1539.6500244140625,1549.1500244140625,1535.1500244140625,1538.0,391672
2025-06-11,1519.6708984375,1530.0999755859375,1540.0,1527.0,1534.1500244140625,470824
2025-06-12,1513.0662841796875,1523.449951171875,1535.0999755859375,1514.8499755859375,1529.0999755859375,749758
2025-06-13,1495.9835205078125,1506.25,1509.6500244140625,1440.0,1490.0,766960
2025-06-16,1489.1802978515625,1499.4000244140625,1520.75,1497.5,1501.75,359522
2025-06-17,1498.86376953125,1509.1500244140625,1511.9000244140625,1494.0,1501.699951171875,528290
2025-06-18,1473.9844970703125,1484.0999755859375,1509.949951171875,1481.5,1501.550048828125,414844
2025-06-19,1473.53759765625,1483.6500244140625,1489.699951171875,1476.5,1481.050048828125,184626
2025-06-20,1467.975830078125,1478.050048828125,1490.800048828125,1472.0999755859375,1481.5,1044968
2025-06-23,1465.790771484375,1475.8499755859375,1478.5,1465.800048828125,1466.5999755859375,180832
2025-06-24,1490.9183349609375,1501.1500244140625,1514.199951171875,1493.6500244140625,1502.0,614098
2025-06-25,1492.7059326171875,1502.949951171875,1517.1500244140625,1484.75,1503.5,1473846
2025-06-26,1499.7080078125,1510.0,1512.5,1499.1500244140625,1499.5,450772
2025-06-27,1515.449951171875,1525.8499755859375,1532.1500244140625,1508.1500244140625,1510.0,612710
2025-06-30,1516.7906494140625,1527.199951171875,1535.8499755859375,1517.550048828125,1526.0,340086
2025-07-01,1512.52001953125,1522.9000244140625,1541.9000244140625,1516.5999755859375,1527.0,483880
2025-07-02,1527.815185546875,1538.300048828125,1540.5,1507.800048828125,1512.550048828125,387752
2025-07-03,1546.6358642578125,1557.25,1561.949951171875,1543.550048828125,1547.5,781166
2025-07-04,1529.602783203125,1540.0999755859375,1562.449951171875,1529.050048828125,1562.4000244140625,420752
2025-07-07,1525.7293701171875,1536.199951171875,1547.75,1513.1500244140625,1540.550048828125,519264
2025-07-08,1523.3458251953125,1533.800048828125,1542.449951171875,1522.75,1537.5,449486
2025-07-09,1513.7615966796875,1524.1500244140625,1540.449951171875,1514.449951171875,1523.550048828125,693860
2025-07-10,1522.1043701171875,1532.550048828125,1542.0,1522.0,1525.0,644522
2025-07-11,1490.1734619140625,1500.4000244140625,1534.949951171875,1495.25,1530.0,336992
2025-07-14,1472.097412109375,1482.199951171875,1500.3499755859375,1470.0,1500.3499755859375,737312
2025-07-15,1488.8822021484375,1499.0999755859375,1501.550048828125,1483.0,1484.949951171875,249360
2025-07-16,1483.8170166015625,1494.0,1500.550048828125,1485.550048828125,1499.050048828125,484312
2025-07-17,1485.952392578125,1496.1500244140625,1505.0,1489.25,1494.0,308510
2025-07-18,1468.968994140625,1479.050048828125,1497.75,1474.75,1496.0,630918
2025-07-21,1472.445068359375,1482.550048828125,1493.25,1479.0,1479.949951171875,417914
2025-07-22,1457.1500244140625,1467.1500244140625,1492.25,1464.5,1482.5,340602
2025-07-23,1459.449951171875,1459.449951171875,1464.449951171875,1450.050048828125,1460.0,487406
2025-07-24,1453.949951171875,1453.949951171875,1471.0,1446.5,1465.4000244140625,242040
2025-07-25,1444.800048828125,1444.800048828125,1455.0,1437.5,1453.949951171875,368204
2025-07-28,1439.4000244140625,1439.4000244140625,1452.949951171875,1429.75,1434.550048828125,484778
2025-07-29,1446.449951171875,1446.449951171875,1449.0,1428.9000244140625,1435.0,328764
2025-07-30,1437.050048828125,1437.050048828125,1450.199951171875,1431.0,1447.9000244140625,499792
2025-07-31,1434.9000244140625,1434.9000244140625,1442.25,1422.800048828125,1430.5,377956
2025-08-01,1429.449951171875,1429.449951171875,1442.5,1425.5,1430.0,409566
2025-08-04,1475.9000244140625,1475.9000244140625,1488.0,1433.050048828125,1442.5,817016
2025-08-05,1498.800048828125,1498.800048828125,1513.75,1475.5,1483.199951171875,1155166
2025-08-06,1520.9000244140625,1520.9000244140625,1529.0,1486.550048828125,1513.0,1638232
2025-08-07,1525.4000244140625,1525.4000244140625,1558.949951171875,1511.4000244140625,1528.5,2353820
2025-08-08,1540.6500244140625,1540.6500244140625,1544.699951171875,1517.5,1534.0,1275428
2025-08-11,1548.4000244140625,1548.4000244140625,1550.5,1532.5,1549.5,648830
2025-08-12,1550.75,1550.75,1557.050048828125,1541.1500244140625,1550.0,598262
2025-08-13,1530.949951171875,1530.949951171875,1552.449951171875,1527.550048828125,1550.050048828125,511880
2025-08-14,1542.699951171875,1542.699951171875,1546.6500244140625,1527.550048828125,1530.550048828125,772046
2025-08-18,1538.449951171875,1538.449951171875,1562.5,1533.6500244140625,1562.5,511870
2025-08-19,1547.5999755859375,1547.5999755859375,1556.0,1538.0,1538.449951171875,569624
2025-08-20,1542.300048828125,1542.300048828125,1554.0,1540.0,1546.4000244140625,153754
2025-08-21,1539.5,1539.5,1552.4000244140625,1536.5999755859375,1543.5,236826
2025-08-22,1543.5999755859375,1543.5999755859375,1553.4000244140625,1533.6500244140625,1539.5,715582
2025-08-25,1553.5,1553.5,1568.0,1544.949951171875,1549.5,731340
2025-08-26,1550.199951171875,1550.199951171875,1572.0,1537.550048828125,1557.5,1389672
2025-08-28,1531.449951171875,1531.449951171875,1552.0999755859375,1526.3499755859375,1530.0,372480
2025-08-29,1525.1500244140625,1525.1500244140625,1535.0,1513.550048828125,1525.5,654086
2025-09-01,1562.699951171875,1562.699951171875,1568.1500244140625,1528.050048828125,1534.4000244140625,482682
2025-09-02,1563.5,1563.5,1572.1500244140625,1558.550048828125,1561.4000244140625,370084
2025-09-03,1556.0,1556.0,1574.949951171875,1552.699951171875,1570.0,433852
2025-09-04,1559.550048828125,1559.550048828125,1574.9000244140625,1550.0,1562.5,860810
2025-09-05,1547.550048828125,1547.550048828125,1570.0,1545.550048828125,1570.0,224508
2025-09-08,1551.9000244140625,1551.9000244140625,1561.0,1540.5,1547.0,217014
2025-09-09,1550.050048828125,1550.050048828125,1567.449951171875,1546.199951171875,1551.9000244140625,615658
2025-09-10,1535.300048828125,1535.300048828125,1562.5,1531.25,1557.449951171875,338108
2025-09-11,1539.9000244140625,1539.9000244140625,1542.449951171875,1527.5,1535.3499755859375,307008
2025-09-12,1539.449951171875,1539.449951171875,1554.449951171875,1537.699951171875,1544.949951171875,388750
2025-09-15,1537.050048828125,1537.050048828125,1551.0,1533.050048828125,1544.449951171875,366894
2025-09-16,1537.0,1537.0,1545.0,1527.550048828125,1538.75,424184
2025-09-17,1531.0,1531.0,1545.0,1526.4000244140625,1545.0,491174
2025-09-18,1527.0999755859375,1527.0999755859375,1543.800048828125,1523.5,1531.0,1191302
2025-09-19,1524.1500244140625,1524.1500244140625,1539.0,1520.3499755859375,1535.699951171875,826712
2025-09-22,1519.0,1519.0,1539.0,1512.5,1532.0,736500
2025-09-23,1489.300048828125,1489.300048828125,1535.699951171875,1482.699951171875,1534.0,810500
2025-09-24,1519.5,1519.5,1521.699951171875,1475.0,1489.300048828125,540982
2025-09-25,1495.699951171875,1495.699951171875,1518.5,1490.0,1517.5999755859375,554053
2025-09-26,1474.800048828125,1474.800048828125,1498.0,1472.0,1485.0,731234
2025-09-29,1466.800048828125,1466.800048828125,1486.199951171875,1459.800048828125,1479.0,984535
2025-09-30,1468.0,1468.0,1476.300048828125,1455.9000244140625,1470.0,722168
2025-10-01,1475.4000244140625,1475.4000244140625,1479.5999755859375,1448.9000244140625,1468.9000244140625,888183
2025-10-03,1489.5999755859375,1489.5999755859375,1493.5999755859375,1471.300048828125,1475.5999755859375,778524
2025-10-06,1489.0,1489.0,1493.0,1480.0,1489.5999755859375,425656
2025-10-07,1470.9000244140625,1470.9000244140625,1489.0,1469.5999755859375,1489.0,725776
2025-10-08,1493.699951171875,1493.699951171875,1498.5,1462.0,1469.0,1023522
2025-10-09,1510.4000244140625,1510.4000244140625,1515.9000244140625,1486.5999755859375,1499.0,543793
2025-10-10,1510.5999755859375,1510.5999755859375,1522.0,1502.9000244140625,1516.0,476671
2025-10-13,1513.5,1513.5,1517.0,1497.699951171875,1497.699951171875,436390
2025-10-14,1491.199951171875,1491.199951171875,1522.699951171875,1487.699951171875,1513.0,258073
2025-10-15,1500.800048828125,1500.800048828125,1508.4000244140625,1490.0,1501.0,415150
2025-10-16,1523.0,1523.0,1526.0,1500.0,1500.0,492506
2025-10-17,1542.699951171875,1542.699951171875,1545.199951171875,1515.300048828125,1524.0,818953
2025-10-20,1526.300048828125,1526.300048828125,1551.199951171875,1523.4000244140625,1551.0,323401
2025-10-21,1532.0,1532.0,1537.0,1526.300048828125,1537.0,62310
2025-10-23,1517.0999755859375,1517.0999755859375,1535.5,1510.300048828125,1530.0,423185
2025-10-24,1507.0999755859375,1507.0999755859375,1519.800048828125,1504.0,1517.0999755859375,414542
2025-10-27,1504.4000244140625,1504.4000244140625,1523.4000244140625,1492.0999755859375,1507.0999755859375,522205
2025-10-28,1492.0,1492.0,1509.4000244140625,1485.0,1504.0999755859375,670631
2025-10-29,1507.300048828125,1507.300048828125,1510.0999755859375,1483.5999755859375,1492.0,489526
2025-10-30,1486.4000244140625,1486.4000244140625,1512.0,1480.5,1509.9000244140625,813850
2025-10-31,1444.5999755859375,1444.5999755859375,1491.9000244140625,1440.0,1491.9000244140625,1720635
2025-11-03,1460.5,1460.5,1471.9000244140625,1446.4000244140625,1450.0,677950
2025-11-04,1455.199951171875,1455.199951171875,1465.0,1448.300048828125,1461.0,707089
2025-11-06,1442.800048828125,1442.800048828125,1468.5,1438.0,1463.0,692357
2025-11-07,1454.800048828125,1454.800048828125,1458.0999755859375,1445.4000244140625,1448.0,533597
2025-11-10,1456.5999755859375,1456.5999755859375,1467.0,1451.0,1460.0,283000
2025-11-11,1472.9000244140625,1472.9000244140625,1477.0,1452.199951171875,1456.5999755859375,292665
2025-11-12,1482.0,1482.0,1487.0,1469.699951171875,1477.0,417016
2025-11-13,1481.4000244140625,1481.4000244140625,1496.300048828125,1478.5999755859375,1491.0,798904
2025-11-14,1459.800048828125,1459.800048828125,1476.300048828125,1453.0,1472.5999755859375,549299
2025-11-17,1475.5,1475.5,1486.0,1450.0,1468.0,898284
2025-11-18,1491.0,1491.0,1496.800048828125,1472.0,1483.0,1135472
2025-11-19,1476.699951171875,1476.699951171875,1497.199951171875,1473.5999755859375,1495.0,631671
2025-11-20,1489.0,1489.0,1494.9000244140625,1477.0999755859375,1482.0,829582
2025-11-21,1472.0999755859375,1472.0999755859375,1487.0999755859375,1468.9000244140625,1480.0,331504
2025-11-24,1463.0,1463.0,1528.9000244140625,1453.699951171875,1471.0,3427226
2025-11-25,1466.5999755859375,1466.5999755859375,1470.0,1454.300048828125,1465.9000244140625,449171
2025-11-26,1484.4000244140625,1484.4000244140625,1490.0,1460.9000244140625,1461.0999755859375,371398
2025-11-27,1472.300048828125,1472.300048828125,1490.0,1467.199951171875,1484.300048828125,421269
2025-11-28,1469.800048828125,1469.800048828125,1478.0,1463.300048828125,1478.0,380330
2025-12-01,1468.5999755859375,1468.5999755859375,1474.0,1460.0,1469.9000244140625,197122
2025-12-02,1468.9000244140625,1468.9000244140625,1471.5,1458.0999755859375,1461.0,586303
2025-12-03,1478.5999755859375,1478.5999755859375,1487.5,1471.0,1471.0,717275
2025-12-04,1484.699951171875,1484.699951171875,1487.0,1475.5999755859375,1478.0,308126
2025-12-05,1475.0999755859375,1475.0999755859375,1482.4000244140625,1467.300048828125,1480.0,328473
2025-12-08,1456.0999755859375,1456.0999755859375,1484.0,1446.5,1475.0,343005
2025-12-09,1459.800048828125,1459.800048828125,1463.9000244140625,1439.0,1456.0999755859375,325894
2025-12-10,1455.699951171875,1455.699951171875,1466.4000244140625,1450.699951171875,1450.699951171875,458850
2025-12-11,1467.4000244140625,1467.4000244140625,1472.5,1451.0,1454.699951171875,148263
2025-12-12,1476.800048828125,1476.800048828125,1479.5,1464.5,1464.5,332259
2025-12-15,1479.4000244140625,1479.4000244140625,1483.4000244140625,1468.4000244140625,1480.0,494291
2025-12-16,1473.0999755859375,1473.0999755859375,1489.0,1468.0,1479.4000244140625,326142
2025-12-17,1450.699951171875,1450.699951171875,1473.0,1445.4000244140625,1473.0,259786
2025-12-18,1451.5999755859375,1451.5999755859375,1455.0999755859375,1437.5999755859375,1446.5999755859375,258434
2025-12-19,1458.300048828125,1458.300048828125,1463.300048828125,1447.0999755859375,1451.5999755859375,504759
2025-12-22,1459.199951171875,1459.199951171875,1462.9000244140625,1451.800048828125,1462.9000244140625,276397
2025-12-23,1462.0999755859375,1462.0999755859375,1464.9000244140625,1450.0999755859375,1459.199951171875,205136
2025-12-24,1446.5999755859375,1446.5999755859375,1463.9000244140625,1444.5,1462.0999755859375,282565
2025-12-26,1458.5999755859375,1458.5999755859375,1464.0,1445.0,1446.5999755859375,240983
2025-12-29,1452.800048828125,1452.800048828125,1463.800048828125,1445.4000244140625,1458.5999755859375,587342
2025-12-30,1450.9000244140625,1450.9000244140625,1457.0999755859375,1437.699951171875,1452.800048828125,832687
2025-12-31,1482.4000244140625,1482.4000244140625,1489.0,1450.0,1450.0,605718
2026-01-01,1469.300048828125,1469.300048828125,1486.5999755859375,1467.199951171875,1483.9000244140625,108609
2026-01-02,1478.199951171875,1478.199951171875,1482.800048828125,1467.199951171875,1469.300048828125,275319
2026-01-05,1505.0,1505.0,1507.0,1474.4000244140625,1478.199951171875,473909
2026-01-06,1505.0,1505.0,1510.0,1490.699951171875,1508.0,393706
2026-01-07,1514.800048828125,1514.800048828125,1517.5,1496.5999755859375,1510.0,623936
2026-01-08,1500.800048828125,1500.800048828125,1514.800048828125,1490.0,1514.800048828125,493955
2026-01-09,1484.300048828125,1484.300048828125,1511.0999755859375,1478.5,1490.0999755859375,944361
2026-01-12,1500.800048828125,1500.800048828125,1504.9000244140625,1477.4000244140625,1477.4000244140625,516036
2026-01-13,1498.9000244140625,1498.9000244140625,1511.0,1485.0999755859375,1509.0,491184
2026-01-14,1495.300048828125,1495.300048828125,1502.5,1482.0999755859375,1482.0999755859375,426425
2026-01-15,1495.300048828125,1495.300048828125,1495.300048828125,1495.300048828125,1495.300048828125,0
2026-01-16,1476.5999755859375,1476.5999755859375,1504.4000244140625,1467.5999755859375,1495.199951171875,745534
2026-01-19,1474.800048828125,1474.800048828125,1480.4000244140625,1463.5999755859375,1465.5999755859375,435942
2026-01-20,1435.199951171875,1435.199951171875,1474.9000244140625,1427.5,1474.800048828125,591626
2026-01-21,1421.800048828125,1421.800048828125,1439.199951171875,1412.4000244140625,1424.199951171875,560841
2026-01-22,1452.800048828125,1452.800048828125,1459.800048828125,1425.4000244140625,1425.4000244140625,385508
2026-01-23,1447.9000244140625,1447.9000244140625,1463.0,1440.800048828125,1445.0,1212874
2026-01-27,1447.199951171875,1447.199951171875,1450.800048828125,1433.5999755859375,1449.699951171875,405584
2026-01-28,1460.699951171875,1460.699951171875,1467.800048828125,1420.4000244140625,1440.0,824989
2026-01-29,1429.5999755859375,1429.5999755859375,1458.300048828125,1411.800048828125,1454.9000244140625,820183
2026-01-30,1431.0999755859375,1431.0999755859375,1448.0,1418.0,1429.0,722566
2026-02-02,1412.0,1412.0,1434.5,1398.800048828125,1426.699951171875,1594471
2026-02-03,1427.800048828125,1427.800048828125,1453.0,1412.199951171875,1435.0,1418450
2026-02-04,1460.300048828125,1460.300048828125,1478.199951171875,1430.0,1442.300048828125,1787666
2026-02-05,1469.5999755859375,1469.5999755859375,1481.9000244140625,1458.5,1464.9000244140625,835235
2026-02-06,1489.0999755859375,1489.0999755859375,1493.5999755859375,1471.0,1475.0,571034
2026-02-09,1488.199951171875,1488.199951171875,1497.0,1470.699951171875,1490.0,322208
2026-02-10,1478.9000244140625,1478.9000244140625,1494.0,1467.9000244140625,1494.0,509638
2026-02-11,1480.0999755859375,1480.0999755859375,1494.800048828125,1475.0,1476.800048828125,442080
2026-02-12,1497.4000244140625,1497.4000244140625,1502.9000244140625,1476.0,1485.5,678624
2026-02-13,1479.300048828125,1479.300048828125,1489.5999755859375,1472.0999755859375,1486.0999755859375,474002
2026-02-16,1487.300048828125,1487.300048828125,1494.0,1465.199951171875,1470.0,217908
2026-02-17,1495.5,1495.5,1497.800048828125,1477.4000244140625,1479.0,344682
2026-02-18,1489.5,1489.5,1506.0,1482.699951171875,1500.0,2016972
2026-02-19,1464.9000244140625,1464.9000244140625,1489.9000244140625,1461.0,1489.5,407250
2026-02-20,1464.9000244140625,1464.9000244140625,1477.4000244140625,1460.0,1465.0,501173
2026-02-23,1481.0,1481.0,1485.199951171875,1463.0,1464.9000244140625,511293
2026-02-24,1480.5,1480.5,1486.699951171875,1470.0,1475.0999755859375,641633
2026-02-25,1497.5999755859375,1497.5999755859375,1503.0,1481.0,1491.0999755859375,577178
2026-02-26,1516.9000244140625,1516.9000244140625,1525.0,1487.0999755859375,1495.0,738376
2026-02-27,1492.0,1492.0,1518.9000244140625,1484.5,1518.9000244140625,1606678
2026-03-02,1465.5,1465.5,1476.800048828125,1430.0,1430.0,699279
2026-03-04,1439.0999755859375,1439.0999755859375,1449.0,1422.4000244140625,1444.0,1119317
2026-03-05,1445.9000244140625,1445.9000244140625,1453.5,1421.0,1439.0999755859375,571622
2026-03-06,1433.800048828125,1433.800048828125,1454.4000244140625,1430.5999755859375,1445.9000244140625,563184
2026-03-09,1386.4000244140625,1386.4000244140625,1403.4000244140625,1366.5999755859375,1400.0,806385
2026-03-10,1427.699951171875,1427.699951171875,1435.0,1391.0,1415.0999755859375,613943
2026-03-11,1403.4000244140625,1403.4000244140625,1438.5999755859375,1398.0,1427.699951171875,283707
2026-03-12,1387.4000244140625,1387.4000244140625,1397.800048828125,1378.0,1397.800048828125,724869
2026-03-13,1340.0,1340.0,1391.9000244140625,1334.199951171875,1380.0,878140
2026-03-16,1353.5999755859375,1353.5999755859375,1361.5,1328.800048828125,1340.800048828125,332170
2026-03-17,1357.0,1357.0,1365.5,1346.0999755859375,1365.5,283833
2026-03-18,1384.4000244140625,1384.4000244140625,1391.5,1345.5999755859375,1357.0,540073
2026-03-19,1308.9000244140625,1308.9000244140625,1374.0,1303.9000244140625,1374.0,689898
2026-03-20,1341.300048828125,1341.300048828125,1354.800048828125,1321.0999755859375,1321.0999755859375,898444
2026-03-23,1314.9000244140625,1314.9000244140625,1333.0,1293.300048828125,1333.0,800316
2026-03-24,1332.199951171875,1332.199951171875,1359.199951171875,1309.0,1333.800048828125,496307
2026-03-25,1362.800048828125,1362.800048828125,1383.9000244140625,1350.0,1352.199951171875,886923
2026-03-27,1314.9000244140625,1314.9000244140625,1359.0,1310.0,1351.699951171875,1353886
2026-03-30,1285.0,1285.0,1311.0,1277.199951171875,1298.9000244140625,1146492
2026-04-01,1307.0,1307.0,1326.0999755859375,1291.0,1317.9000244140625,898466
2026-04-02,1273.5999755859375,1273.5999755859375,1297.699951171875,1268.699951171875,1290.0,889612
2026-04-06,1291.199951171875,1291.199951171875,1295.699951171875,1259.0,1281.4000244140625,1230910
2026-04-07,1295.0999755859375,1295.0999755859375,1299.9000244140625,1266.0,1285.0,454073
2026-04-08,1355.0,1355.0,1400.4000244140625,1350.0,1400.0,1855865
2026-04-09,1347.4000244140625,1347.4000244140625,1365.0999755859375,1335.0,1355.0,924142
2026-04-10,1357.0999755859375,1357.0999755859375,1365.0,1336.0,1354.199951171875,1610183
2026-04-13,1326.5,1326.5,1343.5,1314.300048828125,1330.0,724962
2026-04-15,1329.5,1329.5,1360.0999755859375,1325.0999755859375,1360.0,1064359
2026-04-16,1331.0,1331.0,1342.9000244140625,1317.300048828125,1339.0,1586537
2026-04-17,1393.4000244140625,1393.4000244140625,1398.0,1326.0,1334.9000244140625,1740546
2026-04-20,1390.5,1390.5,1399.5999755859375,1378.699951171875,1395.0,894803
2026-04-21,1407.800048828125,1407.800048828125,1414.0999755859375,1380.0,1389.0,708195
2026-04-22,1419.0,1419.0,1424.800048828125,1394.699951171875,1396.300048828125,629961
2026-04-23,1402.0999755859375,1402.0999755859375,1412.0,1396.800048828125,1408.0,319278
2026-04-24,1394.300048828125,1394.300048828125,1408.9000244140625,1389.4000244140625,1406.0,506429
2026-04-27,1399.300048828125,1399.300048828125,1406.9000244140625,1390.300048828125,1394.300048828125,356391
2026-04-28,1392.5999755859375,1392.5999755859375,1405.300048828125,1389.0,1399.9000244140625,390142
2026-04-29,1389.0,1389.0,1404.800048828125,1386.4000244140625,1392.5999755859375,364945
2026-04-30,1375.699951171875,1375.699951171875,1384.800048828125,1355.0,1378.699951171875,1333712
2026-05-01,1375.699951171875,1375.699951171875,1375.699951171875,1375.699951171875,1375.699951171875,0
2026-05-04,1364.5999755859375,1364.5999755859375,1389.0,1361.0999755859375,1378.199951171875,649397
2026-05-05,1364.199951171875,1364.199951171875,1369.0,1347.699951171875,1365.0,621782
2026-05-06,1421.5,1421.5,1426.0,1373.0,1374.800048828125,2276888
2026-05-07,1450.4000244140625,1450.4000244140625,1461.0999755859375,1428.0,1442.5999755859375,1464405
2026-05-08,1476.0,1476.0,1515.0,1470.0,1503.5999755859375,5494105
2026-05-11,1437.199951171875,1437.199951171875,1468.5,1432.0,1468.5,922577
2026-05-12,1453.0,1453.0,1480.0,1427.5999755859375,1433.0999755859375,1764144
2026-05-13,1445.5999755859375,1445.5999755859375,1472.0,1438.300048828125,1453.0,1124814
2026-05-14,1483.800048828125,1483.800048828125,1489.800048828125,1458.699951171875,1458.699951171875,1213793
2026-05-15,1467.699951171875,1467.699951171875,1493.800048828125,1464.0999755859375,1486.0,909039
2026-05-18,1450.199951171875,1450.199951171875,1456.5999755859375,1428.199951171875,1456.0,655599
2026-05-19,1455.800048828125,1455.800048828125,1471.5999755859375,1445.0999755859375,1454.0,617156
2026-05-20,1455.5999755859375,1455.5999755859375,1465.0,1431.4000244140625,1440.0,356329
2026-05-21,1472.800048828125,1472.800048828125,1478.4000244140625,1465.800048828125,1471.0,465411
2026-05-22,1478.4000244140625,1478.4000244140625,1484.0,1459.0,1474.0999755859375,533048
2026-05-25,1477.199951171875,1477.199951171875,1508.4000244140625,1473.0999755859375,1500.0,593426
2026-05-26,1478.5,1478.5,1483.0,1467.0,1477.199951171875,454638
2026-05-27,1480.699951171875,1480.699951171875,1486.0,1472.4000244140625,1473.0999755859375,323780
2026-05-28,1480.699951171875,1480.699951171875,1480.699951171875,1480.699951171875,1480.699951171875,0
2026-05-29,1482.800048828125,1482.800048828125,1500.699951171875,1466.5,1474.199951171875,4438929
2026-06-01,1457.199951171875,1457.199951171875,1485.9000244140625,1450.300048828125,1482.800048828125,690657
2026-06-02,1454.5999755859375,1454.5999755859375,1463.9000244140625,1430.0,1430.0,948386
2026-06-03,1469.199951171875,1469.199951171875,1473.199951171875,1444.5,1450.0,836338
2026-06-04,1471.0999755859375,1471.0999755859375,1478.5999755859375,1457.199951171875,1457.4000244140625,646986
2026-06-05,1476.5999755859375,1476.5999755859375,1485.5,1466.300048828125,1475.0,489330
2026-06-08,1459.800048828125,1459.800048828125,1478.0,1447.5,1450.0999755859375,417045
2026-06-09,1481.800048828125,1481.800048828125,1488.800048828125,1465.0,1466.4000244140625,536175
2026-06-10,1506.5,1506.5,1535.800048828125,1482.9000244140625,1485.0,1866212
2026-06-11,1498.800048828125,1498.800048828125,1508.699951171875,1490.0,1505.699951171875,613282
2026-06-12,1535.5,1535.5,1553.9000244140625,1515.0999755859375,1518.0,1254231
